#
# A fatal error has been detected by the Java Runtime Environment:
#
#  EXCEPTION_ACCESS_VIOLATION (0xc0000005) at pc=0x00007ffd63d9d851, pid=28152, tid=23992
#
# JRE version: OpenJDK Runtime Environment (21.0.1+12) (build 21.0.1+12-29)
# Java VM: OpenJDK 64-Bit Server VM (21.0.1+12-29, mixed mode, sharing, tiered, compressed oops, compressed class ptrs, g1 gc, windows-amd64)
# Problematic frame:
# C  0x00007ffd63d9d851
#
# No core dump will be written. Minidumps are not enabled by default on client versions of Windows
#
# If you would like to submit a bug report, please visit:
#   https://bugreport.java.com/bugreport/crash.jsp
# The crash happened outside the Java Virtual Machine in native code.
# See problematic frame for where to report the bug.
#

---------------  S U M M A R Y ------------

Command Line: -Djava.library.path=C:\Users\wassi\Downloads\opencv\build\java\x64 -javaagent:C:\Program Files\JetBrains\IntelliJ IDEA 2024.2.44\lib\idea_rt.jar=57607:C:\Program Files\JetBrains\IntelliJ IDEA 2024.2.44\bin -Dfile.encoding=UTF-8 -Dsun.stdout.encoding=UTF-8 -Dsun.stderr.encoding=UTF-8 --module-path=C:\Users\wassi\.m2\repository\org\openpnp\opencv\4.5.1-2\opencv-4.5.1-2.jar;C:\Users\wassi\Downloads\opencv\build\java\opencv-451.jar;C:\Users\wassi\.m2\repository\org\openjfx\javafx-graphics\17.0.6\javafx-graphics-17.0.6-win.jar;C:\Users\wassi\.m2\repository\org\openjfx\javafx-controls\17.0.6\javafx-controls-17.0.6-win.jar;C:\Users\wassi\.m2\repository\org\kordamp\ikonli\ikonli-javafx\12.3.1\ikonli-javafx-12.3.1.jar;C:\Users\wassi\.m2\repository\org\openjfx\javafx-swing\17.0.2\javafx-swing-17.0.2-win.jar;C:\Users\wassi\.m2\repository\org\openjfx\javafx-base\17.0.6\javafx-base-17.0.6-win.jar;C:\Users\wassi\.m2\repository\org\openjfx\javafx-web\17.0.2\javafx-web-17.0.2-win.jar;C:\Users\wassi\.m2\repository\com\sun\mail\javax.mail\1.6.2\javax.mail-1.6.2.jar;C:\Users\wassi\.m2\repository\org\openjfx\javafx-media\17.0.2\javafx-media-17.0.2-win.jar;C:\Users\wassi\.m2\repository\org\json\json\20231013\json-20231013.jar;C:\Users\wassi\.m2\repository\org\kordamp\ikonli\ikonli-materialdesign-pack\12.3.1\ikonli-materialdesign-pack-12.3.1.jar;C:\Users\wassi\OneDrive\Bureau\GitJAVAFXproject\JavaFXproject\target\classes;C:\Users\wassi\.m2\repository\org\kordamp\ikonli\ikonli-core\12.3.1\ikonli-core-12.3.1.jar;C:\Users\wassi\.m2\repository\com\mysql\mysql-connector-j\8.0.33\mysql-connector-j-8.0.33.jar;C:\Users\wassi\.m2\repository\com\google\errorprone\error_prone_annotations\2.27.0\error_prone_annotations-2.27.0.jar;C:\Users\wassi\.m2\repository\org\openjfx\javafx-fxml\17.0.6\javafx-fxml-17.0.6-win.jar;C:\Users\wassi\.m2\repository\com\google\code\gson\gson\2.11.0\gson-2.11.0.jar;C:\Users\wassi\.m2\repository\org\kordamp\ikonli\ikonli-fontawesome5-pack\12.3.1\ikonli-fontawesome5-pack-12.3.1.jar;C:\Users\wassi\.m2\repository\org\mindrot\jbcrypt\0.4\jbcrypt-0.4.jar;C:\Users\wassi\.m2\repository\com\stripe\stripe-java\24.9.0\stripe-java-24.9.0.jar -Djdk.module.main=com.example.livecycle com.example.livecycle/com.example.livecycle.Main

Host: 12th Gen Intel(R) Core(TM) i5-12500H, 16 cores, 15G,  Windows 11 , 64 bit Build 26100 (10.0.26100.3323)
Time: Mon Apr 28 08:46:50 2025 W. Central Africa Standard Time elapsed time: 76.976019 seconds (0d 0h 1m 16s)

---------------  T H R E A D  ---------------

Current thread (0x00000241fe92c7d0):  JavaThread "JavaFX Application Thread"        [_thread_in_native, id=23992, stack(0x000000d1e2300000,0x000000d1e2400000) (1024K)]

Stack: [0x000000d1e2300000,0x000000d1e2400000],  sp=0x000000d1e23090e0,  free space=36k
Native frames: (J=compiled Java code, j=interpreted, Vv=VM code, C=native code)
C  0x00007ffd63d9d851

Java frames: (J=compiled Java code, j=interpreted, Vv=VM code)
j  com.sun.webkit.WebPage.twkUpdateContent(JLcom/sun/webkit/graphics/WCRenderQueue;IIII)V+0 javafx.web
j  com.sun.webkit.WebPage.updateDirty(Lcom/sun/webkit/graphics/WCRectangle;)V+220 javafx.web
j  com.sun.webkit.WebPage.updateContent(Lcom/sun/webkit/graphics/WCRectangle;)V+54 javafx.web
j  com.sun.javafx.sg.prism.web.NGWebView.update()V+72 javafx.web
J 7086 c1 javafx.scene.web.WebView.handleStagePulse()V javafx.web (75 bytes) @ 0x000002418068c78c [0x000002418068bf40+0x000000000000084c]
J 7084 c1 javafx.scene.web.WebView$$Lambda+0x00000241903e8690.pulse()V javafx.web (8 bytes) @ 0x000002418072f104 [0x000002418072f040+0x00000000000000c4]
J 9417 c2 com.sun.javafx.tk.Toolkit.firePulse()V javafx.graphics (279 bytes) @ 0x0000024187fb49d0 [0x0000024187fb2c80+0x0000000000001d50]
J 4756 c1 com.sun.javafx.tk.quantum.QuantumToolkit.pulse(Z)V javafx.graphics (152 bytes) @ 0x0000024180951094 [0x00000241809503a0+0x0000000000000cf4]
J 4752 c1 com.sun.javafx.tk.quantum.QuantumToolkit$$Lambda+0x000002419003c998.run()V javafx.graphics (8 bytes) @ 0x000002418094b0d4 [0x000002418094af80+0x0000000000000154]
J 9712 c2 com.sun.glass.ui.InvokeLaterDispatcher$Future.run()V javafx.graphics (91 bytes) @ 0x0000024187fdb43c [0x0000024187fdb3e0+0x000000000000005c]
v  ~StubRoutines::call_stub 0x000002418745100d
J 10695  com.sun.glass.ui.win.WinApplication._enterNestedEventLoopImpl()Ljava/lang/Object; javafx.graphics (0 bytes) @ 0x00000241880ac413 [0x00000241880ac3c0+0x0000000000000053]
J 10693 c1 com.sun.glass.ui.win.WinApplication._enterNestedEventLoop()Ljava/lang/Object; javafx.graphics (52 bytes) @ 0x0000024181433264 [0x00000241814330a0+0x00000000000001c4]
J 10692 c1 com.sun.glass.ui.Application.enterNestedEventLoop()Ljava/lang/Object; javafx.graphics (39 bytes) @ 0x0000024181432424 [0x00000241814322a0+0x0000000000000184]
J 10691 c1 com.sun.glass.ui.EventLoop.enter()Ljava/lang/Object; javafx.graphics (260 bytes) @ 0x000002418143607c [0x0000024181435ca0+0x00000000000003dc]
J 10688 c1 com.sun.javafx.tk.quantum.QuantumToolkit.enterNestedEventLoop(Ljava/lang/Object;)Ljava/lang/Object; javafx.graphics (112 bytes) @ 0x00000241814347d4 [0x0000024181433ee0+0x00000000000008f4]
j  javafx.stage.Stage.showAndWait()V+93 javafx.graphics
j  javafx.scene.control.HeavyweightDialog.showAndWait()V+22 javafx.controls
j  javafx.scene.control.Dialog.showAndWait()Ljava/util/Optional;+86 javafx.controls
J 10646 c1 com.example.livecycle.controllers.auth.FaceAuthController.showAlert(Ljava/lang/String;Ljava/lang/String;)V com.example.livecycle (32 bytes) @ 0x000002418140661c [0x0000024181405c20+0x00000000000009fc]
j  com.example.livecycle.controllers.auth.FaceAuthController.lambda$handleFaceLogin$12(Ljava/lang/Exception;)V+24 com.example.livecycle
j  com.example.livecycle.controllers.auth.FaceAuthController$$Lambda+0x00000241904a5290.run()V+8 com.example.livecycle
J 4862 c1 com.sun.javafx.application.PlatformImpl$$Lambda+0x0000024190087d10.run()Ljava/lang/Object; javafx.graphics (8 bytes) @ 0x000002418097b18c [0x000002418097b040+0x000000000000014c]
J 4860 c1 com.sun.javafx.application.PlatformImpl.lambda$runLater$11(Ljava/lang/Runnable;Ljava/security/AccessControlContext;)V javafx.graphics (41 bytes) @ 0x000002418097c0c4 [0x000002418097bac0+0x0000000000000604]
J 4859 c1 com.sun.javafx.application.PlatformImpl$$Lambda+0x0000024190086cc0.run()V javafx.graphics (12 bytes) @ 0x000002418097a954 [0x000002418097a8c0+0x0000000000000094]
J 9712 c2 com.sun.glass.ui.InvokeLaterDispatcher$Future.run()V javafx.graphics (91 bytes) @ 0x0000024187fdb43c [0x0000024187fdb3e0+0x000000000000005c]
v  ~StubRoutines::call_stub 0x000002418745100d
j  com.sun.glass.ui.win.WinApplication._enterNestedEventLoopImpl()Ljava/lang/Object;+0 javafx.graphics
j  com.sun.glass.ui.win.WinApplication._enterNestedEventLoop()Ljava/lang/Object;+15 javafx.graphics
j  com.sun.glass.ui.Application.enterNestedEventLoop()Ljava/lang/Object;+14 javafx.graphics
j  com.sun.glass.ui.EventLoop.enter()Ljava/lang/Object;+42 javafx.graphics
j  com.sun.javafx.tk.quantum.QuantumToolkit.enterNestedEventLoop(Ljava/lang/Object;)Ljava/lang/Object;+95 javafx.graphics
j  javafx.stage.Stage.showAndWait()V+93 javafx.graphics
j  javafx.scene.control.HeavyweightDialog.showAndWait()V+22 javafx.controls
j  javafx.scene.control.Dialog.showAndWait()Ljava/util/Optional;+86 javafx.controls
j  com.example.livecycle.controllers.auth.FaceAuthController.showAlert(Ljava/lang/String;Ljava/lang/String;)V+27 com.example.livecycle
j  com.example.livecycle.controllers.auth.FaceAuthController.lambda$handleFaceLogin$12(Ljava/lang/Exception;)V+24 com.example.livecycle
j  com.example.livecycle.controllers.auth.FaceAuthController$$Lambda+0x00000241904a5290.run()V+8 com.example.livecycle
J 4862 c1 com.sun.javafx.application.PlatformImpl$$Lambda+0x0000024190087d10.run()Ljava/lang/Object; javafx.graphics (8 bytes) @ 0x000002418097b18c [0x000002418097b040+0x000000000000014c]
J 4860 c1 com.sun.javafx.application.PlatformImpl.lambda$runLater$11(Ljava/lang/Runnable;Ljava/security/AccessControlContext;)V javafx.graphics (41 bytes) @ 0x000002418097c0c4 [0x000002418097bac0+0x0000000000000604]
J 4859 c1 com.sun.javafx.application.PlatformImpl$$Lambda+0x0000024190086cc0.run()V javafx.graphics (12 bytes) @ 0x000002418097a954 [0x000002418097a8c0+0x0000000000000094]
J 9712 c2 com.sun.glass.ui.InvokeLaterDispatcher$Future.run()V javafx.graphics (91 bytes) @ 0x0000024187fdb43c [0x0000024187fdb3e0+0x000000000000005c]
v  ~StubRoutines::call_stub 0x000002418745100d
j  com.sun.glass.ui.win.WinApplication._enterNestedEventLoopImpl()Ljava/lang/Object;+0 javafx.graphics
j  com.sun.glass.ui.win.WinApplication._enterNestedEventLoop()Ljava/lang/Object;+15 javafx.graphics
j  com.sun.glass.ui.Application.enterNestedEventLoop()Ljava/lang/Object;+14 javafx.graphics
j  com.sun.glass.ui.EventLoop.enter()Ljava/lang/Object;+42 javafx.graphics
j  com.sun.javafx.tk.quantum.QuantumToolkit.enterNestedEventLoop(Ljava/lang/Object;)Ljava/lang/Object;+95 javafx.graphics
j  javafx.stage.Stage.showAndWait()V+93 javafx.graphics
j  javafx.scene.control.HeavyweightDialog.showAndWait()V+22 javafx.controls
j  javafx.scene.control.Dialog.showAndWait()Ljava/util/Optional;+86 javafx.controls
j  com.example.livecycle.controllers.auth.FaceAuthController.showAlert(Ljava/lang/String;Ljava/lang/String;)V+27 com.example.livecycle
j  com.example.livecycle.controllers.auth.FaceAuthController.lambda$handleFaceLogin$12(Ljava/lang/Exception;)V+24 com.example.livecycle
j  com.example.livecycle.controllers.auth.FaceAuthController$$Lambda+0x00000241904a5290.run()V+8 com.example.livecycle
J 4862 c1 com.sun.javafx.application.PlatformImpl$$Lambda+0x0000024190087d10.run()Ljava/lang/Object; javafx.graphics (8 bytes) @ 0x000002418097b18c [0x000002418097b040+0x000000000000014c]
J 4860 c1 com.sun.javafx.application.PlatformImpl.lambda$runLater$11(Ljava/lang/Runnable;Ljava/security/AccessControlContext;)V javafx.graphics (41 bytes) @ 0x000002418097c0c4 [0x000002418097bac0+0x0000000000000604]
J 4859 c1 com.sun.javafx.application.PlatformImpl$$Lambda+0x0000024190086cc0.run()V javafx.graphics (12 bytes) @ 0x000002418097a954 [0x000002418097a8c0+0x0000000000000094]
J 9712 c2 com.sun.glass.ui.InvokeLaterDispatcher$Future.run()V javafx.graphics (91 bytes) @ 0x0000024187fdb43c [0x0000024187fdb3e0+0x000000000000005c]
v  ~StubRoutines::call_stub 0x000002418745100d
j  com.sun.glass.ui.win.WinApplication._enterNestedEventLoopImpl()Ljava/lang/Object;+0 javafx.graphics
j  com.sun.glass.ui.win.WinApplication._enterNestedEventLoop()Ljava/lang/Object;+15 javafx.graphics
j  com.sun.glass.ui.Application.enterNestedEventLoop()Ljava/lang/Object;+14 javafx.graphics
j  com.sun.glass.ui.EventLoop.enter()Ljava/lang/Object;+42 javafx.graphics
j  com.sun.javafx.tk.quantum.QuantumToolkit.enterNestedEventLoop(Ljava/lang/Object;)Ljava/lang/Object;+95 javafx.graphics
j  javafx.stage.Stage.showAndWait()V+93 javafx.graphics
j  javafx.scene.control.HeavyweightDialog.showAndWait()V+22 javafx.controls
j  javafx.scene.control.Dialog.showAndWait()Ljava/util/Optional;+86 javafx.controls
j  com.example.livecycle.controllers.auth.FaceAuthController.showAlert(Ljava/lang/String;Ljava/lang/String;)V+27 com.example.livecycle
j  com.example.livecycle.controllers.auth.FaceAuthController.lambda$handleFaceLogin$12(Ljava/lang/Exception;)V+24 com.example.livecycle
j  com.example.livecycle.controllers.auth.FaceAuthController$$Lambda+0x00000241904a5290.run()V+8 com.example.livecycle
J 4862 c1 com.sun.javafx.application.PlatformImpl$$Lambda+0x0000024190087d10.run()Ljava/lang/Object; javafx.graphics (8 bytes) @ 0x000002418097b18c [0x000002418097b040+0x000000000000014c]
J 4860 c1 com.sun.javafx.application.PlatformImpl.lambda$runLater$11(Ljava/lang/Runnable;Ljava/security/AccessControlContext;)V javafx.graphics (41 bytes) @ 0x000002418097c0c4 [0x000002418097bac0+0x0000000000000604]
J 4859 c1 com.sun.javafx.application.PlatformImpl$$Lambda+0x0000024190086cc0.run()V javafx.graphics (12 bytes) @ 0x000002418097a954 [0x000002418097a8c0+0x0000000000000094]
J 9712 c2 com.sun.glass.ui.InvokeLaterDispatcher$Future.run()V javafx.graphics (91 bytes) @ 0x0000024187fdb43c [0x0000024187fdb3e0+0x000000000000005c]
v  ~StubRoutines::call_stub 0x000002418745100d
j  com.sun.glass.ui.win.WinApplication._enterNestedEventLoopImpl()Ljava/lang/Object;+0 javafx.graphics
j  com.sun.glass.ui.win.WinApplication._enterNestedEventLoop()Ljava/lang/Object;+15 javafx.graphics
j  com.sun.glass.ui.Application.enterNestedEventLoop()Ljava/lang/Object;+14 javafx.graphics
j  com.sun.glass.ui.EventLoop.enter()Ljava/lang/Object;+42 javafx.graphics
j  com.sun.javafx.tk.quantum.QuantumToolkit.enterNestedEventLoop(Ljava/lang/Object;)Ljava/lang/Object;+95 javafx.graphics
j  javafx.stage.Stage.showAndWait()V+93 javafx.graphics
j  javafx.scene.control.HeavyweightDialog.showAndWait()V+22 javafx.controls
j  javafx.scene.control.Dialog.showAndWait()Ljava/util/Optional;+86 javafx.controls
j  com.example.livecycle.controllers.auth.FaceAuthController.showAlert(Ljava/lang/String;Ljava/lang/String;)V+27 com.example.livecycle
j  com.example.livecycle.controllers.auth.FaceAuthController.lambda$handleFaceLogin$12(Ljava/lang/Exception;)V+24 com.example.livecycle
j  com.example.livecycle.controllers.auth.FaceAuthController$$Lambda+0x00000241904a5290.run()V+8 com.example.livecycle
J 4862 c1 com.sun.javafx.application.PlatformImpl$$Lambda+0x0000024190087d10.run()Ljava/lang/Object; javafx.graphics (8 bytes) @ 0x000002418097b18c [0x000002418097b040+0x000000000000014c]
J 4860 c1 com.sun.javafx.application.PlatformImpl.lambda$runLater$11(Ljava/lang/Runnable;Ljava/security/AccessControlContext;)V javafx.graphics (41 bytes) @ 0x000002418097c0c4 [0x000002418097bac0+0x0000000000000604]
J 4859 c1 com.sun.javafx.application.PlatformImpl$$Lambda+0x0000024190086cc0.run()V javafx.graphics (12 bytes) @ 0x000002418097a954 [0x000002418097a8c0+0x0000000000000094]
J 9712 c2 com.sun.glass.ui.InvokeLaterDispatcher$Future.run()V javafx.graphics (91 bytes) @ 0x0000024187fdb43c [0x0000024187fdb3e0+0x000000000000005c]
v  ~StubRoutines::call_stub 0x000002418745100d
j  com.sun.glass.ui.win.WinApplication._enterNestedEventLoopImpl()Ljava/lang/Object;+0 javafx.graphics
j  com.sun.glass.ui.win.WinApplication._enterNestedEventLoop()Ljava/lang/Object;+15 javafx.graphics
j  com.sun.glass.ui.Application.enterNestedEventLoop()Ljava/lang/Object;+14 javafx.graphics
j  com.sun.glass.ui.EventLoop.enter()Ljava/lang/Object;+42 javafx.graphics
j  com.sun.javafx.tk.quantum.QuantumToolkit.enterNestedEventLoop(Ljava/lang/Object;)Ljava/lang/Object;+95 javafx.graphics
j  javafx.stage.Stage.showAndWait()V+93 javafx.graphics
j  javafx.scene.control.HeavyweightDialog.showAndWait()V+22 javafx.controls
j  javafx.scene.control.Dialog.showAndWait()Ljava/util/Optional;+86 javafx.controls
j  com.example.livecycle.controllers.auth.FaceAuthController.showAlert(Ljava/lang/String;Ljava/lang/String;)V+27 com.example.livecycle
j  com.example.livecycle.controllers.auth.FaceAuthController.lambda$handleFaceLogin$12(Ljava/lang/Exception;)V+24 com.example.livecycle
j  com.example.livecycle.controllers.auth.FaceAuthController$$Lambda+0x00000241904a5290.run()V+8 com.example.livecycle
J 4862 c1 com.sun.javafx.application.PlatformImpl$$Lambda+0x0000024190087d10.run()Ljava/lang/Object; javafx.graphics (8 bytes) @ 0x000002418097b18c [0x000002418097b040+0x000000000000014c]
J 4860 c1 com.sun.javafx.application.PlatformImpl.lambda$runLater$11(Ljava/lang/Runnable;Ljava/security/AccessControlContext;)V javafx.graphics (41 bytes) @ 0x000002418097c0c4 [0x000002418097bac0+0x0000000000000604]
J 4859 c1 com.sun.javafx.application.PlatformImpl$$Lambda+0x0000024190086cc0.run()V javafx.graphics (12 bytes) @ 0x000002418097a954 [0x000002418097a8c0+0x0000000000000094]
J 9712 c2 com.sun.glass.ui.InvokeLaterDispatcher$Future.run()V javafx.graphics (91 bytes) @ 0x0000024187fdb43c [0x0000024187fdb3e0+0x000000000000005c]
v  ~StubRoutines::call_stub 0x000002418745100d
j  com.sun.glass.ui.win.WinApplication._enterNestedEventLoopImpl()Ljava/lang/Object;+0 javafx.graphics
j  com.sun.glass.ui.win.WinApplication._enterNestedEventLoop()Ljava/lang/Object;+15 javafx.graphics
j  com.sun.glass.ui.Application.enterNestedEventLoop()Ljava/lang/Object;+14 javafx.graphics
j  com.sun.glass.ui.EventLoop.enter()Ljava/lang/Object;+42 javafx.graphics
j  com.sun.javafx.tk.quantum.QuantumToolkit.enterNestedEventLoop(Ljava/lang/Object;)Ljava/lang/Object;+95 javafx.graphics
j  javafx.stage.Stage.showAndWait()V+93 javafx.graphics
j  javafx.scene.control.HeavyweightDialog.showAndWait()V+22 javafx.controls
j  javafx.scene.control.Dialog.showAndWait()Ljava/util/Optional;+86 javafx.controls
j  com.example.livecycle.controllers.auth.FaceAuthController.showAlert(Ljava/lang/String;Ljava/lang/String;)V+27 com.example.livecycle
j  com.example.livecycle.controllers.auth.FaceAuthController.lambda$handleFaceLogin$12(Ljava/lang/Exception;)V+24 com.example.livecycle
j  com.example.livecycle.controllers.auth.FaceAuthController$$Lambda+0x00000241904a5290.run()V+8 com.example.livecycle
J 4862 c1 com.sun.javafx.application.PlatformImpl$$Lambda+0x0000024190087d10.run()Ljava/lang/Object; javafx.graphics (8 bytes) @ 0x000002418097b18c [0x000002418097b040+0x000000000000014c]
J 4860 c1 com.sun.javafx.application.PlatformImpl.lambda$runLater$11(Ljava/lang/Runnable;Ljava/security/AccessControlContext;)V javafx.graphics (41 bytes) @ 0x000002418097c0c4 [0x000002418097bac0+0x0000000000000604]
J 4859 c1 com.sun.javafx.application.PlatformImpl$$Lambda+0x0000024190086cc0.run()V javafx.graphics (12 bytes) @ 0x000002418097a954 [0x000002418097a8c0+0x0000000000000094]
J 9712 c2 com.sun.glass.ui.InvokeLaterDispatcher$Future.run()V javafx.graphics (91 bytes) @ 0x0000024187fdb43c [0x0000024187fdb3e0+0x000000000000005c]
v  ~StubRoutines::call_stub 0x000002418745100d
j  com.sun.glass.ui.win.WinApplication._enterNestedEventLoopImpl()Ljava/lang/Object;+0 javafx.graphics
j  com.sun.glass.ui.win.WinApplication._enterNestedEventLoop()Ljava/lang/Object;+15 javafx.graphics
j  com.sun.glass.ui.Application.enterNestedEventLoop()Ljava/lang/Object;+14 javafx.graphics
j  com.sun.glass.ui.EventLoop.enter()Ljava/lang/Object;+42 javafx.graphics
j  com.sun.javafx.tk.quantum.QuantumToolkit.enterNestedEventLoop(Ljava/lang/Object;)Ljava/lang/Object;+95 javafx.graphics
j  javafx.stage.Stage.showAndWait()V+93 javafx.graphics
j  javafx.scene.control.HeavyweightDialog.showAndWait()V+22 javafx.controls
j  javafx.scene.control.Dialog.showAndWait()Ljava/util/Optional;+86 javafx.controls
j  com.example.livecycle.controllers.auth.FaceAuthController.showAlert(Ljava/lang/String;Ljava/lang/String;)V+27 com.example.livecycle
j  com.example.livecycle.controllers.auth.FaceAuthController.lambda$handleFaceLogin$12(Ljava/lang/Exception;)V+24 com.example.livecycle
j  com.example.livecycle.controllers.auth.FaceAuthController$$Lambda+0x00000241904a5290.run()V+8 com.example.livecycle
J 4862 c1 com.sun.javafx.application.PlatformImpl$$Lambda+0x0000024190087d10.run()Ljava/lang/Object; javafx.graphics (8 bytes) @ 0x000002418097b18c [0x000002418097b040+0x000000000000014c]
J 4860 c1 com.sun.javafx.application.PlatformImpl.lambda$runLater$11(Ljava/lang/Runnable;Ljava/security/AccessControlContext;)V javafx.graphics (41 bytes) @ 0x000002418097c0c4 [0x000002418097bac0+0x0000000000000604]
J 4859 c1 com.sun.javafx.application.PlatformImpl$$Lambda+0x0000024190086cc0.run()V javafx.graphics (12 bytes) @ 0x000002418097a954 [0x000002418097a8c0+0x0000000000000094]
J 9712 c2 com.sun.glass.ui.InvokeLaterDispatcher$Future.run()V javafx.graphics (91 bytes) @ 0x0000024187fdb43c [0x0000024187fdb3e0+0x000000000000005c]
v  ~StubRoutines::call_stub 0x000002418745100d
j  com.sun.glass.ui.win.WinApplication._enterNestedEventLoopImpl()Ljava/lang/Object;+0 javafx.graphics
j  com.sun.glass.ui.win.WinApplication._enterNestedEventLoop()Ljava/lang/Object;+15 javafx.graphics
j  com.sun.glass.ui.Application.enterNestedEventLoop()Ljava/lang/Object;+14 javafx.graphics
j  com.sun.glass.ui.EventLoop.enter()Ljava/lang/Object;+42 javafx.graphics
j  com.sun.javafx.tk.quantum.QuantumToolkit.enterNestedEventLoop(Ljava/lang/Object;)Ljava/lang/Object;+95 javafx.graphics
j  javafx.stage.Stage.showAndWait()V+93 javafx.graphics
j  javafx.scene.control.HeavyweightDialog.showAndWait()V+22 javafx.controls
j  javafx.scene.control.Dialog.showAndWait()Ljava/util/Optional;+86 javafx.controls
j  com.example.livecycle.controllers.auth.FaceAuthController.showAlert(Ljava/lang/String;Ljava/lang/String;)V+27 com.example.livecycle
j  com.example.livecycle.controllers.auth.FaceAuthController.lambda$handleFaceLogin$12(Ljava/lang/Exception;)V+24 com.example.livecycle
j  com.example.livecycle.controllers.auth.FaceAuthController$$Lambda+0x00000241904a5290.run()V+8 com.example.livecycle
J 4862 c1 com.sun.javafx.application.PlatformImpl$$Lambda+0x0000024190087d10.run()Ljava/lang/Object; javafx.graphics (8 bytes) @ 0x000002418097b18c [0x000002418097b040+0x000000000000014c]
J 4860 c1 com.sun.javafx.application.PlatformImpl.lambda$runLater$11(Ljava/lang/Runnable;Ljava/security/AccessControlContext;)V javafx.graphics (41 bytes) @ 0x000002418097c0c4 [0x000002418097bac0+0x0000000000000604]
J 4859 c1 com.sun.javafx.application.PlatformImpl$$Lambda+0x0000024190086cc0.run()V javafx.graphics (12 bytes) @ 0x000002418097a954 [0x000002418097a8c0+0x0000000000000094]
J 9712 c2 com.sun.glass.ui.InvokeLaterDispatcher$Future.run()V javafx.graphics (91 bytes) @ 0x0000024187fdb43c [0x0000024187fdb3e0+0x000000000000005c]
v  ~StubRoutines::call_stub 0x000002418745100d
j  com.sun.glass.ui.win.WinApplication._enterNestedEventLoopImpl()Ljava/lang/Object;+0 javafx.graphics
j  com.sun.glass.ui.win.WinApplication._enterNestedEventLoop()Ljava/lang/Object;+15 javafx.graphics
j  com.sun.glass.ui.Application.enterNestedEventLoop()Ljava/lang/Object;+14 javafx.graphics
j  com.sun.glass.ui.EventLoop.enter()Ljava/lang/Object;+42 javafx.graphics
j  com.sun.javafx.tk.quantum.QuantumToolkit.enterNestedEventLoop(Ljava/lang/Object;)Ljava/lang/Object;+95 javafx.graphics
j  javafx.stage.Stage.showAndWait()V+93 javafx.graphics
j  javafx.scene.control.HeavyweightDialog.showAndWait()V+22 javafx.controls
j  javafx.scene.control.Dialog.showAndWait()Ljava/util/Optional;+86 javafx.controls
j  com.example.livecycle.controllers.auth.FaceAuthController.showAlert(Ljava/lang/String;Ljava/lang/String;)V+27 com.example.livecycle
j  com.example.livecycle.controllers.auth.FaceAuthController.lambda$handleFaceLogin$12(Ljava/lang/Exception;)V+24 com.example.livecycle
j  com.example.livecycle.controllers.auth.FaceAuthController$$Lambda+0x00000241904a5290.run()V+8 com.example.livecycle
J 4862 c1 com.sun.javafx.application.PlatformImpl$$Lambda+0x0000024190087d10.run()Ljava/lang/Object; javafx.graphics (8 bytes) @ 0x000002418097b18c [0x000002418097b040+0x000000000000014c]
J 4860 c1 com.sun.javafx.application.PlatformImpl.lambda$runLater$11(Ljava/lang/Runnable;Ljava/security/AccessControlContext;)V javafx.graphics (41 bytes) @ 0x000002418097c0c4 [0x000002418097bac0+0x0000000000000604]
J 4859 c1 com.sun.javafx.application.PlatformImpl$$Lambda+0x0000024190086cc0.run()V javafx.graphics (12 bytes) @ 0x000002418097a954 [0x000002418097a8c0+0x0000000000000094]
J 9712 c2 com.sun.glass.ui.InvokeLaterDispatcher$Future.run()V javafx.graphics (91 bytes) @ 0x0000024187fdb43c [0x0000024187fdb3e0+0x000000000000005c]
v  ~StubRoutines::call_stub 0x000002418745100d
j  com.sun.glass.ui.win.WinApplication._enterNestedEventLoopImpl()Ljava/lang/Object;+0 javafx.graphics
j  com.sun.glass.ui.win.WinApplication._enterNestedEventLoop()Ljava/lang/Object;+15 javafx.graphics
j  com.sun.glass.ui.Application.enterNestedEventLoop()Ljava/lang/Object;+14 javafx.graphics
j  com.sun.glass.ui.EventLoop.enter()Ljava/lang/Object;+42 javafx.graphics
j  com.sun.javafx.tk.quantum.QuantumToolkit.enterNestedEventLoop(Ljava/lang/Object;)Ljava/lang/Object;+95 javafx.graphics
j  javafx.stage.Stage.showAndWait()V+93 javafx.graphics
j  javafx.scene.control.HeavyweightDialog.showAndWait()V+22 javafx.controls
j  javafx.scene.control.Dialog.showAndWait()Ljava/util/Optional;+86 javafx.controls
j  com.example.livecycle.controllers.auth.FaceAuthController.showAlert(Ljava/lang/String;Ljava/lang/String;)V+27 com.example.livecycle
j  com.example.livecycle.controllers.auth.FaceAuthController.lambda$handleFaceLogin$12(Ljava/lang/Exception;)V+24 com.example.livecycle
j  com.example.livecycle.controllers.auth.FaceAuthController$$Lambda+0x00000241904a5290.run()V+8 com.example.livecycle
J 4862 c1 com.sun.javafx.application.PlatformImpl$$Lambda+0x0000024190087d10.run()Ljava/lang/Object; javafx.graphics (8 bytes) @ 0x000002418097b18c [0x000002418097b040+0x000000000000014c]
J 4860 c1 com.sun.javafx.application.PlatformImpl.lambda$runLater$11(Ljava/lang/Runnable;Ljava/security/AccessControlContext;)V javafx.graphics (41 bytes) @ 0x000002418097c0c4 [0x000002418097bac0+0x0000000000000604]
J 4859 c1 com.sun.javafx.application.PlatformImpl$$Lambda+0x0000024190086cc0.run()V javafx.graphics (12 bytes) @ 0x000002418097a954 [0x000002418097a8c0+0x0000000000000094]
J 9712 c2 com.sun.glass.ui.InvokeLaterDispatcher$Future.run()V javafx.graphics (91 bytes) @ 0x0000024187fdb43c [0x0000024187fdb3e0+0x000000000000005c]
v  ~StubRoutines::call_stub 0x000002418745100d
j  com.sun.glass.ui.win.WinApplication._enterNestedEventLoopImpl()Ljava/lang/Object;+0 javafx.graphics
j  com.sun.glass.ui.win.WinApplication._enterNestedEventLoop()Ljava/lang/Object;+15 javafx.graphics
j  com.sun.glass.ui.Application.enterNestedEventLoop()Ljava/lang/Object;+14 javafx.graphics
j  com.sun.glass.ui.EventLoop.enter()Ljava/lang/Object;+42 javafx.graphics
j  com.sun.javafx.tk.quantum.QuantumToolkit.enterNestedEventLoop(Ljava/lang/Object;)Ljava/lang/Object;+95 javafx.graphics
j  javafx.stage.Stage.showAndWait()V+93 javafx.graphics
j  javafx.scene.control.HeavyweightDialog.showAndWait()V+22 javafx.controls
j  javafx.scene.control.Dialog.showAndWait()Ljava/util/Optional;+86 javafx.controls
j  com.example.livecycle.controllers.auth.FaceAuthController.showAlert(Ljava/lang/String;Ljava/lang/String;)V+27 com.example.livecycle
j  com.example.livecycle.controllers.auth.FaceAuthController.lambda$handleFaceLogin$12(Ljava/lang/Exception;)V+24 com.example.livecycle
j  com.example.livecycle.controllers.auth.FaceAuthController$$Lambda+0x00000241904a5290.run()V+8 com.example.livecycle
J 4862 c1 com.sun.javafx.application.PlatformImpl$$Lambda+0x0000024190087d10.run()Ljava/lang/Object; javafx.graphics (8 bytes) @ 0x000002418097b18c [0x000002418097b040+0x000000000000014c]
J 4860 c1 com.sun.javafx.application.PlatformImpl.lambda$runLater$11(Ljava/lang/Runnable;Ljava/security/AccessControlContext;)V javafx.graphics (41 bytes) @ 0x000002418097c0c4 [0x000002418097bac0+0x0000000000000604]
J 4859 c1 com.sun.javafx.application.PlatformImpl$$Lambda+0x0000024190086cc0.run()V javafx.graphics (12 bytes) @ 0x000002418097a954 [0x000002418097a8c0+0x0000000000000094]
J 9712 c2 com.sun.glass.ui.InvokeLaterDispatcher$Future.run()V javafx.graphics (91 bytes) @ 0x0000024187fdb43c [0x0000024187fdb3e0+0x000000000000005c]
v  ~StubRoutines::call_stub 0x000002418745100d
j  com.sun.glass.ui.win.WinApplication._enterNestedEventLoopImpl()Ljava/lang/Object;+0 javafx.graphics
j  com.sun.glass.ui.win.WinApplication._enterNestedEventLoop()Ljava/lang/Object;+15 javafx.graphics
j  com.sun.glass.ui.Application.enterNestedEventLoop()Ljava/lang/Object;+14 javafx.graphics
j  com.sun.glass.ui.EventLoop.enter()Ljava/lang/Object;+42 javafx.graphics
j  com.sun.javafx.tk.quantum.QuantumToolkit.enterNestedEventLoop(Ljava/lang/Object;)Ljava/lang/Object;+95 javafx.graphics
j  javafx.stage.Stage.showAndWait()V+93 javafx.graphics
j  javafx.scene.control.HeavyweightDialog.showAndWait()V+22 javafx.controls
j  javafx.scene.control.Dialog.showAndWait()Ljava/util/Optional;+86 javafx.controls
j  com.example.livecycle.controllers.auth.FaceAuthController.showAlert(Ljava/lang/String;Ljava/lang/String;)V+27 com.example.livecycle
j  com.example.livecycle.controllers.auth.FaceAuthController.lambda$handleFaceLogin$12(Ljava/lang/Exception;)V+24 com.example.livecycle
j  com.example.livecycle.controllers.auth.FaceAuthController$$Lambda+0x00000241904a5290.run()V+8 com.example.livecycle
J 4862 c1 com.sun.javafx.application.PlatformImpl$$Lambda+0x0000024190087d10.run()Ljava/lang/Object; javafx.graphics (8 bytes) @ 0x000002418097b18c [0x000002418097b040+0x000000000000014c]
J 4860 c1 com.sun.javafx.application.PlatformImpl.lambda$runLater$11(Ljava/lang/Runnable;Ljava/security/AccessControlContext;)V javafx.graphics (41 bytes) @ 0x000002418097c0c4 [0x000002418097bac0+0x0000000000000604]
J 4859 c1 com.sun.javafx.application.PlatformImpl$$Lambda+0x0000024190086cc0.run()V javafx.graphics (12 bytes) @ 0x000002418097a954 [0x000002418097a8c0+0x0000000000000094]
J 9712 c2 com.sun.glass.ui.InvokeLaterDispatcher$Future.run()V javafx.graphics (91 bytes) @ 0x0000024187fdb43c [0x0000024187fdb3e0+0x000000000000005c]
v  ~StubRoutines::call_stub 0x000002418745100d
j  com.sun.glass.ui.win.WinApplication._enterNestedEventLoopImpl()Ljava/lang/Object;+0 javafx.graphics
j  com.sun.glass.ui.win.WinApplication._enterNestedEventLoop()Ljava/lang/Object;+15 javafx.graphics
j  com.sun.glass.ui.Application.enterNestedEventLoop()Ljava/lang/Object;+14 javafx.graphics
j  com.sun.glass.ui.EventLoop.enter()Ljava/lang/Object;+42 javafx.graphics
j  com.sun.javafx.tk.quantum.QuantumToolkit.enterNestedEventLoop(Ljava/lang/Object;)Ljava/lang/Object;+95 javafx.graphics
j  javafx.stage.Stage.showAndWait()V+93 javafx.graphics
j  javafx.scene.control.HeavyweightDialog.showAndWait()V+22 javafx.controls
j  javafx.scene.control.Dialog.showAndWait()Ljava/util/Optional;+86 javafx.controls
j  com.example.livecycle.controllers.auth.FaceAuthController.showAlert(Ljava/lang/String;Ljava/lang/String;)V+27 com.example.livecycle
j  com.example.livecycle.controllers.auth.FaceAuthController.lambda$handleFaceLogin$12(Ljava/lang/Exception;)V+24 com.example.livecycle
j  com.example.livecycle.controllers.auth.FaceAuthController$$Lambda+0x00000241904a5290.run()V+8 com.example.livecycle
J 4862 c1 com.sun.javafx.application.PlatformImpl$$Lambda+0x0000024190087d10.run()Ljava/lang/Object; javafx.graphics (8 bytes) @ 0x000002418097b18c [0x000002418097b040+0x000000000000014c]
J 4860 c1 com.sun.javafx.application.PlatformImpl.lambda$runLater$11(Ljava/lang/Runnable;Ljava/security/AccessControlContext;)V javafx.graphics (41 bytes) @ 0x000002418097c0c4 [0x000002418097bac0+0x0000000000000604]
J 4859 c1 com.sun.javafx.application.PlatformImpl$$Lambda+0x0000024190086cc0.run()V javafx.graphics (12 bytes) @ 0x000002418097a954 [0x000002418097a8c0+0x0000000000000094]
J 9712 c2 com.sun.glass.ui.InvokeLaterDispatcher$Future.run()V javafx.graphics (91 bytes) @ 0x0000024187fdb43c [0x0000024187fdb3e0+0x000000000000005c]
v  ~StubRoutines::call_stub 0x000002418745100d
j  com.sun.glass.ui.win.WinApplication._enterNestedEventLoopImpl()Ljava/lang/Object;+0 javafx.graphics
j  com.sun.glass.ui.win.WinApplication._enterNestedEventLoop()Ljava/lang/Object;+15 javafx.graphics
j  com.sun.glass.ui.Application.enterNestedEventLoop()Ljava/lang/Object;+14 javafx.graphics
j  com.sun.glass.ui.EventLoop.enter()Ljava/lang/Object;+42 javafx.graphics
j  com.sun.javafx.tk.quantum.QuantumToolkit.enterNestedEventLoop(Ljava/lang/Object;)Ljava/lang/Object;+95 javafx.graphics
j  javafx.stage.Stage.showAndWait()V+93 javafx.graphics
j  javafx.scene.control.HeavyweightDialog.showAndWait()V+22 javafx.controls
j  javafx.scene.control.Dialog.showAndWait()Ljava/util/Optional;+86 javafx.controls
j  com.example.livecycle.controllers.auth.FaceAuthController.showAlert(Ljava/lang/String;Ljava/lang/String;)V+27 com.example.livecycle
j  com.example.livecycle.controllers.auth.FaceAuthController.lambda$handleFaceLogin$12(Ljava/lang/Exception;)V+24 com.example.livecycle
j  com.example.livecycle.controllers.auth.FaceAuthController$$Lambda+0x00000241904a5290.run()V+8 com.example.livecycle
J 4862 c1 com.sun.javafx.application.PlatformImpl$$Lambda+0x0000024190087d10.run()Ljava/lang/Object; javafx.graphics (8 bytes) @ 0x000002418097b18c [0x000002418097b040+0x000000000000014c]
J 4860 c1 com.sun.javafx.application.PlatformImpl.lambda$runLater$11(Ljava/lang/Runnable;Ljava/security/AccessControlContext;)V javafx.graphics (41 bytes) @ 0x000002418097c0c4 [0x000002418097bac0+0x0000000000000604]
J 4859 c1 com.sun.javafx.application.PlatformImpl$$Lambda+0x0000024190086cc0.run()V javafx.graphics (12 bytes) @ 0x000002418097a954 [0x000002418097a8c0+0x0000000000000094]
J 9712 c2 com.sun.glass.ui.InvokeLaterDispatcher$Future.run()V javafx.graphics (91 bytes) @ 0x0000024187fdb43c [0x0000024187fdb3e0+0x000000000000005c]
v  ~StubRoutines::call_stub 0x000002418745100d
j  com.sun.glass.ui.win.WinApplication._enterNestedEventLoopImpl()Ljava/lang/Object;+0 javafx.graphics
j  com.sun.glass.ui.win.WinApplication._enterNestedEventLoop()Ljava/lang/Object;+15 javafx.graphics
j  com.sun.glass.ui.Application.enterNestedEventLoop()Ljava/lang/Object;+14 javafx.graphics
j  com.sun.glass.ui.EventLoop.enter()Ljava/lang/Object;+42 javafx.graphics
j  com.sun.javafx.tk.quantum.QuantumToolkit.enterNestedEventLoop(Ljava/lang/Object;)Ljava/lang/Object;+95 javafx.graphics
j  javafx.stage.Stage.showAndWait()V+93 javafx.graphics
j  javafx.scene.control.HeavyweightDialog.showAndWait()V+22 javafx.controls
j  javafx.scene.control.Dialog.showAndWait()Ljava/util/Optional;+86 javafx.controls
j  com.example.livecycle.controllers.auth.FaceAuthController.showAlert(Ljava/lang/String;Ljava/lang/String;)V+27 com.example.livecycle
j  com.example.livecycle.controllers.auth.FaceAuthController.lambda$handleFaceLogin$12(Ljava/lang/Exception;)V+24 com.example.livecycle
j  com.example.livecycle.controllers.auth.FaceAuthController$$Lambda+0x00000241904a5290.run()V+8 com.example.livecycle
J 4862 c1 com.sun.javafx.application.PlatformImpl$$Lambda+0x0000024190087d10.run()Ljava/lang/Object; javafx.graphics (8 bytes) @ 0x000002418097b18c [0x000002418097b040+0x000000000000014c]
J 4860 c1 com.sun.javafx.application.PlatformImpl.lambda$runLater$11(Ljava/lang/Runnable;Ljava/security/AccessControlContext;)V javafx.graphics (41 bytes) @ 0x000002418097c0c4 [0x000002418097bac0+0x0000000000000604]
J 4859 c1 com.sun.javafx.application.PlatformImpl$$Lambda+0x0000024190086cc0.run()V javafx.graphics (12 bytes) @ 0x000002418097a954 [0x000002418097a8c0+0x0000000000000094]
J 9712 c2 com.sun.glass.ui.InvokeLaterDispatcher$Future.run()V javafx.graphics (91 bytes) @ 0x0000024187fdb43c [0x0000024187fdb3e0+0x000000000000005c]
v  ~StubRoutines::call_stub 0x000002418745100d
j  com.sun.glass.ui.win.WinApplication._enterNestedEventLoopImpl()Ljava/lang/Object;+0 javafx.graphics
j  com.sun.glass.ui.win.WinApplication._enterNestedEventLoop()Ljava/lang/Object;+15 javafx.graphics
j  com.sun.glass.ui.Application.enterNestedEventLoop()Ljava/lang/Object;+14 javafx.graphics
j  com.sun.glass.ui.EventLoop.enter()Ljava/lang/Object;+42 javafx.graphics
j  com.sun.javafx.tk.quantum.QuantumToolkit.enterNestedEventLoop(Ljava/lang/Object;)Ljava/lang/Object;+95 javafx.graphics
j  javafx.stage.Stage.showAndWait()V+93 javafx.graphics
j  javafx.scene.control.HeavyweightDialog.showAndWait()V+22 javafx.controls
j  javafx.scene.control.Dialog.showAndWait()Ljava/util/Optional;+86 javafx.controls
j  com.example.livecycle.controllers.auth.FaceAuthController.showAlert(Ljava/lang/String;Ljava/lang/String;)V+27 com.example.livecycle
j  com.example.livecycle.controllers.auth.FaceAuthController.lambda$handleFaceLogin$12(Ljava/lang/Exception;)V+24 com.example.livecycle
j  com.example.livecycle.controllers.auth.FaceAuthController$$Lambda+0x00000241904a5290.run()V+8 com.example.livecycle
J 4862 c1 com.sun.javafx.application.PlatformImpl$$Lambda+0x0000024190087d10.run()Ljava/lang/Object; javafx.graphics (8 bytes) @ 0x000002418097b18c [0x000002418097b040+0x000000000000014c]
J 4860 c1 com.sun.javafx.application.PlatformImpl.lambda$runLater$11(Ljava/lang/Runnable;Ljava/security/AccessControlContext;)V javafx.graphics (41 bytes) @ 0x000002418097c0c4 [0x000002418097bac0+0x0000000000000604]
J 4859 c1 com.sun.javafx.application.PlatformImpl$$Lambda+0x0000024190086cc0.run()V javafx.graphics (12 bytes) @ 0x000002418097a954 [0x000002418097a8c0+0x0000000000000094]
J 9712 c2 com.sun.glass.ui.InvokeLaterDispatcher$Future.run()V javafx.graphics (91 bytes) @ 0x0000024187fdb43c [0x0000024187fdb3e0+0x000000000000005c]
v  ~StubRoutines::call_stub 0x000002418745100d
j  com.sun.glass.ui.win.WinApplication._enterNestedEventLoopImpl()Ljava/lang/Object;+0 javafx.graphics
j  com.sun.glass.ui.win.WinApplication._enterNestedEventLoop()Ljava/lang/Object;+15 javafx.graphics
j  com.sun.glass.ui.Application.enterNestedEventLoop()Ljava/lang/Object;+14 javafx.graphics
j  com.sun.glass.ui.EventLoop.enter()Ljava/lang/Object;+42 javafx.graphics
j  com.sun.javafx.tk.quantum.QuantumToolkit.enterNestedEventLoop(Ljava/lang/Object;)Ljava/lang/Object;+95 javafx.graphics
j  javafx.stage.Stage.showAndWait()V+93 javafx.graphics
j  javafx.scene.control.HeavyweightDialog.showAndWait()V+22 javafx.controls
j  javafx.scene.control.Dialog.showAndWait()Ljava/util/Optional;+86 javafx.controls
j  com.example.livecycle.controllers.auth.FaceAuthController.showAlert(Ljava/lang/String;Ljava/lang/String;)V+27 com.example.livecycle
j  com.example.livecycle.controllers.auth.FaceAuthController.lambda$handleFaceLogin$12(Ljava/lang/Exception;)V+24 com.example.livecycle
j  com.example.livecycle.controllers.auth.FaceAuthController$$Lambda+0x00000241904a5290.run()V+8 com.example.livecycle
J 4862 c1 com.sun.javafx.application.PlatformImpl$$Lambda+0x0000024190087d10.run()Ljava/lang/Object; javafx.graphics (8 bytes) @ 0x000002418097b18c [0x000002418097b040+0x000000000000014c]
J 4860 c1 com.sun.javafx.application.PlatformImpl.lambda$runLater$11(Ljava/lang/Runnable;Ljava/security/AccessControlContext;)V javafx.graphics (41 bytes) @ 0x000002418097c0c4 [0x000002418097bac0+0x0000000000000604]
J 4859 c1 com.sun.javafx.application.PlatformImpl$$Lambda+0x0000024190086cc0.run()V javafx.graphics (12 bytes) @ 0x000002418097a954 [0x000002418097a8c0+0x0000000000000094]
J 9712 c2 com.sun.glass.ui.InvokeLaterDispatcher$Future.run()V javafx.graphics (91 bytes) @ 0x0000024187fdb43c [0x0000024187fdb3e0+0x000000000000005c]
v  ~StubRoutines::call_stub 0x000002418745100d
j  com.sun.glass.ui.win.WinApplication._enterNestedEventLoopImpl()Ljava/lang/Object;+0 javafx.graphics
j  com.sun.glass.ui.win.WinApplication._enterNestedEventLoop()Ljava/lang/Object;+15 javafx.graphics
j  com.sun.glass.ui.Application.enterNestedEventLoop()Ljava/lang/Object;+14 javafx.graphics
j  com.sun.glass.ui.EventLoop.enter()Ljava/lang/Object;+42 javafx.graphics
j  com.sun.javafx.tk.quantum.QuantumToolkit.enterNestedEventLoop(Ljava/lang/Object;)Ljava/lang/Object;+95 javafx.graphics
j  javafx.stage.Stage.showAndWait()V+93 javafx.graphics
j  javafx.scene.control.HeavyweightDialog.showAndWait()V+22 javafx.controls
j  javafx.scene.control.Dialog.showAndWait()Ljava/util/Optional;+86 javafx.controls
j  com.example.livecycle.controllers.auth.FaceAuthController.showAlert(Ljava/lang/String;Ljava/lang/String;)V+27 com.example.livecycle
j  com.example.livecycle.controllers.auth.FaceAuthController.lambda$handleFaceLogin$12(Ljava/lang/Exception;)V+24 com.example.livecycle
j  com.example.livecycle.controllers.auth.FaceAuthController$$Lambda+0x00000241904a5290.run()V+8 com.example.livecycle
J 4862 c1 com.sun.javafx.application.PlatformImpl$$Lambda+0x0000024190087d10.run()Ljava/lang/Object; javafx.graphics (8 bytes) @ 0x000002418097b18c [0x000002418097b040+0x000000000000014c]
J 4860 c1 com.sun.javafx.application.PlatformImpl.lambda$runLater$11(Ljava/lang/Runnable;Ljava/security/AccessControlContext;)V javafx.graphics (41 bytes) @ 0x000002418097c0c4 [0x000002418097bac0+0x0000000000000604]
J 4859 c1 com.sun.javafx.application.PlatformImpl$$Lambda+0x0000024190086cc0.run()V javafx.graphics (12 bytes) @ 0x000002418097a954 [0x000002418097a8c0+0x0000000000000094]
J 9712 c2 com.sun.glass.ui.InvokeLaterDispatcher$Future.run()V javafx.graphics (91 bytes) @ 0x0000024187fdb43c [0x0000024187fdb3e0+0x000000000000005c]
v  ~StubRoutines::call_stub 0x000002418745100d
j  com.sun.glass.ui.win.WinApplication._enterNestedEventLoopImpl()Ljava/lang/Object;+0 javafx.graphics
j  com.sun.glass.ui.win.WinApplication._enterNestedEventLoop()Ljava/lang/Object;+15 javafx.graphics
j  com.sun.glass.ui.Application.enterNestedEventLoop()Ljava/lang/Object;+14 javafx.graphics
j  com.sun.glass.ui.EventLoop.enter()Ljava/lang/Object;+42 javafx.graphics
j  com.sun.javafx.tk.quantum.QuantumToolkit.enterNestedEventLoop(Ljava/lang/Object;)Ljava/lang/Object;+95 javafx.graphics
j  javafx.stage.Stage.showAndWait()V+93 javafx.graphics
j  javafx.scene.control.HeavyweightDialog.showAndWait()V+22 javafx.controls
j  javafx.scene.control.Dialog.showAndWait()Ljava/util/Optional;+86 javafx.controls
j  com.example.livecycle.controllers.auth.FaceAuthController.showAlert(Ljava/lang/String;Ljava/lang/String;)V+27 com.example.livecycle
j  com.example.livecycle.controllers.auth.FaceAuthController.lambda$handleFaceLogin$12(Ljava/lang/Exception;)V+24 com.example.livecycle
j  com.example.livecycle.controllers.auth.FaceAuthController$$Lambda+0x00000241904a5290.run()V+8 com.example.livecycle
J 4862 c1 com.sun.javafx.application.PlatformImpl$$Lambda+0x0000024190087d10.run()Ljava/lang/Object; javafx.graphics (8 bytes) @ 0x000002418097b18c [0x000002418097b040+0x000000000000014c]
J 4860 c1 com.sun.javafx.application.PlatformImpl.lambda$runLater$11(Ljava/lang/Runnable;Ljava/security/AccessControlContext;)V javafx.graphics (41 bytes) @ 0x000002418097c0c4 [0x000002418097bac0+0x0000000000000604]
J 4859 c1 com.sun.javafx.application.PlatformImpl$$Lambda+0x0000024190086cc0.run()V javafx.graphics (12 bytes) @ 0x000002418097a954 [0x000002418097a8c0+0x0000000000000094]
J 9712 c2 com.sun.glass.ui.InvokeLaterDispatcher$Future.run()V javafx.graphics (91 bytes) @ 0x0000024187fdb43c [0x0000024187fdb3e0+0x000000000000005c]
v  ~StubRoutines::call_stub 0x000002418745100d
j  com.sun.glass.ui.win.WinApplication._enterNestedEventLoopImpl()Ljava/lang/Object;+0 javafx.graphics
j  com.sun.glass.ui.win.WinApplication._enterNestedEventLoop()Ljava/lang/Object;+15 javafx.graphics
j  com.sun.glass.ui.Application.enterNestedEventLoop()Ljava/lang/Object;+14 javafx.graphics
j  com.sun.glass.ui.EventLoop.enter()Ljava/lang/Object;+42 javafx.graphics
j  com.sun.javafx.tk.quantum.QuantumToolkit.enterNestedEventLoop(Ljava/lang/Object;)Ljava/lang/Object;+95 javafx.graphics
j  javafx.stage.Stage.showAndWait()V+93 javafx.graphics
j  javafx.scene.control.HeavyweightDialog.showAndWait()V+22 javafx.controls
j  javafx.scene.control.Dialog.showAndWait()Ljava/util/Optional;+86 javafx.controls
j  com.example.livecycle.controllers.auth.FaceAuthController.showAlert(Ljava/lang/String;Ljava/lang/String;)V+27 com.example.livecycle
j  com.example.livecycle.controllers.auth.FaceAuthController.lambda$handleFaceLogin$12(Ljava/lang/Exception;)V+24 com.example.livecycle
j  com.example.livecycle.controllers.auth.FaceAuthController$$Lambda+0x00000241904a5290.run()V+8 com.example.livecycle
J 4862 c1 com.sun.javafx.application.PlatformImpl$$Lambda+0x0000024190087d10.run()Ljava/lang/Object; javafx.graphics (8 bytes) @ 0x000002418097b18c [0x000002418097b040+0x000000000000014c]
J 4860 c1 com.sun.javafx.application.PlatformImpl.lambda$runLater$11(Ljava/lang/Runnable;Ljava/security/AccessControlContext;)V javafx.graphics (41 bytes) @ 0x000002418097c0c4 [0x000002418097bac0+0x0000000000000604]
J 4859 c1 com.sun.javafx.application.PlatformImpl$$Lambda+0x0000024190086cc0.run()V javafx.graphics (12 bytes) @ 0x000002418097a954 [0x000002418097a8c0+0x0000000000000094]
J 9712 c2 com.sun.glass.ui.InvokeLaterDispatcher$Future.run()V javafx.graphics (91 bytes) @ 0x0000024187fdb43c [0x0000024187fdb3e0+0x000000000000005c]
v  ~StubRoutines::call_stub 0x000002418745100d
j  com.sun.glass.ui.win.WinApplication._enterNestedEventLoopImpl()Ljava/lang/Object;+0 javafx.graphics
j  com.sun.glass.ui.win.WinApplication._enterNestedEventLoop()Ljava/lang/Object;+15 javafx.graphics
j  com.sun.glass.ui.Application.enterNestedEventLoop()Ljava/lang/Object;+14 javafx.graphics
j  com.sun.glass.ui.EventLoop.enter()Ljava/lang/Object;+42 javafx.graphics
j  com.sun.javafx.tk.quantum.QuantumToolkit.enterNestedEventLoop(Ljava/lang/Object;)Ljava/lang/Object;+95 javafx.graphics
j  javafx.stage.Stage.showAndWait()V+93 javafx.graphics
j  javafx.scene.control.HeavyweightDialog.showAndWait()V+22 javafx.controls
j  javafx.scene.control.Dialog.showAndWait()Ljava/util/Optional;+86 javafx.controls
j  com.example.livecycle.controllers.auth.FaceAuthController.showAlert(Ljava/lang/String;Ljava/lang/String;)V+27 com.example.livecycle
j  com.example.livecycle.controllers.auth.FaceAuthController.lambda$handleFaceLogin$12(Ljava/lang/Exception;)V+24 com.example.livecycle
j  com.example.livecycle.controllers.auth.FaceAuthController$$Lambda+0x00000241904a5290.run()V+8 com.example.livecycle
J 4862 c1 com.sun.javafx.application.PlatformImpl$$Lambda+0x0000024190087d10.run()Ljava/lang/Object; javafx.graphics (8 bytes) @ 0x000002418097b18c [0x000002418097b040+0x000000000000014c]
J 4860 c1 com.sun.javafx.application.PlatformImpl.lambda$runLater$11(Ljava/lang/Runnable;Ljava/security/AccessControlContext;)V javafx.graphics (41 bytes) @ 0x000002418097c0c4 [0x000002418097bac0+0x0000000000000604]
J 4859 c1 com.sun.javafx.application.PlatformImpl$$Lambda+0x0000024190086cc0.run()V javafx.graphics (12 bytes) @ 0x000002418097a954 [0x000002418097a8c0+0x0000000000000094]
J 9712 c2 com.sun.glass.ui.InvokeLaterDispatcher$Future.run()V javafx.graphics (91 bytes) @ 0x0000024187fdb43c [0x0000024187fdb3e0+0x000000000000005c]
v  ~StubRoutines::call_stub 0x000002418745100d
j  com.sun.glass.ui.win.WinApplication._enterNestedEventLoopImpl()Ljava/lang/Object;+0 javafx.graphics
j  com.sun.glass.ui.win.WinApplication._enterNestedEventLoop()Ljava/lang/Object;+15 javafx.graphics
j  com.sun.glass.ui.Application.enterNestedEventLoop()Ljava/lang/Object;+14 javafx.graphics
j  com.sun.glass.ui.EventLoop.enter()Ljava/lang/Object;+42 javafx.graphics
j  com.sun.javafx.tk.quantum.QuantumToolkit.enterNestedEventLoop(Ljava/lang/Object;)Ljava/lang/Object;+95 javafx.graphics
j  javafx.stage.Stage.showAndWait()V+93 javafx.graphics
j  javafx.scene.control.HeavyweightDialog.showAndWait()V+22 javafx.controls
j  javafx.scene.control.Dialog.showAndWait()Ljava/util/Optional;+86 javafx.controls
j  com.example.livecycle.controllers.auth.FaceAuthController.showAlert(Ljava/lang/String;Ljava/lang/String;)V+27 com.example.livecycle
j  com.example.livecycle.controllers.auth.FaceAuthController.lambda$handleFaceLogin$12(Ljava/lang/Exception;)V+24 com.example.livecycle
j  com.example.livecycle.controllers.auth.FaceAuthController$$Lambda+0x00000241904a5290.run()V+8 com.example.livecycle
J 4862 c1 com.sun.javafx.application.PlatformImpl$$Lambda+0x0000024190087d10.run()Ljava/lang/Object; javafx.graphics (8 bytes) @ 0x000002418097b18c [0x000002418097b040+0x000000000000014c]
J 4860 c1 com.sun.javafx.application.PlatformImpl.lambda$runLater$11(Ljava/lang/Runnable;Ljava/security/AccessControlContext;)V javafx.graphics (41 bytes) @ 0x000002418097c0c4 [0x000002418097bac0+0x0000000000000604]
J 4859 c1 com.sun.javafx.application.PlatformImpl$$Lambda+0x0000024190086cc0.run()V javafx.graphics (12 bytes) @ 0x000002418097a954 [0x000002418097a8c0+0x0000000000000094]
J 9712 c2 com.sun.glass.ui.InvokeLaterDispatcher$Future.run()V javafx.graphics (91 bytes) @ 0x0000024187fdb43c [0x0000024187fdb3e0+0x000000000000005c]
v  ~StubRoutines::call_stub 0x000002418745100d
j  com.sun.glass.ui.win.WinApplication._enterNestedEventLoopImpl()Ljava/lang/Object;+0 javafx.graphics
j  com.sun.glass.ui.win.WinApplication._enterNestedEventLoop()Ljava/lang/Object;+15 javafx.graphics
j  com.sun.glass.ui.Application.enterNestedEventLoop()Ljava/lang/Object;+14 javafx.graphics
j  com.sun.glass.ui.EventLoop.enter()Ljava/lang/Object;+42 javafx.graphics
j  com.sun.javafx.tk.quantum.QuantumToolkit.enterNestedEventLoop(Ljava/lang/Object;)Ljava/lang/Object;+95 javafx.graphics
j  javafx.stage.Stage.showAndWait()V+93 javafx.graphics
j  javafx.scene.control.HeavyweightDialog.showAndWait()V+22 javafx.controls
j  javafx.scene.control.Dialog.showAndWait()Ljava/util/Optional;+86 javafx.controls
j  com.example.livecycle.controllers.auth.FaceAuthController.showAlert(Ljava/lang/String;Ljava/lang/String;)V+27 com.example.livecycle
j  com.example.livecycle.controllers.auth.FaceAuthController.lambda$handleFaceLogin$12(Ljava/lang/Exception;)V+24 com.example.livecycle
j  com.example.livecycle.controllers.auth.FaceAuthController$$Lambda+0x00000241904a5290.run()V+8 com.example.livecycle
J 4862 c1 com.sun.javafx.application.PlatformImpl$$Lambda+0x0000024190087d10.run()Ljava/lang/Object; javafx.graphics (8 bytes) @ 0x000002418097b18c [0x000002418097b040+0x000000000000014c]
J 4860 c1 com.sun.javafx.application.PlatformImpl.lambda$runLater$11(Ljava/lang/Runnable;Ljava/security/AccessControlContext;)V javafx.graphics (41 bytes) @ 0x000002418097c0c4 [0x000002418097bac0+0x0000000000000604]
J 4859 c1 com.sun.javafx.application.PlatformImpl$$Lambda+0x0000024190086cc0.run()V javafx.graphics (12 bytes) @ 0x000002418097a954 [0x000002418097a8c0+0x0000000000000094]
J 9712 c2 com.sun.glass.ui.InvokeLaterDispatcher$Future.run()V javafx.graphics (91 bytes) @ 0x0000024187fdb43c [0x0000024187fdb3e0+0x000000000000005c]
v  ~StubRoutines::call_stub 0x000002418745100d
j  com.sun.glass.ui.win.WinApplication._enterNestedEventLoopImpl()Ljava/lang/Object;+0 javafx.graphics
j  com.sun.glass.ui.win.WinApplication._enterNestedEventLoop()Ljava/lang/Object;+15 javafx.graphics
j  com.sun.glass.ui.Application.enterNestedEventLoop()Ljava/lang/Object;+14 javafx.graphics
j  com.sun.glass.ui.EventLoop.enter()Ljava/lang/Object;+42 javafx.graphics
j  com.sun.javafx.tk.quantum.QuantumToolkit.enterNestedEventLoop(Ljava/lang/Object;)Ljava/lang/Object;+95 javafx.graphics
j  javafx.stage.Stage.showAndWait()V+93 javafx.graphics
j  javafx.scene.control.HeavyweightDialog.showAndWait()V+22 javafx.controls
j  javafx.scene.control.Dialog.showAndWait()Ljava/util/Optional;+86 javafx.controls
j  com.example.livecycle.controllers.auth.FaceAuthController.showAlert(Ljava/lang/String;Ljava/lang/String;)V+27 com.example.livecycle
j  com.example.livecycle.controllers.auth.FaceAuthController.lambda$handleFaceLogin$12(Ljava/lang/Exception;)V+24 com.example.livecycle
j  com.example.livecycle.controllers.auth.FaceAuthController$$Lambda+0x00000241904a5290.run()V+8 com.example.livecycle
J 4862 c1 com.sun.javafx.application.PlatformImpl$$Lambda+0x0000024190087d10.run()Ljava/lang/Object; javafx.graphics (8 bytes) @ 0x000002418097b18c [0x000002418097b040+0x000000000000014c]
J 4860 c1 com.sun.javafx.application.PlatformImpl.lambda$runLater$11(Ljava/lang/Runnable;Ljava/security/AccessControlContext;)V javafx.graphics (41 bytes) @ 0x000002418097c0c4 [0x000002418097bac0+0x0000000000000604]
J 4859 c1 com.sun.javafx.application.PlatformImpl$$Lambda+0x0000024190086cc0.run()V javafx.graphics (12 bytes) @ 0x000002418097a954 [0x000002418097a8c0+0x0000000000000094]
J 9712 c2 com.sun.glass.ui.InvokeLaterDispatcher$Future.run()V javafx.graphics (91 bytes) @ 0x0000024187fdb43c [0x0000024187fdb3e0+0x000000000000005c]
v  ~StubRoutines::call_stub 0x000002418745100d
j  com.sun.glass.ui.win.WinApplication._enterNestedEventLoopImpl()Ljava/lang/Object;+0 javafx.graphics
j  com.sun.glass.ui.win.WinApplication._enterNestedEventLoop()Ljava/lang/Object;+15 javafx.graphics
j  com.sun.glass.ui.Application.enterNestedEventLoop()Ljava/lang/Object;+14 javafx.graphics
j  com.sun.glass.ui.EventLoop.enter()Ljava/lang/Object;+42 javafx.graphics
j  com.sun.javafx.tk.quantum.QuantumToolkit.enterNestedEventLoop(Ljava/lang/Object;)Ljava/lang/Object;+95 javafx.graphics
j  javafx.stage.Stage.showAndWait()V+93 javafx.graphics
j  javafx.scene.control.HeavyweightDialog.showAndWait()V+22 javafx.controls
j  javafx.scene.control.Dialog.showAndWait()Ljava/util/Optional;+86 javafx.controls
j  com.example.livecycle.controllers.auth.FaceAuthController.showAlert(Ljava/lang/String;Ljava/lang/String;)V+27 com.example.livecycle
j  com.example.livecycle.controllers.auth.FaceAuthController.lambda$handleFaceLogin$12(Ljava/lang/Exception;)V+24 com.example.livecycle
j  com.example.livecycle.controllers.auth.FaceAuthController$$Lambda+0x00000241904a5290.run()V+8 com.example.livecycle
J 4862 c1 com.sun.javafx.application.PlatformImpl$$Lambda+0x0000024190087d10.run()Ljava/lang/Object; javafx.graphics (8 bytes) @ 0x000002418097b18c [0x000002418097b040+0x000000000000014c]
J 4860 c1 com.sun.javafx.application.PlatformImpl.lambda$runLater$11(Ljava/lang/Runnable;Ljava/security/AccessControlContext;)V javafx.graphics (41 bytes) @ 0x000002418097c0c4 [0x000002418097bac0+0x0000000000000604]
J 4859 c1 com.sun.javafx.application.PlatformImpl$$Lambda+0x0000024190086cc0.run()V javafx.graphics (12 bytes) @ 0x000002418097a954 [0x000002418097a8c0+0x0000000000000094]
J 9712 c2 com.sun.glass.ui.InvokeLaterDispatcher$Future.run()V javafx.graphics (91 bytes) @ 0x0000024187fdb43c [0x0000024187fdb3e0+0x000000000000005c]
v  ~StubRoutines::call_stub 0x000002418745100d
j  com.sun.glass.ui.win.WinApplication._enterNestedEventLoopImpl()Ljava/lang/Object;+0 javafx.graphics
j  com.sun.glass.ui.win.WinApplication._enterNestedEventLoop()Ljava/lang/Object;+15 javafx.graphics
j  com.sun.glass.ui.Application.enterNestedEventLoop()Ljava/lang/Object;+14 javafx.graphics
j  com.sun.glass.ui.EventLoop.enter()Ljava/lang/Object;+42 javafx.graphics
j  com.sun.javafx.tk.quantum.QuantumToolkit.enterNestedEventLoop(Ljava/lang/Object;)Ljava/lang/Object;+95 javafx.graphics
j  javafx.stage.Stage.showAndWait()V+93 javafx.graphics
j  javafx.scene.control.HeavyweightDialog.showAndWait()V+22 javafx.controls
j  javafx.scene.control.Dialog.showAndWait()Ljava/util/Optional;+86 javafx.controls
j  com.example.livecycle.controllers.auth.FaceAuthController.showAlert(Ljava/lang/String;Ljava/lang/String;)V+27 com.example.livecycle
j  com.example.livecycle.controllers.auth.FaceAuthController.lambda$handleFaceLogin$12(Ljava/lang/Exception;)V+24 com.example.livecycle
j  com.example.livecycle.controllers.auth.FaceAuthController$$Lambda+0x00000241904a5290.run()V+8 com.example.livecycle
J 4862 c1 com.sun.javafx.application.PlatformImpl$$Lambda+0x0000024190087d10.run()Ljava/lang/Object; javafx.graphics (8 bytes) @ 0x000002418097b18c [0x000002418097b040+0x000000000000014c]
J 4860 c1 com.sun.javafx.application.PlatformImpl.lambda$runLater$11(Ljava/lang/Runnable;Ljava/security/AccessControlContext;)V javafx.graphics (41 bytes) @ 0x000002418097c0c4 [0x000002418097bac0+0x0000000000000604]
J 4859 c1 com.sun.javafx.application.PlatformImpl$$Lambda+0x0000024190086cc0.run()V javafx.graphics (12 bytes) @ 0x000002418097a954 [0x000002418097a8c0+0x0000000000000094]
J 9712 c2 com.sun.glass.ui.InvokeLaterDispatcher$Future.run()V javafx.graphics (91 bytes) @ 0x0000024187fdb43c [0x0000024187fdb3e0+0x000000000000005c]
v  ~StubRoutines::call_stub 0x000002418745100d
j  com.sun.glass.ui.win.WinApplication._enterNestedEventLoopImpl()Ljava/lang/Object;+0 javafx.graphics
j  com.sun.glass.ui.win.WinApplication._enterNestedEventLoop()Ljava/lang/Object;+15 javafx.graphics
j  com.sun.glass.ui.Application.enterNestedEventLoop()Ljava/lang/Object;+14 javafx.graphics
j  com.sun.glass.ui.EventLoop.enter()Ljava/lang/Object;+42 javafx.graphics
j  com.sun.javafx.tk.quantum.QuantumToolkit.enterNestedEventLoop(Ljava/lang/Object;)Ljava/lang/Object;+95 javafx.graphics
j  javafx.stage.Stage.showAndWait()V+93 javafx.graphics
j  javafx.scene.control.HeavyweightDialog.showAndWait()V+22 javafx.controls
j  javafx.scene.control.Dialog.showAndWait()Ljava/util/Optional;+86 javafx.controls
j  com.example.livecycle.controllers.auth.FaceAuthController.showAlert(Ljava/lang/String;Ljava/lang/String;)V+27 com.example.livecycle
j  com.example.livecycle.controllers.auth.FaceAuthController.lambda$handleFaceLogin$12(Ljava/lang/Exception;)V+24 com.example.livecycle
j  com.example.livecycle.controllers.auth.FaceAuthController$$Lambda+0x00000241904a5290.run()V+8 com.example.livecycle
J 4862 c1 com.sun.javafx.application.PlatformImpl$$Lambda+0x0000024190087d10.run()Ljava/lang/Object; javafx.graphics (8 bytes) @ 0x000002418097b18c [0x000002418097b040+0x000000000000014c]
J 4860 c1 com.sun.javafx.application.PlatformImpl.lambda$runLater$11(Ljava/lang/Runnable;Ljava/security/AccessControlContext;)V javafx.graphics (41 bytes) @ 0x000002418097c0c4 [0x000002418097bac0+0x0000000000000604]
J 4859 c1 com.sun.javafx.application.PlatformImpl$$Lambda+0x0000024190086cc0.run()V javafx.graphics (12 bytes) @ 0x000002418097a954 [0x000002418097a8c0+0x0000000000000094]
J 9712 c2 com.sun.glass.ui.InvokeLaterDispatcher$Future.run()V javafx.graphics (91 bytes) @ 0x0000024187fdb43c [0x0000024187fdb3e0+0x000000000000005c]
v  ~StubRoutines::call_stub 0x000002418745100d
j  com.sun.glass.ui.win.WinApplication._enterNestedEventLoopImpl()Ljava/lang/Object;+0 javafx.graphics
j  com.sun.glass.ui.win.WinApplication._enterNestedEventLoop()Ljava/lang/Object;+15 javafx.graphics
j  com.sun.glass.ui.Application.enterNestedEventLoop()Ljava/lang/Object;+14 javafx.graphics
j  com.sun.glass.ui.EventLoop.enter()Ljava/lang/Object;+42 javafx.graphics
j  com.sun.javafx.tk.quantum.QuantumToolkit.enterNestedEventLoop(Ljava/lang/Object;)Ljava/lang/Object;+95 javafx.graphics
j  javafx.stage.Stage.showAndWait()V+93 javafx.graphics
j  javafx.scene.control.HeavyweightDialog.showAndWait()V+22 javafx.controls
j  javafx.scene.control.Dialog.showAndWait()Ljava/util/Optional;+86 javafx.controls
j  com.example.livecycle.controllers.auth.FaceAuthController.showAlert(Ljava/lang/String;Ljava/lang/String;)V+27 com.example.livecycle
j  com.example.livecycle.controllers.auth.FaceAuthController.lambda$handleFaceLogin$12(Ljava/lang/Exception;)V+24 com.example.livecycle
j  com.example.livecycle.controllers.auth.FaceAuthController$$Lambda+0x00000241904a5290.run()V+8 com.example.livecycle
J 4862 c1 com.sun.javafx.application.PlatformImpl$$Lambda+0x0000024190087d10.run()Ljava/lang/Object; javafx.graphics (8 bytes) @ 0x000002418097b18c [0x000002418097b040+0x000000000000014c]
J 4860 c1 com.sun.javafx.application.PlatformImpl.lambda$runLater$11(Ljava/lang/Runnable;Ljava/security/AccessControlContext;)V javafx.graphics (41 bytes) @ 0x000002418097c0c4 [0x000002418097bac0+0x0000000000000604]
J 4859 c1 com.sun.javafx.application.PlatformImpl$$Lambda+0x0000024190086cc0.run()V javafx.graphics (12 bytes) @ 0x000002418097a954 [0x000002418097a8c0+0x0000000000000094]
J 9712 c2 com.sun.glass.ui.InvokeLaterDispatcher$Future.run()V javafx.graphics (91 bytes) @ 0x0000024187fdb43c [0x0000024187fdb3e0+0x000000000000005c]
v  ~StubRoutines::call_stub 0x000002418745100d
j  com.sun.glass.ui.win.WinApplication._enterNestedEventLoopImpl()Ljava/lang/Object;+0 javafx.graphics
j  com.sun.glass.ui.win.WinApplication._enterNestedEventLoop()Ljava/lang/Object;+15 javafx.graphics
j  com.sun.glass.ui.Application.enterNestedEventLoop()Ljava/lang/Object;+14 javafx.graphics
j  com.sun.glass.ui.EventLoop.enter()Ljava/lang/Object;+42 javafx.graphics
j  com.sun.javafx.tk.quantum.QuantumToolkit.enterNestedEventLoop(Ljava/lang/Object;)Ljava/lang/Object;+95 javafx.graphics
j  javafx.stage.Stage.showAndWait()V+93 javafx.graphics
j  javafx.scene.control.HeavyweightDialog.showAndWait()V+22 javafx.controls
j  javafx.scene.control.Dialog.showAndWait()Ljava/util/Optional;+86 javafx.controls
j  com.example.livecycle.controllers.auth.FaceAuthController.showAlert(Ljava/lang/String;Ljava/lang/String;)V+27 com.example.livecycle
j  com.example.livecycle.controllers.auth.FaceAuthController.lambda$handleFaceLogin$12(Ljava/lang/Exception;)V+24 com.example.livecycle
j  com.example.livecycle.controllers.auth.FaceAuthController$$Lambda+0x00000241904a5290.run()V+8 com.example.livecycle
J 4862 c1 com.sun.javafx.application.PlatformImpl$$Lambda+0x0000024190087d10.run()Ljava/lang/Object; javafx.graphics (8 bytes) @ 0x000002418097b18c [0x000002418097b040+0x000000000000014c]
J 4860 c1 com.sun.javafx.application.PlatformImpl.lambda$runLater$11(Ljava/lang/Runnable;Ljava/security/AccessControlContext;)V javafx.graphics (41 bytes) @ 0x000002418097c0c4 [0x000002418097bac0+0x0000000000000604]
J 4859 c1 com.sun.javafx.application.PlatformImpl$$Lambda+0x0000024190086cc0.run()V javafx.graphics (12 bytes) @ 0x000002418097a954 [0x000002418097a8c0+0x0000000000000094]
J 9712 c2 com.sun.glass.ui.InvokeLaterDispatcher$Future.run()V javafx.graphics (91 bytes) @ 0x0000024187fdb43c [0x0000024187fdb3e0+0x000000000000005c]
v  ~StubRoutines::call_stub 0x000002418745100d
j  com.sun.glass.ui.win.WinApplication._enterNestedEventLoopImpl()Ljava/lang/Object;+0 javafx.graphics
j  com.sun.glass.ui.win.WinApplication._enterNestedEventLoop()Ljava/lang/Object;+15 javafx.graphics
j  com.sun.glass.ui.Application.enterNestedEventLoop()Ljava/lang/Object;+14 javafx.graphics
j  com.sun.glass.ui.EventLoop.enter()Ljava/lang/Object;+42 javafx.graphics
j  com.sun.javafx.tk.quantum.QuantumToolkit.enterNestedEventLoop(Ljava/lang/Object;)Ljava/lang/Object;+95 javafx.graphics
j  javafx.stage.Stage.showAndWait()V+93 javafx.graphics
j  javafx.scene.control.HeavyweightDialog.showAndWait()V+22 javafx.controls
j  javafx.scene.control.Dialog.showAndWait()Ljava/util/Optional;+86 javafx.controls
j  com.example.livecycle.controllers.auth.FaceAuthController.showAlert(Ljava/lang/String;Ljava/lang/String;)V+27 com.example.livecycle
j  com.example.livecycle.controllers.auth.FaceAuthController.lambda$handleFaceLogin$12(Ljava/lang/Exception;)V+24 com.example.livecycle
j  com.example.livecycle.controllers.auth.FaceAuthController$$Lambda+0x00000241904a5290.run()V+8 com.example.livecycle
J 4862 c1 com.sun.javafx.application.PlatformImpl$$Lambda+0x0000024190087d10.run()Ljava/lang/Object; javafx.graphics (8 bytes) @ 0x000002418097b18c [0x000002418097b040+0x000000000000014c]
J 4860 c1 com.sun.javafx.application.PlatformImpl.lambda$runLater$11(Ljava/lang/Runnable;Ljava/security/AccessControlContext;)V javafx.graphics (41 bytes) @ 0x000002418097c0c4 [0x000002418097bac0+0x0000000000000604]
J 4859 c1 com.sun.javafx.application.PlatformImpl$$Lambda+0x0000024190086cc0.run()V javafx.graphics (12 bytes) @ 0x000002418097a954 [0x000002418097a8c0+0x0000000000000094]
J 9712 c2 com.sun.glass.ui.InvokeLaterDispatcher$Future.run()V javafx.graphics (91 bytes) @ 0x0000024187fdb43c [0x0000024187fdb3e0+0x000000000000005c]
v  ~StubRoutines::call_stub 0x000002418745100d
j  com.sun.glass.ui.win.WinApplication._enterNestedEventLoopImpl()Ljava/lang/Object;+0 javafx.graphics
j  com.sun.glass.ui.win.WinApplication._enterNestedEventLoop()Ljava/lang/Object;+15 javafx.graphics
j  com.sun.glass.ui.Application.enterNestedEventLoop()Ljava/lang/Object;+14 javafx.graphics
j  com.sun.glass.ui.EventLoop.enter()Ljava/lang/Object;+42 javafx.graphics
j  com.sun.javafx.tk.quantum.QuantumToolkit.enterNestedEventLoop(Ljava/lang/Object;)Ljava/lang/Object;+95 javafx.graphics
j  javafx.stage.Stage.showAndWait()V+93 javafx.graphics
j  javafx.scene.control.HeavyweightDialog.showAndWait()V+22 javafx.controls
j  javafx.scene.control.Dialog.showAndWait()Ljava/util/Optional;+86 javafx.controls
j  com.example.livecycle.controllers.auth.FaceAuthController.showAlert(Ljava/lang/String;Ljava/lang/String;)V+27 com.example.livecycle
j  com.example.livecycle.controllers.auth.FaceAuthController.lambda$handleFaceLogin$12(Ljava/lang/Exception;)V+24 com.example.livecycle
j  com.example.livecycle.controllers.auth.FaceAuthController$$Lambda+0x00000241904a5290.run()V+8 com.example.livecycle
J 4862 c1 com.sun.javafx.application.PlatformImpl$$Lambda+0x0000024190087d10.run()Ljava/lang/Object; javafx.graphics (8 bytes) @ 0x000002418097b18c [0x000002418097b040+0x000000000000014c]
J 4860 c1 com.sun.javafx.application.PlatformImpl.lambda$runLater$11(Ljava/lang/Runnable;Ljava/security/AccessControlContext;)V javafx.graphics (41 bytes) @ 0x000002418097c0c4 [0x000002418097bac0+0x0000000000000604]
J 4859 c1 com.sun.javafx.application.PlatformImpl$$Lambda+0x0000024190086cc0.run()V javafx.graphics (12 bytes) @ 0x000002418097a954 [0x000002418097a8c0+0x0000000000000094]
J 9712 c2 com.sun.glass.ui.InvokeLaterDispatcher$Future.run()V javafx.graphics (91 bytes) @ 0x0000024187fdb43c [0x0000024187fdb3e0+0x000000000000005c]
v  ~StubRoutines::call_stub 0x000002418745100d
j  com.sun.glass.ui.win.WinApplication._enterNestedEventLoopImpl()Ljava/lang/Object;+0 javafx.graphics
j  com.sun.glass.ui.win.WinApplication._enterNestedEventLoop()Ljava/lang/Object;+15 javafx.graphics
j  com.sun.glass.ui.Application.enterNestedEventLoop()Ljava/lang/Object;+14 javafx.graphics
j  com.sun.glass.ui.EventLoop.enter()Ljava/lang/Object;+42 javafx.graphics
j  com.sun.javafx.tk.quantum.QuantumToolkit.enterNestedEventLoop(Ljava/lang/Object;)Ljava/lang/Object;+95 javafx.graphics
j  javafx.stage.Stage.showAndWait()V+93 javafx.graphics
j  javafx.scene.control.HeavyweightDialog.showAndWait()V+22 javafx.controls
j  javafx.scene.control.Dialog.showAndWait()Ljava/util/Optional;+86 javafx.controls
j  com.example.livecycle.controllers.auth.FaceAuthController.showAlert(Ljava/lang/String;Ljava/lang/String;)V+27 com.example.livecycle
j  com.example.livecycle.controllers.auth.FaceAuthController.lambda$handleFaceLogin$12(Ljava/lang/Exception;)V+24 com.example.livecycle
j  com.example.livecycle.controllers.auth.FaceAuthController$$Lambda+0x00000241904a5290.run()V+8 com.example.livecycle
J 4862 c1 com.sun.javafx.application.PlatformImpl$$Lambda+0x0000024190087d10.run()Ljava/lang/Object; javafx.graphics (8 bytes) @ 0x000002418097b18c [0x000002418097b040+0x000000000000014c]
J 4860 c1 com.sun.javafx.application.PlatformImpl.lambda$runLater$11(Ljava/lang/Runnable;Ljava/security/AccessControlContext;)V javafx.graphics (41 bytes) @ 0x000002418097c0c4 [0x000002418097bac0+0x0000000000000604]
J 4859 c1 com.sun.javafx.application.PlatformImpl$$Lambda+0x0000024190086cc0.run()V javafx.graphics (12 bytes) @ 0x000002418097a954 [0x000002418097a8c0+0x0000000000000094]
J 9712 c2 com.sun.glass.ui.InvokeLaterDispatcher$Future.run()V javafx.graphics (91 bytes) @ 0x0000024187fdb43c [0x0000024187fdb3e0+0x000000000000005c]
v  ~StubRoutines::call_stub 0x000002418745100d
j  com.sun.glass.ui.win.WinApplication._enterNestedEventLoopImpl()Ljava/lang/Object;+0 javafx.graphics
j  com.sun.glass.ui.win.WinApplication._enterNestedEventLoop()Ljava/lang/Object;+15 javafx.graphics
j  com.sun.glass.ui.Application.enterNestedEventLoop()Ljava/lang/Object;+14 javafx.graphics
j  com.sun.glass.ui.EventLoop.enter()Ljava/lang/Object;+42 javafx.graphics
j  com.sun.javafx.tk.quantum.QuantumToolkit.enterNestedEventLoop(Ljava/lang/Object;)Ljava/lang/Object;+95 javafx.graphics
j  javafx.stage.Stage.showAndWait()V+93 javafx.graphics
j  javafx.scene.control.HeavyweightDialog.showAndWait()V+22 javafx.controls
j  javafx.scene.control.Dialog.showAndWait()Ljava/util/Optional;+86 javafx.controls
j  com.example.livecycle.controllers.auth.FaceAuthController.showAlert(Ljava/lang/String;Ljava/lang/String;)V+27 com.example.livecycle
j  com.example.livecycle.controllers.auth.FaceAuthController.lambda$handleFaceLogin$12(Ljava/lang/Exception;)V+24 com.example.livecycle
j  com.example.livecycle.controllers.auth.FaceAuthController$$Lambda+0x00000241904a5290.run()V+8 com.example.livecycle
J 4862 c1 com.sun.javafx.application.PlatformImpl$$Lambda+0x0000024190087d10.run()Ljava/lang/Object; javafx.graphics (8 bytes) @ 0x000002418097b18c [0x000002418097b040+0x000000000000014c]
J 4860 c1 com.sun.javafx.application.PlatformImpl.lambda$runLater$11(Ljava/lang/Runnable;Ljava/security/AccessControlContext;)V javafx.graphics (41 bytes) @ 0x000002418097c0c4 [0x000002418097bac0+0x0000000000000604]
J 4859 c1 com.sun.javafx.application.PlatformImpl$$Lambda+0x0000024190086cc0.run()V javafx.graphics (12 bytes) @ 0x000002418097a954 [0x000002418097a8c0+0x0000000000000094]
J 9712 c2 com.sun.glass.ui.InvokeLaterDispatcher$Future.run()V javafx.graphics (91 bytes) @ 0x0000024187fdb43c [0x0000024187fdb3e0+0x000000000000005c]
v  ~StubRoutines::call_stub 0x000002418745100d
j  com.sun.glass.ui.win.WinApplication._enterNestedEventLoopImpl()Ljava/lang/Object;+0 javafx.graphics
j  com.sun.glass.ui.win.WinApplication._enterNestedEventLoop()Ljava/lang/Object;+15 javafx.graphics
j  com.sun.glass.ui.Application.enterNestedEventLoop()Ljava/lang/Object;+14 javafx.graphics
j  com.sun.glass.ui.EventLoop.enter()Ljava/lang/Object;+42 javafx.graphics
j  com.sun.javafx.tk.quantum.QuantumToolkit.enterNestedEventLoop(Ljava/lang/Object;)Ljava/lang/Object;+95 javafx.graphics
j  javafx.stage.Stage.showAndWait()V+93 javafx.graphics
j  javafx.scene.control.HeavyweightDialog.showAndWait()V+22 javafx.controls
j  javafx.scene.control.Dialog.showAndWait()Ljava/util/Optional;+86 javafx.controls
j  com.example.livecycle.controllers.auth.FaceAuthController.showAlert(Ljava/lang/String;Ljava/lang/String;)V+27 com.example.livecycle
j  com.example.livecycle.controllers.auth.FaceAuthController.lambda$handleFaceLogin$12(Ljava/lang/Exception;)V+24 com.example.livecycle
j  com.example.livecycle.controllers.auth.FaceAuthController$$Lambda+0x00000241904a5290.run()V+8 com.example.livecycle
J 4862 c1 com.sun.javafx.application.PlatformImpl$$Lambda+0x0000024190087d10.run()Ljava/lang/Object; javafx.graphics (8 bytes) @ 0x000002418097b18c [0x000002418097b040+0x000000000000014c]
J 4860 c1 com.sun.javafx.application.PlatformImpl.lambda$runLater$11(Ljava/lang/Runnable;Ljava/security/AccessControlContext;)V javafx.graphics (41 bytes) @ 0x000002418097c0c4 [0x000002418097bac0+0x0000000000000604]
J 4859 c1 com.sun.javafx.application.PlatformImpl$$Lambda+0x0000024190086cc0.run()V javafx.graphics (12 bytes) @ 0x000002418097a954 [0x000002418097a8c0+0x0000000000000094]
J 9712 c2 com.sun.glass.ui.InvokeLaterDispatcher$Future.run()V javafx.graphics (91 bytes) @ 0x0000024187fdb43c [0x0000024187fdb3e0+0x000000000000005c]
v  ~StubRoutines::call_stub 0x000002418745100d
j  com.sun.glass.ui.win.WinApplication._enterNestedEventLoopImpl()Ljava/lang/Object;+0 javafx.graphics
j  com.sun.glass.ui.win.WinApplication._enterNestedEventLoop()Ljava/lang/Object;+15 javafx.graphics
j  com.sun.glass.ui.Application.enterNestedEventLoop()Ljava/lang/Object;+14 javafx.graphics
j  com.sun.glass.ui.EventLoop.enter()Ljava/lang/Object;+42 javafx.graphics
j  com.sun.javafx.tk.quantum.QuantumToolkit.enterNestedEventLoop(Ljava/lang/Object;)Ljava/lang/Object;+95 javafx.graphics
j  javafx.stage.Stage.showAndWait()V+93 javafx.graphics
j  javafx.scene.control.HeavyweightDialog.showAndWait()V+22 javafx.controls
j  javafx.scene.control.Dialog.showAndWait()Ljava/util/Optional;+86 javafx.controls
j  com.example.livecycle.controllers.auth.FaceAuthController.showAlert(Ljava/lang/String;Ljava/lang/String;)V+27 com.example.livecycle
j  com.example.livecycle.controllers.auth.FaceAuthController.lambda$handleFaceLogin$12(Ljava/lang/Exception;)V+24 com.example.livecycle
j  com.example.livecycle.controllers.auth.FaceAuthController$$Lambda+0x00000241904a5290.run()V+8 com.example.livecycle
J 4862 c1 com.sun.javafx.application.PlatformImpl$$Lambda+0x0000024190087d10.run()Ljava/lang/Object; javafx.graphics (8 bytes) @ 0x000002418097b18c [0x000002418097b040+0x000000000000014c]
J 4860 c1 com.sun.javafx.application.PlatformImpl.lambda$runLater$11(Ljava/lang/Runnable;Ljava/security/AccessControlContext;)V javafx.graphics (41 bytes) @ 0x000002418097c0c4 [0x000002418097bac0+0x0000000000000604]
J 4859 c1 com.sun.javafx.application.PlatformImpl$$Lambda+0x0000024190086cc0.run()V javafx.graphics (12 bytes) @ 0x000002418097a954 [0x000002418097a8c0+0x0000000000000094]
J 9712 c2 com.sun.glass.ui.InvokeLaterDispatcher$Future.run()V javafx.graphics (91 bytes) @ 0x0000024187fdb43c [0x0000024187fdb3e0+0x000000000000005c]
v  ~StubRoutines::call_stub 0x000002418745100d
j  com.sun.glass.ui.win.WinApplication._enterNestedEventLoopImpl()Ljava/lang/Object;+0 javafx.graphics
j  com.sun.glass.ui.win.WinApplication._enterNestedEventLoop()Ljava/lang/Object;+15 javafx.graphics
j  com.sun.glass.ui.Application.enterNestedEventLoop()Ljava/lang/Object;+14 javafx.graphics
j  com.sun.glass.ui.EventLoop.enter()Ljava/lang/Object;+42 javafx.graphics
j  com.sun.javafx.tk.quantum.QuantumToolkit.enterNestedEventLoop(Ljava/lang/Object;)Ljava/lang/Object;+95 javafx.graphics
j  javafx.stage.Stage.showAndWait()V+93 javafx.graphics
j  javafx.scene.control.HeavyweightDialog.showAndWait()V+22 javafx.controls
j  javafx.scene.control.Dialog.showAndWait()Ljava/util/Optional;+86 javafx.controls
j  com.example.livecycle.controllers.auth.FaceAuthController.showAlert(Ljava/lang/String;Ljava/lang/String;)V+27 com.example.livecycle
j  com.example.livecycle.controllers.auth.FaceAuthController.lambda$handleFaceLogin$12(Ljava/lang/Exception;)V+24 com.example.livecycle
j  com.example.livecycle.controllers.auth.FaceAuthController$$Lambda+0x00000241904a5290.run()V+8 com.example.livecycle
J 4862 c1 com.sun.javafx.application.PlatformImpl$$Lambda+0x0000024190087d10.run()Ljava/lang/Object; javafx.graphics (8 bytes) @ 0x000002418097b18c [0x000002418097b040+0x000000000000014c]
J 4860 c1 com.sun.javafx.application.PlatformImpl.lambda$runLater$11(Ljava/lang/Runnable;Ljava/security/AccessControlContext;)V javafx.graphics (41 bytes) @ 0x000002418097c0c4 [0x000002418097bac0+0x0000000000000604]
J 4859 c1 com.sun.javafx.application.PlatformImpl$$Lambda+0x0000024190086cc0.run()V javafx.graphics (12 bytes) @ 0x000002418097a954 [0x000002418097a8c0+0x0000000000000094]
J 9712 c2 com.sun.glass.ui.InvokeLaterDispatcher$Future.run()V javafx.graphics (91 bytes) @ 0x0000024187fdb43c [0x0000024187fdb3e0+0x000000000000005c]
v  ~StubRoutines::call_stub 0x000002418745100d
j  com.sun.glass.ui.win.WinApplication._enterNestedEventLoopImpl()Ljava/lang/Object;+0 javafx.graphics
j  com.sun.glass.ui.win.WinApplication._enterNestedEventLoop()Ljava/lang/Object;+15 javafx.graphics
j  com.sun.glass.ui.Application.enterNestedEventLoop()Ljava/lang/Object;+14 javafx.graphics
j  com.sun.glass.ui.EventLoop.enter()Ljava/lang/Object;+42 javafx.graphics
j  com.sun.javafx.tk.quantum.QuantumToolkit.enterNestedEventLoop(Ljava/lang/Object;)Ljava/lang/Object;+95 javafx.graphics
j  javafx.stage.Stage.showAndWait()V+93 javafx.graphics
j  javafx.scene.control.HeavyweightDialog.showAndWait()V+22 javafx.controls
j  javafx.scene.control.Dialog.showAndWait()Ljava/util/Optional;+86 javafx.controls
j  com.example.livecycle.controllers.auth.FaceAuthController.showAlert(Ljava/lang/String;Ljava/lang/String;)V+27 com.example.livecycle
j  com.example.livecycle.controllers.auth.FaceAuthController.lambda$handleFaceLogin$12(Ljava/lang/Exception;)V+24 com.example.livecycle
j  com.example.livecycle.controllers.auth.FaceAuthController$$Lambda+0x00000241904a5290.run()V+8 com.example.livecycle
J 4862 c1 com.sun.javafx.application.PlatformImpl$$Lambda+0x0000024190087d10.run()Ljava/lang/Object; javafx.graphics (8 bytes) @ 0x000002418097b18c [0x000002418097b040+0x000000000000014c]
J 4860 c1 com.sun.javafx.application.PlatformImpl.lambda$runLater$11(Ljava/lang/Runnable;Ljava/security/AccessControlContext;)V javafx.graphics (41 bytes) @ 0x000002418097c0c4 [0x000002418097bac0+0x0000000000000604]
J 4859 c1 com.sun.javafx.application.PlatformImpl$$Lambda+0x0000024190086cc0.run()V javafx.graphics (12 bytes) @ 0x000002418097a954 [0x000002418097a8c0+0x0000000000000094]
J 9712 c2 com.sun.glass.ui.InvokeLaterDispatcher$Future.run()V javafx.graphics (91 bytes) @ 0x0000024187fdb43c [0x0000024187fdb3e0+0x000000000000005c]
v  ~StubRoutines::call_stub 0x000002418745100d
j  com.sun.glass.ui.win.WinApplication._enterNestedEventLoopImpl()Ljava/lang/Object;+0 javafx.graphics
j  com.sun.glass.ui.win.WinApplication._enterNestedEventLoop()Ljava/lang/Object;+15 javafx.graphics
j  com.sun.glass.ui.Application.enterNestedEventLoop()Ljava/lang/Object;+14 javafx.graphics
j  com.sun.glass.ui.EventLoop.enter()Ljava/lang/Object;+42 javafx.graphics
j  com.sun.javafx.tk.quantum.QuantumToolkit.enterNestedEventLoop(Ljava/lang/Object;)Ljava/lang/Object;+95 javafx.graphics
j  javafx.stage.Stage.showAndWait()V+93 javafx.graphics
j  javafx.scene.control.HeavyweightDialog.showAndWait()V+22 javafx.controls
j  javafx.scene.control.Dialog.showAndWait()Ljava/util/Optional;+86 javafx.controls
j  com.example.livecycle.controllers.auth.FaceAuthController.showAlert(Ljava/lang/String;Ljava/lang/String;)V+27 com.example.livecycle
j  com.example.livecycle.controllers.auth.FaceAuthController.lambda$handleFaceLogin$12(Ljava/lang/Exception;)V+24 com.example.livecycle
j  com.example.livecycle.controllers.auth.FaceAuthController$$Lambda+0x00000241904a5290.run()V+8 com.example.livecycle
J 4862 c1 com.sun.javafx.application.PlatformImpl$$Lambda+0x0000024190087d10.run()Ljava/lang/Object; javafx.graphics (8 bytes) @ 0x000002418097b18c [0x000002418097b040+0x000000000000014c]
J 4860 c1 com.sun.javafx.application.PlatformImpl.lambda$runLater$11(Ljava/lang/Runnable;Ljava/security/AccessControlContext;)V javafx.graphics (41 bytes) @ 0x000002418097c0c4 [0x000002418097bac0+0x0000000000000604]
J 4859 c1 com.sun.javafx.application.PlatformImpl$$Lambda+0x0000024190086cc0.run()V javafx.graphics (12 bytes) @ 0x000002418097a954 [0x000002418097a8c0+0x0000000000000094]
J 9712 c2 com.sun.glass.ui.InvokeLaterDispatcher$Future.run()V javafx.graphics (91 bytes) @ 0x0000024187fdb43c [0x0000024187fdb3e0+0x000000000000005c]
v  ~StubRoutines::call_stub 0x000002418745100d
j  com.sun.glass.ui.win.WinApplication._enterNestedEventLoopImpl()Ljava/lang/Object;+0 javafx.graphics
j  com.sun.glass.ui.win.WinApplication._enterNestedEventLoop()Ljava/lang/Object;+15 javafx.graphics
j  com.sun.glass.ui.Application.enterNestedEventLoop()Ljava/lang/Object;+14 javafx.graphics
j  com.sun.glass.ui.EventLoop.enter()Ljava/lang/Object;+42 javafx.graphics
j  com.sun.javafx.tk.quantum.QuantumToolkit.enterNestedEventLoop(Ljava/lang/Object;)Ljava/lang/Object;+95 javafx.graphics
j  javafx.stage.Stage.showAndWait()V+93 javafx.graphics
j  javafx.scene.control.HeavyweightDialog.showAndWait()V+22 javafx.controls
j  javafx.scene.control.Dialog.showAndWait()Ljava/util/Optional;+86 javafx.controls
j  com.example.livecycle.controllers.auth.FaceAuthController.showAlert(Ljava/lang/String;Ljava/lang/String;)V+27 com.example.livecycle
j  com.example.livecycle.controllers.auth.FaceAuthController.lambda$handleFaceLogin$12(Ljava/lang/Exception;)V+24 com.example.livecycle
j  com.example.livecycle.controllers.auth.FaceAuthController$$Lambda+0x00000241904a5290.run()V+8 com.example.livecycle
J 4862 c1 com.sun.javafx.application.PlatformImpl$$Lambda+0x0000024190087d10.run()Ljava/lang/Object; javafx.graphics (8 bytes) @ 0x000002418097b18c [0x000002418097b040+0x000000000000014c]
J 4860 c1 com.sun.javafx.application.PlatformImpl.lambda$runLater$11(Ljava/lang/Runnable;Ljava/security/AccessControlContext;)V javafx.graphics (41 bytes) @ 0x000002418097c0c4 [0x000002418097bac0+0x0000000000000604]
J 4859 c1 com.sun.javafx.application.PlatformImpl$$Lambda+0x0000024190086cc0.run()V javafx.graphics (12 bytes) @ 0x000002418097a954 [0x000002418097a8c0+0x0000000000000094]
J 9712 c2 com.sun.glass.ui.InvokeLaterDispatcher$Future.run()V javafx.graphics (91 bytes) @ 0x0000024187fdb43c [0x0000024187fdb3e0+0x000000000000005c]
v  ~StubRoutines::call_stub 0x000002418745100d
j  com.sun.glass.ui.win.WinApplication._enterNestedEventLoopImpl()Ljava/lang/Object;+0 javafx.graphics
j  com.sun.glass.ui.win.WinApplication._enterNestedEventLoop()Ljava/lang/Object;+15 javafx.graphics
j  com.sun.glass.ui.Application.enterNestedEventLoop()Ljava/lang/Object;+14 javafx.graphics
j  com.sun.glass.ui.EventLoop.enter()Ljava/lang/Object;+42 javafx.graphics
j  com.sun.javafx.tk.quantum.QuantumToolkit.enterNestedEventLoop(Ljava/lang/Object;)Ljava/lang/Object;+95 javafx.graphics
j  javafx.stage.Stage.showAndWait()V+93 javafx.graphics
j  javafx.scene.control.HeavyweightDialog.showAndWait()V+22 javafx.controls
j  javafx.scene.control.Dialog.showAndWait()Ljava/util/Optional;+86 javafx.controls
j  com.example.livecycle.controllers.auth.FaceAuthController.showAlert(Ljava/lang/String;Ljava/lang/String;)V+27 com.example.livecycle
j  com.example.livecycle.controllers.auth.FaceAuthController.lambda$handleFaceLogin$12(Ljava/lang/Exception;)V+24 com.example.livecycle
j  com.example.livecycle.controllers.auth.FaceAuthController$$Lambda+0x00000241904a5290.run()V+8 com.example.livecycle
J 4862 c1 com.sun.javafx.application.PlatformImpl$$Lambda+0x0000024190087d10.run()Ljava/lang/Object; javafx.graphics (8 bytes) @ 0x000002418097b18c [0x000002418097b040+0x000000000000014c]
J 4860 c1 com.sun.javafx.application.PlatformImpl.lambda$runLater$11(Ljava/lang/Runnable;Ljava/security/AccessControlContext;)V javafx.graphics (41 bytes) @ 0x000002418097c0c4 [0x000002418097bac0+0x0000000000000604]
J 4859 c1 com.sun.javafx.application.PlatformImpl$$Lambda+0x0000024190086cc0.run()V javafx.graphics (12 bytes) @ 0x000002418097a954 [0x000002418097a8c0+0x0000000000000094]
J 9712 c2 com.sun.glass.ui.InvokeLaterDispatcher$Future.run()V javafx.graphics (91 bytes) @ 0x0000024187fdb43c [0x0000024187fdb3e0+0x000000000000005c]
v  ~StubRoutines::call_stub 0x000002418745100d
j  com.sun.glass.ui.win.WinApplication._enterNestedEventLoopImpl()Ljava/lang/Object;+0 javafx.graphics
j  com.sun.glass.ui.win.WinApplication._enterNestedEventLoop()Ljava/lang/Object;+15 javafx.graphics
j  com.sun.glass.ui.Application.enterNestedEventLoop()Ljava/lang/Object;+14 javafx.graphics
j  com.sun.glass.ui.EventLoop.enter()Ljava/lang/Object;+42 javafx.graphics
j  com.sun.javafx.tk.quantum.QuantumToolkit.enterNestedEventLoop(Ljava/lang/Object;)Ljava/lang/Object;+95 javafx.graphics
j  javafx.stage.Stage.showAndWait()V+93 javafx.graphics
j  javafx.scene.control.HeavyweightDialog.showAndWait()V+22 javafx.controls
j  javafx.scene.control.Dialog.showAndWait()Ljava/util/Optional;+86 javafx.controls
j  com.example.livecycle.controllers.auth.FaceAuthController.showAlert(Ljava/lang/String;Ljava/lang/String;)V+27 com.example.livecycle
j  com.example.livecycle.controllers.auth.FaceAuthController.lambda$handleFaceLogin$12(Ljava/lang/Exception;)V+24 com.example.livecycle
j  com.example.livecycle.controllers.auth.FaceAuthController$$Lambda+0x00000241904a5290.run()V+8 com.example.livecycle
J 4862 c1 com.sun.javafx.application.PlatformImpl$$Lambda+0x0000024190087d10.run()Ljava/lang/Object; javafx.graphics (8 bytes) @ 0x000002418097b18c [0x000002418097b040+0x000000000000014c]
J 4860 c1 com.sun.javafx.application.PlatformImpl.lambda$runLater$11(Ljava/lang/Runnable;Ljava/security/AccessControlContext;)V javafx.graphics (41 bytes) @ 0x000002418097c0c4 [0x000002418097bac0+0x0000000000000604]
J 4859 c1 com.sun.javafx.application.PlatformImpl$$Lambda+0x0000024190086cc0.run()V javafx.graphics (12 bytes) @ 0x000002418097a954 [0x000002418097a8c0+0x0000000000000094]
J 9712 c2 com.sun.glass.ui.InvokeLaterDispatcher$Future.run()V javafx.graphics (91 bytes) @ 0x0000024187fdb43c [0x0000024187fdb3e0+0x000000000000005c]
v  ~StubRoutines::call_stub 0x000002418745100d
j  com.sun.glass.ui.win.WinApplication._enterNestedEventLoopImpl()Ljava/lang/Object;+0 javafx.graphics
j  com.sun.glass.ui.win.WinApplication._enterNestedEventLoop()Ljava/lang/Object;+15 javafx.graphics
j  com.sun.glass.ui.Application.enterNestedEventLoop()Ljava/lang/Object;+14 javafx.graphics
j  com.sun.glass.ui.EventLoop.enter()Ljava/lang/Object;+42 javafx.graphics
j  com.sun.javafx.tk.quantum.QuantumToolkit.enterNestedEventLoop(Ljava/lang/Object;)Ljava/lang/Object;+95 javafx.graphics
j  javafx.stage.Stage.showAndWait()V+93 javafx.graphics
j  javafx.scene.control.HeavyweightDialog.showAndWait()V+22 javafx.controls
j  javafx.scene.control.Dialog.showAndWait()Ljava/util/Optional;+86 javafx.controls
j  com.example.livecycle.controllers.auth.FaceAuthController.showAlert(Ljava/lang/String;Ljava/lang/String;)V+27 com.example.livecycle
j  com.example.livecycle.controllers.auth.FaceAuthController.lambda$handleFaceLogin$12(Ljava/lang/Exception;)V+24 com.example.livecycle
j  com.example.livecycle.controllers.auth.FaceAuthController$$Lambda+0x00000241904a5290.run()V+8 com.example.livecycle
J 4862 c1 com.sun.javafx.application.PlatformImpl$$Lambda+0x0000024190087d10.run()Ljava/lang/Object; javafx.graphics (8 bytes) @ 0x000002418097b18c [0x000002418097b040+0x000000000000014c]
J 4860 c1 com.sun.javafx.application.PlatformImpl.lambda$runLater$11(Ljava/lang/Runnable;Ljava/security/AccessControlContext;)V javafx.graphics (41 bytes) @ 0x000002418097c0c4 [0x000002418097bac0+0x0000000000000604]
J 4859 c1 com.sun.javafx.application.PlatformImpl$$Lambda+0x0000024190086cc0.run()V javafx.graphics (12 bytes) @ 0x000002418097a954 [0x000002418097a8c0+0x0000000000000094]
J 9712 c2 com.sun.glass.ui.InvokeLaterDispatcher$Future.run()V javafx.graphics (91 bytes) @ 0x0000024187fdb43c [0x0000024187fdb3e0+0x000000000000005c]
v  ~StubRoutines::call_stub 0x000002418745100d
j  com.sun.glass.ui.win.WinApplication._enterNestedEventLoopImpl()Ljava/lang/Object;+0 javafx.graphics
j  com.sun.glass.ui.win.WinApplication._enterNestedEventLoop()Ljava/lang/Object;+15 javafx.graphics
j  com.sun.glass.ui.Application.enterNestedEventLoop()Ljava/lang/Object;+14 javafx.graphics
j  com.sun.glass.ui.EventLoop.enter()Ljava/lang/Object;+42 javafx.graphics
j  com.sun.javafx.tk.quantum.QuantumToolkit.enterNestedEventLoop(Ljava/lang/Object;)Ljava/lang/Object;+95 javafx.graphics
j  javafx.stage.Stage.showAndWait()V+93 javafx.graphics
j  javafx.scene.control.HeavyweightDialog.showAndWait()V+22 javafx.controls
j  javafx.scene.control.Dialog.showAndWait()Ljava/util/Optional;+86 javafx.controls
j  com.example.livecycle.controllers.auth.FaceAuthController.showAlert(Ljava/lang/String;Ljava/lang/String;)V+27 com.example.livecycle
j  com.example.livecycle.controllers.auth.FaceAuthController.lambda$handleFaceLogin$12(Ljava/lang/Exception;)V+24 com.example.livecycle
j  com.example.livecycle.controllers.auth.FaceAuthController$$Lambda+0x00000241904a5290.run()V+8 com.example.livecycle
J 4862 c1 com.sun.javafx.application.PlatformImpl$$Lambda+0x0000024190087d10.run()Ljava/lang/Object; javafx.graphics (8 bytes) @ 0x000002418097b18c [0x000002418097b040+0x000000000000014c]
J 4860 c1 com.sun.javafx.application.PlatformImpl.lambda$runLater$11(Ljava/lang/Runnable;Ljava/security/AccessControlContext;)V javafx.graphics (41 bytes) @ 0x000002418097c0c4 [0x000002418097bac0+0x0000000000000604]
J 4859 c1 com.sun.javafx.application.PlatformImpl$$Lambda+0x0000024190086cc0.run()V javafx.graphics (12 bytes) @ 0x000002418097a954 [0x000002418097a8c0+0x0000000000000094]
J 9712 c2 com.sun.glass.ui.InvokeLaterDispatcher$Future.run()V javafx.graphics (91 bytes) @ 0x0000024187fdb43c [0x0000024187fdb3e0+0x000000000000005c]
v  ~StubRoutines::call_stub 0x000002418745100d
j  com.sun.glass.ui.win.WinApplication._enterNestedEventLoopImpl()Ljava/lang/Object;+0 javafx.graphics
j  com.sun.glass.ui.win.WinApplication._enterNestedEventLoop()Ljava/lang/Object;+15 javafx.graphics
j  com.sun.glass.ui.Application.enterNestedEventLoop()Ljava/lang/Object;+14 javafx.graphics
j  com.sun.glass.ui.EventLoop.enter()Ljava/lang/Object;+42 javafx.graphics
j  com.sun.javafx.tk.quantum.QuantumToolkit.enterNestedEventLoop(Ljava/lang/Object;)Ljava/lang/Object;+95 javafx.graphics
j  javafx.stage.Stage.showAndWait()V+93 javafx.graphics
j  javafx.scene.control.HeavyweightDialog.showAndWait()V+22 javafx.controls
j  javafx.scene.control.Dialog.showAndWait()Ljava/util/Optional;+86 javafx.controls
j  com.example.livecycle.controllers.auth.FaceAuthController.showAlert(Ljava/lang/String;Ljava/lang/String;)V+27 com.example.livecycle
j  com.example.livecycle.controllers.auth.FaceAuthController.lambda$handleFaceLogin$12(Ljava/lang/Exception;)V+24 com.example.livecycle
j  com.example.livecycle.controllers.auth.FaceAuthController$$Lambda+0x00000241904a5290.run()V+8 com.example.livecycle
J 4862 c1 com.sun.javafx.application.PlatformImpl$$Lambda+0x0000024190087d10.run()Ljava/lang/Object; javafx.graphics (8 bytes) @ 0x000002418097b18c [0x000002418097b040+0x000000000000014c]
J 4860 c1 com.sun.javafx.application.PlatformImpl.lambda$runLater$11(Ljava/lang/Runnable;Ljava/security/AccessControlContext;)V javafx.graphics (41 bytes) @ 0x000002418097c0c4 [0x000002418097bac0+0x0000000000000604]
J 4859 c1 com.sun.javafx.application.PlatformImpl$$Lambda+0x0000024190086cc0.run()V javafx.graphics (12 bytes) @ 0x000002418097a954 [0x000002418097a8c0+0x0000000000000094]
J 9712 c2 com.sun.glass.ui.InvokeLaterDispatcher$Future.run()V javafx.graphics (91 bytes) @ 0x0000024187fdb43c [0x0000024187fdb3e0+0x000000000000005c]
v  ~StubRoutines::call_stub 0x000002418745100d
j  com.sun.glass.ui.win.WinApplication._enterNestedEventLoopImpl()Ljava/lang/Object;+0 javafx.graphics
j  com.sun.glass.ui.win.WinApplication._enterNestedEventLoop()Ljava/lang/Object;+15 javafx.graphics
j  com.sun.glass.ui.Application.enterNestedEventLoop()Ljava/lang/Object;+14 javafx.graphics
j  com.sun.glass.ui.EventLoop.enter()Ljava/lang/Object;+42 javafx.graphics
j  com.sun.javafx.tk.quantum.QuantumToolkit.enterNestedEventLoop(Ljava/lang/Object;)Ljava/lang/Object;+95 javafx.graphics
j  javafx.stage.Stage.showAndWait()V+93 javafx.graphics
j  javafx.scene.control.HeavyweightDialog.showAndWait()V+22 javafx.controls
j  javafx.scene.control.Dialog.showAndWait()Ljava/util/Optional;+86 javafx.controls
j  com.example.livecycle.controllers.auth.FaceAuthController.showAlert(Ljava/lang/String;Ljava/lang/String;)V+27 com.example.livecycle
j  com.example.livecycle.controllers.auth.FaceAuthController.lambda$handleFaceLogin$12(Ljava/lang/Exception;)V+24 com.example.livecycle
j  com.example.livecycle.controllers.auth.FaceAuthController$$Lambda+0x00000241904a5290.run()V+8 com.example.livecycle
J 4862 c1 com.sun.javafx.application.PlatformImpl$$Lambda+0x0000024190087d10.run()Ljava/lang/Object; javafx.graphics (8 bytes) @ 0x000002418097b18c [0x000002418097b040+0x000000000000014c]
J 4860 c1 com.sun.javafx.application.PlatformImpl.lambda$runLater$11(Ljava/lang/Runnable;Ljava/security/AccessControlContext;)V javafx.graphics (41 bytes) @ 0x000002418097c0c4 [0x000002418097bac0+0x0000000000000604]
J 4859 c1 com.sun.javafx.application.PlatformImpl$$Lambda+0x0000024190086cc0.run()V javafx.graphics (12 bytes) @ 0x000002418097a954 [0x000002418097a8c0+0x0000000000000094]
J 9712 c2 com.sun.glass.ui.InvokeLaterDispatcher$Future.run()V javafx.graphics (91 bytes) @ 0x0000024187fdb43c [0x0000024187fdb3e0+0x000000000000005c]
v  ~StubRoutines::call_stub 0x000002418745100d
j  com.sun.glass.ui.win.WinApplication._enterNestedEventLoopImpl()Ljava/lang/Object;+0 javafx.graphics
j  com.sun.glass.ui.win.WinApplication._enterNestedEventLoop()Ljava/lang/Object;+15 javafx.graphics
j  com.sun.glass.ui.Application.enterNestedEventLoop()Ljava/lang/Object;+14 javafx.graphics
j  com.sun.glass.ui.EventLoop.enter()Ljava/lang/Object;+42 javafx.graphics
j  com.sun.javafx.tk.quantum.QuantumToolkit.enterNestedEventLoop(Ljava/lang/Object;)Ljava/lang/Object;+95 javafx.graphics
j  javafx.stage.Stage.showAndWait()V+93 javafx.graphics
j  javafx.scene.control.HeavyweightDialog.showAndWait()V+22 javafx.controls
j  javafx.scene.control.Dialog.showAndWait()Ljava/util/Optional;+86 javafx.controls
j  com.example.livecycle.controllers.auth.FaceAuthController.showAlert(Ljava/lang/String;Ljava/lang/String;)V+27 com.example.livecycle
j  com.example.livecycle.controllers.auth.FaceAuthController.lambda$handleFaceLogin$12(Ljava/lang/Exception;)V+24 com.example.livecycle
j  com.example.livecycle.controllers.auth.FaceAuthController$$Lambda+0x00000241904a5290.run()V+8 com.example.livecycle
J 4862 c1 com.sun.javafx.application.PlatformImpl$$Lambda+0x0000024190087d10.run()Ljava/lang/Object; javafx.graphics (8 bytes) @ 0x000002418097b18c [0x000002418097b040+0x000000000000014c]
J 4860 c1 com.sun.javafx.application.PlatformImpl.lambda$runLater$11(Ljava/lang/Runnable;Ljava/security/AccessControlContext;)V javafx.graphics (41 bytes) @ 0x000002418097c0c4 [0x000002418097bac0+0x0000000000000604]
J 4859 c1 com.sun.javafx.application.PlatformImpl$$Lambda+0x0000024190086cc0.run()V javafx.graphics (12 bytes) @ 0x000002418097a954 [0x000002418097a8c0+0x0000000000000094]
J 9712 c2 com.sun.glass.ui.InvokeLaterDispatcher$Future.run()V javafx.graphics (91 bytes) @ 0x0000024187fdb43c [0x0000024187fdb3e0+0x000000000000005c]
v  ~StubRoutines::call_stub 0x000002418745100d
j  com.sun.glass.ui.win.WinApplication._enterNestedEventLoopImpl()Ljava/lang/Object;+0 javafx.graphics
j  com.sun.glass.ui.win.WinApplication._enterNestedEventLoop()Ljava/lang/Object;+15 javafx.graphics
j  com.sun.glass.ui.Application.enterNestedEventLoop()Ljava/lang/Object;+14 javafx.graphics
j  com.sun.glass.ui.EventLoop.enter()Ljava/lang/Object;+42 javafx.graphics
j  com.sun.javafx.tk.quantum.QuantumToolkit.enterNestedEventLoop(Ljava/lang/Object;)Ljava/lang/Object;+95 javafx.graphics
j  javafx.stage.Stage.showAndWait()V+93 javafx.graphics
j  javafx.scene.control.HeavyweightDialog.showAndWait()V+22 javafx.controls
j  javafx.scene.control.Dialog.showAndWait()Ljava/util/Optional;+86 javafx.controls
j  com.example.livecycle.controllers.auth.FaceAuthController.showAlert(Ljava/lang/String;Ljava/lang/String;)V+27 com.example.livecycle
j  com.example.livecycle.controllers.auth.FaceAuthController.lambda$handleFaceLogin$12(Ljava/lang/Exception;)V+24 com.example.livecycle
j  com.example.livecycle.controllers.auth.FaceAuthController$$Lambda+0x00000241904a5290.run()V+8 com.example.livecycle
J 4862 c1 com.sun.javafx.application.PlatformImpl$$Lambda+0x0000024190087d10.run()Ljava/lang/Object; javafx.graphics (8 bytes) @ 0x000002418097b18c [0x000002418097b040+0x000000000000014c]
J 4860 c1 com.sun.javafx.application.PlatformImpl.lambda$runLater$11(Ljava/lang/Runnable;Ljava/security/AccessControlContext;)V javafx.graphics (41 bytes) @ 0x000002418097c0c4 [0x000002418097bac0+0x0000000000000604]
J 4859 c1 com.sun.javafx.application.PlatformImpl$$Lambda+0x0000024190086cc0.run()V javafx.graphics (12 bytes) @ 0x000002418097a954 [0x000002418097a8c0+0x0000000000000094]
J 9712 c2 com.sun.glass.ui.InvokeLaterDispatcher$Future.run()V javafx.graphics (91 bytes) @ 0x0000024187fdb43c [0x0000024187fdb3e0+0x000000000000005c]
v  ~StubRoutines::call_stub 0x000002418745100d
j  com.sun.glass.ui.win.WinApplication._enterNestedEventLoopImpl()Ljava/lang/Object;+0 javafx.graphics
j  com.sun.glass.ui.win.WinApplication._enterNestedEventLoop()Ljava/lang/Object;+15 javafx.graphics
j  com.sun.glass.ui.Application.enterNestedEventLoop()Ljava/lang/Object;+14 javafx.graphics
j  com.sun.glass.ui.EventLoop.enter()Ljava/lang/Object;+42 javafx.graphics
j  com.sun.javafx.tk.quantum.QuantumToolkit.enterNestedEventLoop(Ljava/lang/Object;)Ljava/lang/Object;+95 javafx.graphics
j  javafx.stage.Stage.showAndWait()V+93 javafx.graphics
j  javafx.scene.control.HeavyweightDialog.showAndWait()V+22 javafx.controls
j  javafx.scene.control.Dialog.showAndWait()Ljava/util/Optional;+86 javafx.controls
j  com.example.livecycle.controllers.auth.FaceAuthController.showAlert(Ljava/lang/String;Ljava/lang/String;)V+27 com.example.livecycle
j  com.example.livecycle.controllers.auth.FaceAuthController.lambda$handleFaceLogin$12(Ljava/lang/Exception;)V+24 com.example.livecycle
j  com.example.livecycle.controllers.auth.FaceAuthController$$Lambda+0x00000241904a5290.run()V+8 com.example.livecycle
J 4862 c1 com.sun.javafx.application.PlatformImpl$$Lambda+0x0000024190087d10.run()Ljava/lang/Object; javafx.graphics (8 bytes) @ 0x000002418097b18c [0x000002418097b040+0x000000000000014c]
J 4860 c1 com.sun.javafx.application.PlatformImpl.lambda$runLater$11(Ljava/lang/Runnable;Ljava/security/AccessControlContext;)V javafx.graphics (41 bytes) @ 0x000002418097c0c4 [0x000002418097bac0+0x0000000000000604]
J 4859 c1 com.sun.javafx.application.PlatformImpl$$Lambda+0x0000024190086cc0.run()V javafx.graphics (12 bytes) @ 0x000002418097a954 [0x000002418097a8c0+0x0000000000000094]
J 9712 c2 com.sun.glass.ui.InvokeLaterDispatcher$Future.run()V javafx.graphics (91 bytes) @ 0x0000024187fdb43c [0x0000024187fdb3e0+0x000000000000005c]
v  ~StubRoutines::call_stub 0x000002418745100d
j  com.sun.glass.ui.win.WinApplication._enterNestedEventLoopImpl()Ljava/lang/Object;+0 javafx.graphics
j  com.sun.glass.ui.win.WinApplication._enterNestedEventLoop()Ljava/lang/Object;+15 javafx.graphics
j  com.sun.glass.ui.Application.enterNestedEventLoop()Ljava/lang/Object;+14 javafx.graphics
j  com.sun.glass.ui.EventLoop.enter()Ljava/lang/Object;+42 javafx.graphics
j  com.sun.javafx.tk.quantum.QuantumToolkit.enterNestedEventLoop(Ljava/lang/Object;)Ljava/lang/Object;+95 javafx.graphics
j  javafx.stage.Stage.showAndWait()V+93 javafx.graphics
j  javafx.scene.control.HeavyweightDialog.showAndWait()V+22 javafx.controls
j  javafx.scene.control.Dialog.showAndWait()Ljava/util/Optional;+86 javafx.controls
j  com.example.livecycle.controllers.auth.FaceAuthController.showAlert(Ljava/lang/String;Ljava/lang/String;)V+27 com.example.livecycle
j  com.example.livecycle.controllers.auth.FaceAuthController.lambda$handleFaceLogin$12(Ljava/lang/Exception;)V+24 com.example.livecycle
j  com.example.livecycle.controllers.auth.FaceAuthController$$Lambda+0x00000241904a5290.run()V+8 com.example.livecycle
J 4862 c1 com.sun.javafx.application.PlatformImpl$$Lambda+0x0000024190087d10.run()Ljava/lang/Object; javafx.graphics (8 bytes) @ 0x000002418097b18c [0x000002418097b040+0x000000000000014c]
J 4860 c1 com.sun.javafx.application.PlatformImpl.lambda$runLater$11(Ljava/lang/Runnable;Ljava/security/AccessControlContext;)V javafx.graphics (41 bytes) @ 0x000002418097c0c4 [0x000002418097bac0+0x0000000000000604]
J 4859 c1 com.sun.javafx.application.PlatformImpl$$Lambda+0x0000024190086cc0.run()V javafx.graphics (12 bytes) @ 0x000002418097a954 [0x000002418097a8c0+0x0000000000000094]
J 9712 c2 com.sun.glass.ui.InvokeLaterDispatcher$Future.run()V javafx.graphics (91 bytes) @ 0x0000024187fdb43c [0x0000024187fdb3e0+0x000000000000005c]
v  ~StubRoutines::call_stub 0x000002418745100d
j  com.sun.glass.ui.win.WinApplication._enterNestedEventLoopImpl()Ljava/lang/Object;+0 javafx.graphics
j  com.sun.glass.ui.win.WinApplication._enterNestedEventLoop()Ljava/lang/Object;+15 javafx.graphics
j  com.sun.glass.ui.Application.enterNestedEventLoop()Ljava/lang/Object;+14 javafx.graphics
j  com.sun.glass.ui.EventLoop.enter()Ljava/lang/Object;+42 javafx.graphics
j  com.sun.javafx.tk.quantum.QuantumToolkit.enterNestedEventLoop(Ljava/lang/Object;)Ljava/lang/Object;+95 javafx.graphics
j  javafx.stage.Stage.showAndWait()V+93 javafx.graphics
j  javafx.scene.control.HeavyweightDialog.showAndWait()V+22 javafx.controls
j  javafx.scene.control.Dialog.showAndWait()Ljava/util/Optional;+86 javafx.controls
j  com.example.livecycle.controllers.auth.FaceAuthController.showAlert(Ljava/lang/String;Ljava/lang/String;)V+27 com.example.livecycle
j  com.example.livecycle.controllers.auth.FaceAuthController.lambda$handleFaceLogin$12(Ljava/lang/Exception;)V+24 com.example.livecycle
j  com.example.livecycle.controllers.auth.FaceAuthController$$Lambda+0x00000241904a5290.run()V+8 com.example.livecycle
J 4862 c1 com.sun.javafx.application.PlatformImpl$$Lambda+0x0000024190087d10.run()Ljava/lang/Object; javafx.graphics (8 bytes) @ 0x000002418097b18c [0x000002418097b040+0x000000000000014c]
J 4860 c1 com.sun.javafx.application.PlatformImpl.lambda$runLater$11(Ljava/lang/Runnable;Ljava/security/AccessControlContext;)V javafx.graphics (41 bytes) @ 0x000002418097c0c4 [0x000002418097bac0+0x0000000000000604]
J 4859 c1 com.sun.javafx.application.PlatformImpl$$Lambda+0x0000024190086cc0.run()V javafx.graphics (12 bytes) @ 0x000002418097a954 [0x000002418097a8c0+0x0000000000000094]
J 9712 c2 com.sun.glass.ui.InvokeLaterDispatcher$Future.run()V javafx.graphics (91 bytes) @ 0x0000024187fdb43c [0x0000024187fdb3e0+0x000000000000005c]
v  ~StubRoutines::call_stub 0x000002418745100d
j  com.sun.glass.ui.win.WinApplication._enterNestedEventLoopImpl()Ljava/lang/Object;+0 javafx.graphics
j  com.sun.glass.ui.win.WinApplication._enterNestedEventLoop()Ljava/lang/Object;+15 javafx.graphics
j  com.sun.glass.ui.Application.enterNestedEventLoop()Ljava/lang/Object;+14 javafx.graphics
j  com.sun.glass.ui.EventLoop.enter()Ljava/lang/Object;+42 javafx.graphics
j  com.sun.javafx.tk.quantum.QuantumToolkit.enterNestedEventLoop(Ljava/lang/Object;)Ljava/lang/Object;+95 javafx.graphics
j  javafx.stage.Stage.showAndWait()V+93 javafx.graphics
j  javafx.scene.control.HeavyweightDialog.showAndWait()V+22 javafx.controls
j  javafx.scene.control.Dialog.showAndWait()Ljava/util/Optional;+86 javafx.controls
j  com.example.livecycle.controllers.auth.FaceAuthController.showAlert(Ljava/lang/String;Ljava/lang/String;)V+27 com.example.livecycle
j  com.example.livecycle.controllers.auth.FaceAuthController.lambda$handleFaceLogin$12(Ljava/lang/Exception;)V+24 com.example.livecycle
j  com.example.livecycle.controllers.auth.FaceAuthController$$Lambda+0x00000241904a5290.run()V+8 com.example.livecycle
J 4862 c1 com.sun.javafx.application.PlatformImpl$$Lambda+0x0000024190087d10.run()Ljava/lang/Object; javafx.graphics (8 bytes) @ 0x000002418097b18c [0x000002418097b040+0x000000000000014c]
J 4860 c1 com.sun.javafx.application.PlatformImpl.lambda$runLater$11(Ljava/lang/Runnable;Ljava/security/AccessControlContext;)V javafx.graphics (41 bytes) @ 0x000002418097c0c4 [0x000002418097bac0+0x0000000000000604]
J 4859 c1 com.sun.javafx.application.PlatformImpl$$Lambda+0x0000024190086cc0.run()V javafx.graphics (12 bytes) @ 0x000002418097a954 [0x000002418097a8c0+0x0000000000000094]
J 9712 c2 com.sun.glass.ui.InvokeLaterDispatcher$Future.run()V javafx.graphics (91 bytes) @ 0x0000024187fdb43c [0x0000024187fdb3e0+0x000000000000005c]
v  ~StubRoutines::call_stub 0x000002418745100d
j  com.sun.glass.ui.win.WinApplication._enterNestedEventLoopImpl()Ljava/lang/Object;+0 javafx.graphics
j  com.sun.glass.ui.win.WinApplication._enterNestedEventLoop()Ljava/lang/Object;+15 javafx.graphics
j  com.sun.glass.ui.Application.enterNestedEventLoop()Ljava/lang/Object;+14 javafx.graphics
j  com.sun.glass.ui.EventLoop.enter()Ljava/lang/Object;+42 javafx.graphics
j  com.sun.javafx.tk.quantum.QuantumToolkit.enterNestedEventLoop(Ljava/lang/Object;)Ljava/lang/Object;+95 javafx.graphics
j  javafx.stage.Stage.showAndWait()V+93 javafx.graphics
j  javafx.scene.control.HeavyweightDialog.showAndWait()V+22 javafx.controls
j  javafx.scene.control.Dialog.showAndWait()Ljava/util/Optional;+86 javafx.controls
j  com.example.livecycle.controllers.auth.FaceAuthController.showAlert(Ljava/lang/String;Ljava/lang/String;)V+27 com.example.livecycle
j  com.example.livecycle.controllers.auth.FaceAuthController.lambda$handleFaceLogin$12(Ljava/lang/Exception;)V+24 com.example.livecycle
j  com.example.livecycle.controllers.auth.FaceAuthController$$Lambda+0x00000241904a5290.run()V+8 com.example.livecycle
J 4862 c1 com.sun.javafx.application.PlatformImpl$$Lambda+0x0000024190087d10.run()Ljava/lang/Object; javafx.graphics (8 bytes) @ 0x000002418097b18c [0x000002418097b040+0x000000000000014c]
J 4860 c1 com.sun.javafx.application.PlatformImpl.lambda$runLater$11(Ljava/lang/Runnable;Ljava/security/AccessControlContext;)V javafx.graphics (41 bytes) @ 0x000002418097c0c4 [0x000002418097bac0+0x0000000000000604]
J 4859 c1 com.sun.javafx.application.PlatformImpl$$Lambda+0x0000024190086cc0.run()V javafx.graphics (12 bytes) @ 0x000002418097a954 [0x000002418097a8c0+0x0000000000000094]
J 9712 c2 com.sun.glass.ui.InvokeLaterDispatcher$Future.run()V javafx.graphics (91 bytes) @ 0x0000024187fdb43c [0x0000024187fdb3e0+0x000000000000005c]
v  ~StubRoutines::call_stub 0x000002418745100d
j  com.sun.glass.ui.win.WinApplication._enterNestedEventLoopImpl()Ljava/lang/Object;+0 javafx.graphics
j  com.sun.glass.ui.win.WinApplication._enterNestedEventLoop()Ljava/lang/Object;+15 javafx.graphics
j  com.sun.glass.ui.Application.enterNestedEventLoop()Ljava/lang/Object;+14 javafx.graphics
j  com.sun.glass.ui.EventLoop.enter()Ljava/lang/Object;+42 javafx.graphics
j  com.sun.javafx.tk.quantum.QuantumToolkit.enterNestedEventLoop(Ljava/lang/Object;)Ljava/lang/Object;+95 javafx.graphics
j  javafx.stage.Stage.showAndWait()V+93 javafx.graphics
j  javafx.scene.control.HeavyweightDialog.showAndWait()V+22 javafx.controls
j  javafx.scene.control.Dialog.showAndWait()Ljava/util/Optional;+86 javafx.controls
j  com.example.livecycle.controllers.auth.FaceAuthController.showAlert(Ljava/lang/String;Ljava/lang/String;)V+27 com.example.livecycle
j  com.example.livecycle.controllers.auth.FaceAuthController.lambda$handleFaceLogin$12(Ljava/lang/Exception;)V+24 com.example.livecycle
j  com.example.livecycle.controllers.auth.FaceAuthController$$Lambda+0x00000241904a5290.run()V+8 com.example.livecycle
J 4862 c1 com.sun.javafx.application.PlatformImpl$$Lambda+0x0000024190087d10.run()Ljava/lang/Object; javafx.graphics (8 bytes) @ 0x000002418097b18c [0x000002418097b040+0x000000000000014c]
J 4860 c1 com.sun.javafx.application.PlatformImpl.lambda$runLater$11(Ljava/lang/Runnable;Ljava/security/AccessControlContext;)V javafx.graphics (41 bytes) @ 0x000002418097c0c4 [0x000002418097bac0+0x0000000000000604]
J 4859 c1 com.sun.javafx.application.PlatformImpl$$Lambda+0x0000024190086cc0.run()V javafx.graphics (12 bytes) @ 0x000002418097a954 [0x000002418097a8c0+0x0000000000000094]
J 9712 c2 com.sun.glass.ui.InvokeLaterDispatcher$Future.run()V javafx.graphics (91 bytes) @ 0x0000024187fdb43c [0x0000024187fdb3e0+0x000000000000005c]
v  ~StubRoutines::call_stub 0x000002418745100d
j  com.sun.glass.ui.win.WinApplication._enterNestedEventLoopImpl()Ljava/lang/Object;+0 javafx.graphics
j  com.sun.glass.ui.win.WinApplication._enterNestedEventLoop()Ljava/lang/Object;+15 javafx.graphics
j  com.sun.glass.ui.Application.enterNestedEventLoop()Ljava/lang/Object;+14 javafx.graphics
j  com.sun.glass.ui.EventLoop.enter()Ljava/lang/Object;+42 javafx.graphics
j  com.sun.javafx.tk.quantum.QuantumToolkit.enterNestedEventLoop(Ljava/lang/Object;)Ljava/lang/Object;+95 javafx.graphics
j  javafx.stage.Stage.showAndWait()V+93 javafx.graphics
j  javafx.scene.control.HeavyweightDialog.showAndWait()V+22 javafx.controls
j  javafx.scene.control.Dialog.showAndWait()Ljava/util/Optional;+86 javafx.controls
j  com.example.livecycle.controllers.auth.FaceAuthController.showAlert(Ljava/lang/String;Ljava/lang/String;)V+27 com.example.livecycle
j  com.example.livecycle.controllers.auth.FaceAuthController.lambda$handleFaceLogin$12(Ljava/lang/Exception;)V+24 com.example.livecycle
j  com.example.livecycle.controllers.auth.FaceAuthController$$Lambda+0x00000241904a5290.run()V+8 com.example.livecycle
J 4862 c1 com.sun.javafx.application.PlatformImpl$$Lambda+0x0000024190087d10.run()Ljava/lang/Object; javafx.graphics (8 bytes) @ 0x000002418097b18c [0x000002418097b040+0x000000000000014c]
J 4860 c1 com.sun.javafx.application.PlatformImpl.lambda$runLater$11(Ljava/lang/Runnable;Ljava/security/AccessControlContext;)V javafx.graphics (41 bytes) @ 0x000002418097c0c4 [0x000002418097bac0+0x0000000000000604]
J 4859 c1 com.sun.javafx.application.PlatformImpl$$Lambda+0x0000024190086cc0.run()V javafx.graphics (12 bytes) @ 0x000002418097a954 [0x000002418097a8c0+0x0000000000000094]
J 9712 c2 com.sun.glass.ui.InvokeLaterDispatcher$Future.run()V javafx.graphics (91 bytes) @ 0x0000024187fdb43c [0x0000024187fdb3e0+0x000000000000005c]
v  ~StubRoutines::call_stub 0x000002418745100d
j  com.sun.glass.ui.win.WinApplication._enterNestedEventLoopImpl()Ljava/lang/Object;+0 javafx.graphics
j  com.sun.glass.ui.win.WinApplication._enterNestedEventLoop()Ljava/lang/Object;+15 javafx.graphics
j  com.sun.glass.ui.Application.enterNestedEventLoop()Ljava/lang/Object;+14 javafx.graphics
j  com.sun.glass.ui.EventLoop.enter()Ljava/lang/Object;+42 javafx.graphics
j  com.sun.javafx.tk.quantum.QuantumToolkit.enterNestedEventLoop(Ljava/lang/Object;)Ljava/lang/Object;+95 javafx.graphics
j  javafx.stage.Stage.showAndWait()V+93 javafx.graphics
j  javafx.scene.control.HeavyweightDialog.showAndWait()V+22 javafx.controls
j  javafx.scene.control.Dialog.showAndWait()Ljava/util/Optional;+86 javafx.controls
j  com.example.livecycle.controllers.auth.FaceAuthController.showAlert(Ljava/lang/String;Ljava/lang/String;)V+27 com.example.livecycle
j  com.example.livecycle.controllers.auth.FaceAuthController.lambda$handleFaceLogin$12(Ljava/lang/Exception;)V+24 com.example.livecycle
j  com.example.livecycle.controllers.auth.FaceAuthController$$Lambda+0x00000241904a5290.run()V+8 com.example.livecycle
J 4862 c1 com.sun.javafx.application.PlatformImpl$$Lambda+0x0000024190087d10.run()Ljava/lang/Object; javafx.graphics (8 bytes) @ 0x000002418097b18c [0x000002418097b040+0x000000000000014c]
J 4860 c1 com.sun.javafx.application.PlatformImpl.lambda$runLater$11(Ljava/lang/Runnable;Ljava/security/AccessControlContext;)V javafx.graphics (41 bytes) @ 0x000002418097c0c4 [0x000002418097bac0+0x0000000000000604]
J 4859 c1 com.sun.javafx.application.PlatformImpl$$Lambda+0x0000024190086cc0.run()V javafx.graphics (12 bytes) @ 0x000002418097a954 [0x000002418097a8c0+0x0000000000000094]
J 9712 c2 com.sun.glass.ui.InvokeLaterDispatcher$Future.run()V javafx.graphics (91 bytes) @ 0x0000024187fdb43c [0x0000024187fdb3e0+0x000000000000005c]
v  ~StubRoutines::call_stub 0x000002418745100d
j  com.sun.glass.ui.win.WinApplication._enterNestedEventLoopImpl()Ljava/lang/Object;+0 javafx.graphics
j  com.sun.glass.ui.win.WinApplication._enterNestedEventLoop()Ljava/lang/Object;+15 javafx.graphics
j  com.sun.glass.ui.Application.enterNestedEventLoop()Ljava/lang/Object;+14 javafx.graphics
j  com.sun.glass.ui.EventLoop.enter()Ljava/lang/Object;+42 javafx.graphics
j  com.sun.javafx.tk.quantum.QuantumToolkit.enterNestedEventLoop(Ljava/lang/Object;)Ljava/lang/Object;+95 javafx.graphics
j  javafx.stage.Stage.showAndWait()V+93 javafx.graphics
j  javafx.scene.control.HeavyweightDialog.showAndWait()V+22 javafx.controls
j  javafx.scene.control.Dialog.showAndWait()Ljava/util/Optional;+86 javafx.controls
j  com.example.livecycle.controllers.auth.FaceAuthController.showAlert(Ljava/lang/String;Ljava/lang/String;)V+27 com.example.livecycle
j  com.example.livecycle.controllers.auth.FaceAuthController.lambda$handleFaceLogin$12(Ljava/lang/Exception;)V+24 com.example.livecycle
j  com.example.livecycle.controllers.auth.FaceAuthController$$Lambda+0x00000241904a5290.run()V+8 com.example.livecycle
J 4862 c1 com.sun.javafx.application.PlatformImpl$$Lambda+0x0000024190087d10.run()Ljava/lang/Object; javafx.graphics (8 bytes) @ 0x000002418097b18c [0x000002418097b040+0x000000000000014c]
J 4860 c1 com.sun.javafx.application.PlatformImpl.lambda$runLater$11(Ljava/lang/Runnable;Ljava/security/AccessControlContext;)V javafx.graphics (41 bytes) @ 0x000002418097c0c4 [0x000002418097bac0+0x0000000000000604]
J 4859 c1 com.sun.javafx.application.PlatformImpl$$Lambda+0x0000024190086cc0.run()V javafx.graphics (12 bytes) @ 0x000002418097a954 [0x000002418097a8c0+0x0000000000000094]
J 9712 c2 com.sun.glass.ui.InvokeLaterDispatcher$Future.run()V javafx.graphics (91 bytes) @ 0x0000024187fdb43c [0x0000024187fdb3e0+0x000000000000005c]
v  ~StubRoutines::call_stub 0x000002418745100d
j  com.sun.glass.ui.win.WinApplication._enterNestedEventLoopImpl()Ljava/lang/Object;+0 javafx.graphics
j  com.sun.glass.ui.win.WinApplication._enterNestedEventLoop()Ljava/lang/Object;+15 javafx.graphics
j  com.sun.glass.ui.Application.enterNestedEventLoop()Ljava/lang/Object;+14 javafx.graphics
j  com.sun.glass.ui.EventLoop.enter()Ljava/lang/Object;+42 javafx.graphics
j  com.sun.javafx.tk.quantum.QuantumToolkit.enterNestedEventLoop(Ljava/lang/Object;)Ljava/lang/Object;+95 javafx.graphics
j  javafx.stage.Stage.showAndWait()V+93 javafx.graphics
j  javafx.scene.control.HeavyweightDialog.showAndWait()V+22 javafx.controls
j  javafx.scene.control.Dialog.showAndWait()Ljava/util/Optional;+86 javafx.controls
j  com.example.livecycle.controllers.auth.FaceAuthController.showAlert(Ljava/lang/String;Ljava/lang/String;)V+27 com.example.livecycle
j  com.example.livecycle.controllers.auth.FaceAuthController.lambda$handleFaceLogin$12(Ljava/lang/Exception;)V+24 com.example.livecycle
j  com.example.livecycle.controllers.auth.FaceAuthController$$Lambda+0x00000241904a5290.run()V+8 com.example.livecycle
J 4862 c1 com.sun.javafx.application.PlatformImpl$$Lambda+0x0000024190087d10.run()Ljava/lang/Object; javafx.graphics (8 bytes) @ 0x000002418097b18c [0x000002418097b040+0x000000000000014c]
J 4860 c1 com.sun.javafx.application.PlatformImpl.lambda$runLater$11(Ljava/lang/Runnable;Ljava/security/AccessControlContext;)V javafx.graphics (41 bytes) @ 0x000002418097c0c4 [0x000002418097bac0+0x0000000000000604]
J 4859 c1 com.sun.javafx.application.PlatformImpl$$Lambda+0x0000024190086cc0.run()V javafx.graphics (12 bytes) @ 0x000002418097a954 [0x000002418097a8c0+0x0000000000000094]
J 9712 c2 com.sun.glass.ui.InvokeLaterDispatcher$Future.run()V javafx.graphics (91 bytes) @ 0x0000024187fdb43c [0x0000024187fdb3e0+0x000000000000005c]
v  ~StubRoutines::call_stub 0x000002418745100d
j  com.sun.glass.ui.win.WinApplication._enterNestedEventLoopImpl()Ljava/lang/Object;+0 javafx.graphics
j  com.sun.glass.ui.win.WinApplication._enterNestedEventLoop()Ljava/lang/Object;+15 javafx.graphics
j  com.sun.glass.ui.Application.enterNestedEventLoop()Ljava/lang/Object;+14 javafx.graphics
j  com.sun.glass.ui.EventLoop.enter()Ljava/lang/Object;+42 javafx.graphics
j  com.sun.javafx.tk.quantum.QuantumToolkit.enterNestedEventLoop(Ljava/lang/Object;)Ljava/lang/Object;+95 javafx.graphics
j  javafx.stage.Stage.showAndWait()V+93 javafx.graphics
j  javafx.scene.control.HeavyweightDialog.showAndWait()V+22 javafx.controls
j  javafx.scene.control.Dialog.showAndWait()Ljava/util/Optional;+86 javafx.controls
j  com.example.livecycle.controllers.auth.FaceAuthController.showAlert(Ljava/lang/String;Ljava/lang/String;)V+27 com.example.livecycle
j  com.example.livecycle.controllers.auth.FaceAuthController.lambda$handleFaceLogin$12(Ljava/lang/Exception;)V+24 com.example.livecycle
j  com.example.livecycle.controllers.auth.FaceAuthController$$Lambda+0x00000241904a5290.run()V+8 com.example.livecycle
J 4862 c1 com.sun.javafx.application.PlatformImpl$$Lambda+0x0000024190087d10.run()Ljava/lang/Object; javafx.graphics (8 bytes) @ 0x000002418097b18c [0x000002418097b040+0x000000000000014c]
J 4860 c1 com.sun.javafx.application.PlatformImpl.lambda$runLater$11(Ljava/lang/Runnable;Ljava/security/AccessControlContext;)V javafx.graphics (41 bytes) @ 0x000002418097c0c4 [0x000002418097bac0+0x0000000000000604]
J 4859 c1 com.sun.javafx.application.PlatformImpl$$Lambda+0x0000024190086cc0.run()V javafx.graphics (12 bytes) @ 0x000002418097a954 [0x000002418097a8c0+0x0000000000000094]
J 9712 c2 com.sun.glass.ui.InvokeLaterDispatcher$Future.run()V javafx.graphics (91 bytes) @ 0x0000024187fdb43c [0x0000024187fdb3e0+0x000000000000005c]
v  ~StubRoutines::call_stub 0x000002418745100d
j  com.sun.glass.ui.win.WinApplication._enterNestedEventLoopImpl()Ljava/lang/Object;+0 javafx.graphics
j  com.sun.glass.ui.win.WinApplication._enterNestedEventLoop()Ljava/lang/Object;+15 javafx.graphics
j  com.sun.glass.ui.Application.enterNestedEventLoop()Ljava/lang/Object;+14 javafx.graphics
j  com.sun.glass.ui.EventLoop.enter()Ljava/lang/Object;+42 javafx.graphics
j  com.sun.javafx.tk.quantum.QuantumToolkit.enterNestedEventLoop(Ljava/lang/Object;)Ljava/lang/Object;+95 javafx.graphics
j  javafx.stage.Stage.showAndWait()V+93 javafx.graphics
j  javafx.scene.control.HeavyweightDialog.showAndWait()V+22 javafx.controls
j  javafx.scene.control.Dialog.showAndWait()Ljava/util/Optional;+86 javafx.controls
j  com.example.livecycle.controllers.auth.FaceAuthController.showAlert(Ljava/lang/String;Ljava/lang/String;)V+27 com.example.livecycle
j  com.example.livecycle.controllers.auth.FaceAuthController.lambda$handleFaceLogin$12(Ljava/lang/Exception;)V+24 com.example.livecycle
j  com.example.livecycle.controllers.auth.FaceAuthController$$Lambda+0x00000241904a5290.run()V+8 com.example.livecycle
J 4862 c1 com.sun.javafx.application.PlatformImpl$$Lambda+0x0000024190087d10.run()Ljava/lang/Object; javafx.graphics (8 bytes) @ 0x000002418097b18c [0x000002418097b040+0x000000000000014c]
J 4860 c1 com.sun.javafx.application.PlatformImpl.lambda$runLater$11(Ljava/lang/Runnable;Ljava/security/AccessControlContext;)V javafx.graphics (41 bytes) @ 0x000002418097c0c4 [0x000002418097bac0+0x0000000000000604]
J 4859 c1 com.sun.javafx.application.PlatformImpl$$Lambda+0x0000024190086cc0.run()V javafx.graphics (12 bytes) @ 0x000002418097a954 [0x000002418097a8c0+0x0000000000000094]
J 9712 c2 com.sun.glass.ui.InvokeLaterDispatcher$Future.run()V javafx.graphics (91 bytes) @ 0x0000024187fdb43c [0x0000024187fdb3e0+0x000000000000005c]
v  ~StubRoutines::call_stub 0x000002418745100d
j  com.sun.glass.ui.win.WinApplication._enterNestedEventLoopImpl()Ljava/lang/Object;+0 javafx.graphics
j  com.sun.glass.ui.win.WinApplication._enterNestedEventLoop()Ljava/lang/Object;+15 javafx.graphics
j  com.sun.glass.ui.Application.enterNestedEventLoop()Ljava/lang/Object;+14 javafx.graphics
j  com.sun.glass.ui.EventLoop.enter()Ljava/lang/Object;+42 javafx.graphics
j  com.sun.javafx.tk.quantum.QuantumToolkit.enterNestedEventLoop(Ljava/lang/Object;)Ljava/lang/Object;+95 javafx.graphics
j  javafx.stage.Stage.showAndWait()V+93 javafx.graphics
j  javafx.scene.control.HeavyweightDialog.showAndWait()V+22 javafx.controls
j  javafx.scene.control.Dialog.showAndWait()Ljava/util/Optional;+86 javafx.controls
j  com.example.livecycle.controllers.auth.FaceAuthController.showAlert(Ljava/lang/String;Ljava/lang/String;)V+27 com.example.livecycle
j  com.example.livecycle.controllers.auth.FaceAuthController.lambda$handleFaceLogin$12(Ljava/lang/Exception;)V+24 com.example.livecycle
j  com.example.livecycle.controllers.auth.FaceAuthController$$Lambda+0x00000241904a5290.run()V+8 com.example.livecycle
J 4862 c1 com.sun.javafx.application.PlatformImpl$$Lambda+0x0000024190087d10.run()Ljava/lang/Object; javafx.graphics (8 bytes) @ 0x000002418097b18c [0x000002418097b040+0x000000000000014c]
J 4860 c1 com.sun.javafx.application.PlatformImpl.lambda$runLater$11(Ljava/lang/Runnable;Ljava/security/AccessControlContext;)V javafx.graphics (41 bytes) @ 0x000002418097c0c4 [0x000002418097bac0+0x0000000000000604]
J 4859 c1 com.sun.javafx.application.PlatformImpl$$Lambda+0x0000024190086cc0.run()V javafx.graphics (12 bytes) @ 0x000002418097a954 [0x000002418097a8c0+0x0000000000000094]
J 9712 c2 com.sun.glass.ui.InvokeLaterDispatcher$Future.run()V javafx.graphics (91 bytes) @ 0x0000024187fdb43c [0x0000024187fdb3e0+0x000000000000005c]
v  ~StubRoutines::call_stub 0x000002418745100d
j  com.sun.glass.ui.win.WinApplication._enterNestedEventLoopImpl()Ljava/lang/Object;+0 javafx.graphics
j  com.sun.glass.ui.win.WinApplication._enterNestedEventLoop()Ljava/lang/Object;+15 javafx.graphics
j  com.sun.glass.ui.Application.enterNestedEventLoop()Ljava/lang/Object;+14 javafx.graphics
j  com.sun.glass.ui.EventLoop.enter()Ljava/lang/Object;+42 javafx.graphics
j  com.sun.javafx.tk.quantum.QuantumToolkit.enterNestedEventLoop(Ljava/lang/Object;)Ljava/lang/Object;+95 javafx.graphics
j  javafx.stage.Stage.showAndWait()V+93 javafx.graphics
j  javafx.scene.control.HeavyweightDialog.showAndWait()V+22 javafx.controls
j  javafx.scene.control.Dialog.showAndWait()Ljava/util/Optional;+86 javafx.controls
j  com.example.livecycle.controllers.auth.FaceAuthController.showAlert(Ljava/lang/String;Ljava/lang/String;)V+27 com.example.livecycle
j  com.example.livecycle.controllers.auth.FaceAuthController.lambda$handleFaceLogin$12(Ljava/lang/Exception;)V+24 com.example.livecycle
j  com.example.livecycle.controllers.auth.FaceAuthController$$Lambda+0x00000241904a5290.run()V+8 com.example.livecycle
J 4862 c1 com.sun.javafx.application.PlatformImpl$$Lambda+0x0000024190087d10.run()Ljava/lang/Object; javafx.graphics (8 bytes) @ 0x000002418097b18c [0x000002418097b040+0x000000000000014c]
J 4860 c1 com.sun.javafx.application.PlatformImpl.lambda$runLater$11(Ljava/lang/Runnable;Ljava/security/AccessControlContext;)V javafx.graphics (41 bytes) @ 0x000002418097c0c4 [0x000002418097bac0+0x0000000000000604]
J 4859 c1 com.sun.javafx.application.PlatformImpl$$Lambda+0x0000024190086cc0.run()V javafx.graphics (12 bytes) @ 0x000002418097a954 [0x000002418097a8c0+0x0000000000000094]
J 9712 c2 com.sun.glass.ui.InvokeLaterDispatcher$Future.run()V javafx.graphics (91 bytes) @ 0x0000024187fdb43c [0x0000024187fdb3e0+0x000000000000005c]
v  ~StubRoutines::call_stub 0x000002418745100d
j  com.sun.glass.ui.win.WinApplication._enterNestedEventLoopImpl()Ljava/lang/Object;+0 javafx.graphics
j  com.sun.glass.ui.win.WinApplication._enterNestedEventLoop()Ljava/lang/Object;+15 javafx.graphics
j  com.sun.glass.ui.Application.enterNestedEventLoop()Ljava/lang/Object;+14 javafx.graphics
j  com.sun.glass.ui.EventLoop.enter()Ljava/lang/Object;+42 javafx.graphics
j  com.sun.javafx.tk.quantum.QuantumToolkit.enterNestedEventLoop(Ljava/lang/Object;)Ljava/lang/Object;+95 javafx.graphics
j  javafx.stage.Stage.showAndWait()V+93 javafx.graphics
j  javafx.scene.control.HeavyweightDialog.showAndWait()V+22 javafx.controls
j  javafx.scene.control.Dialog.showAndWait()Ljava/util/Optional;+86 javafx.controls
j  com.example.livecycle.controllers.auth.FaceAuthController.showAlert(Ljava/lang/String;Ljava/lang/String;)V+27 com.example.livecycle
j  com.example.livecycle.controllers.auth.FaceAuthController.lambda$handleFaceLogin$12(Ljava/lang/Exception;)V+24 com.example.livecycle
j  com.example.livecycle.controllers.auth.FaceAuthController$$Lambda+0x00000241904a5290.run()V+8 com.example.livecycle
J 4862 c1 com.sun.javafx.application.PlatformImpl$$Lambda+0x0000024190087d10.run()Ljava/lang/Object; javafx.graphics (8 bytes) @ 0x000002418097b18c [0x000002418097b040+0x000000000000014c]
J 4860 c1 com.sun.javafx.application.PlatformImpl.lambda$runLater$11(Ljava/lang/Runnable;Ljava/security/AccessControlContext;)V javafx.graphics (41 bytes) @ 0x000002418097c0c4 [0x000002418097bac0+0x0000000000000604]
J 4859 c1 com.sun.javafx.application.PlatformImpl$$Lambda+0x0000024190086cc0.run()V javafx.graphics (12 bytes) @ 0x000002418097a954 [0x000002418097a8c0+0x0000000000000094]
J 9712 c2 com.sun.glass.ui.InvokeLaterDispatcher$Future.run()V javafx.graphics (91 bytes) @ 0x0000024187fdb43c [0x0000024187fdb3e0+0x000000000000005c]
v  ~StubRoutines::call_stub 0x000002418745100d
j  com.sun.glass.ui.win.WinApplication._enterNestedEventLoopImpl()Ljava/lang/Object;+0 javafx.graphics
j  com.sun.glass.ui.win.WinApplication._enterNestedEventLoop()Ljava/lang/Object;+15 javafx.graphics
j  com.sun.glass.ui.Application.enterNestedEventLoop()Ljava/lang/Object;+14 javafx.graphics
j  com.sun.glass.ui.EventLoop.enter()Ljava/lang/Object;+42 javafx.graphics
j  com.sun.javafx.tk.quantum.QuantumToolkit.enterNestedEventLoop(Ljava/lang/Object;)Ljava/lang/Object;+95 javafx.graphics
j  javafx.stage.Stage.showAndWait()V+93 javafx.graphics
j  javafx.scene.control.HeavyweightDialog.showAndWait()V+22 javafx.controls
j  javafx.scene.control.Dialog.showAndWait()Ljava/util/Optional;+86 javafx.controls
j  com.example.livecycle.controllers.auth.FaceAuthController.showAlert(Ljava/lang/String;Ljava/lang/String;)V+27 com.example.livecycle
j  com.example.livecycle.controllers.auth.FaceAuthController.lambda$handleFaceLogin$12(Ljava/lang/Exception;)V+24 com.example.livecycle
j  com.example.livecycle.controllers.auth.FaceAuthController$$Lambda+0x00000241904a5290.run()V+8 com.example.livecycle
J 4862 c1 com.sun.javafx.application.PlatformImpl$$Lambda+0x0000024190087d10.run()Ljava/lang/Object; javafx.graphics (8 bytes) @ 0x000002418097b18c [0x000002418097b040+0x000000000000014c]
J 4860 c1 com.sun.javafx.application.PlatformImpl.lambda$runLater$11(Ljava/lang/Runnable;Ljava/security/AccessControlContext;)V javafx.graphics (41 bytes) @ 0x000002418097c0c4 [0x000002418097bac0+0x0000000000000604]
J 4859 c1 com.sun.javafx.application.PlatformImpl$$Lambda+0x0000024190086cc0.run()V javafx.graphics (12 bytes) @ 0x000002418097a954 [0x000002418097a8c0+0x0000000000000094]
J 9712 c2 com.sun.glass.ui.InvokeLaterDispatcher$Future.run()V javafx.graphics (91 bytes) @ 0x0000024187fdb43c [0x0000024187fdb3e0+0x000000000000005c]
v  ~StubRoutines::call_stub 0x000002418745100d
j  com.sun.glass.ui.win.WinApplication._enterNestedEventLoopImpl()Ljava/lang/Object;+0 javafx.graphics
j  com.sun.glass.ui.win.WinApplication._enterNestedEventLoop()Ljava/lang/Object;+15 javafx.graphics
j  com.sun.glass.ui.Application.enterNestedEventLoop()Ljava/lang/Object;+14 javafx.graphics
j  com.sun.glass.ui.EventLoop.enter()Ljava/lang/Object;+42 javafx.graphics
j  com.sun.javafx.tk.quantum.QuantumToolkit.enterNestedEventLoop(Ljava/lang/Object;)Ljava/lang/Object;+95 javafx.graphics
j  javafx.stage.Stage.showAndWait()V+93 javafx.graphics
j  javafx.scene.control.HeavyweightDialog.showAndWait()V+22 javafx.controls
j  javafx.scene.control.Dialog.showAndWait()Ljava/util/Optional;+86 javafx.controls
j  com.example.livecycle.controllers.auth.FaceAuthController.showAlert(Ljava/lang/String;Ljava/lang/String;)V+27 com.example.livecycle
j  com.example.livecycle.controllers.auth.FaceAuthController.lambda$handleFaceLogin$12(Ljava/lang/Exception;)V+24 com.example.livecycle
j  com.example.livecycle.controllers.auth.FaceAuthController$$Lambda+0x00000241904a5290.run()V+8 com.example.livecycle
J 4862 c1 com.sun.javafx.application.PlatformImpl$$Lambda+0x0000024190087d10.run()Ljava/lang/Object; javafx.graphics (8 bytes) @ 0x000002418097b18c [0x000002418097b040+0x000000000000014c]
J 4860 c1 com.sun.javafx.application.PlatformImpl.lambda$runLater$11(Ljava/lang/Runnable;Ljava/security/AccessControlContext;)V javafx.graphics (41 bytes) @ 0x000002418097c0c4 [0x000002418097bac0+0x0000000000000604]
J 4859 c1 com.sun.javafx.application.PlatformImpl$$Lambda+0x0000024190086cc0.run()V javafx.graphics (12 bytes) @ 0x000002418097a954 [0x000002418097a8c0+0x0000000000000094]
J 9712 c2 com.sun.glass.ui.InvokeLaterDispatcher$Future.run()V javafx.graphics (91 bytes) @ 0x0000024187fdb43c [0x0000024187fdb3e0+0x000000000000005c]
v  ~StubRoutines::call_stub 0x000002418745100d
j  com.sun.glass.ui.win.WinApplication._enterNestedEventLoopImpl()Ljava/lang/Object;+0 javafx.graphics
j  com.sun.glass.ui.win.WinApplication._enterNestedEventLoop()Ljava/lang/Object;+15 javafx.graphics
j  com.sun.glass.ui.Application.enterNestedEventLoop()Ljava/lang/Object;+14 javafx.graphics
j  com.sun.glass.ui.EventLoop.enter()Ljava/lang/Object;+42 javafx.graphics
j  com.sun.javafx.tk.quantum.QuantumToolkit.enterNestedEventLoop(Ljava/lang/Object;)Ljava/lang/Object;+95 javafx.graphics
j  javafx.stage.Stage.showAndWait()V+93 javafx.graphics
j  javafx.scene.control.HeavyweightDialog.showAndWait()V+22 javafx.controls
j  javafx.scene.control.Dialog.showAndWait()Ljava/util/Optional;+86 javafx.controls
j  com.example.livecycle.controllers.auth.FaceAuthController.showAlert(Ljava/lang/String;Ljava/lang/String;)V+27 com.example.livecycle
j  com.example.livecycle.controllers.auth.FaceAuthController.lambda$handleFaceLogin$12(Ljava/lang/Exception;)V+24 com.example.livecycle
j  com.example.livecycle.controllers.auth.FaceAuthController$$Lambda+0x00000241904a5290.run()V+8 com.example.livecycle
J 4862 c1 com.sun.javafx.application.PlatformImpl$$Lambda+0x0000024190087d10.run()Ljava/lang/Object; javafx.graphics (8 bytes) @ 0x000002418097b18c [0x000002418097b040+0x000000000000014c]
J 4860 c1 com.sun.javafx.application.PlatformImpl.lambda$runLater$11(Ljava/lang/Runnable;Ljava/security/AccessControlContext;)V javafx.graphics (41 bytes) @ 0x000002418097c0c4 [0x000002418097bac0+0x0000000000000604]
J 4859 c1 com.sun.javafx.application.PlatformImpl$$Lambda+0x0000024190086cc0.run()V javafx.graphics (12 bytes) @ 0x000002418097a954 [0x000002418097a8c0+0x0000000000000094]
J 9712 c2 com.sun.glass.ui.InvokeLaterDispatcher$Future.run()V javafx.graphics (91 bytes) @ 0x0000024187fdb43c [0x0000024187fdb3e0+0x000000000000005c]
v  ~StubRoutines::call_stub 0x000002418745100d
j  com.sun.glass.ui.win.WinApplication._enterNestedEventLoopImpl()Ljava/lang/Object;+0 javafx.graphics
j  com.sun.glass.ui.win.WinApplication._enterNestedEventLoop()Ljava/lang/Object;+15 javafx.graphics
j  com.sun.glass.ui.Application.enterNestedEventLoop()Ljava/lang/Object;+14 javafx.graphics
j  com.sun.glass.ui.EventLoop.enter()Ljava/lang/Object;+42 javafx.graphics
j  com.sun.javafx.tk.quantum.QuantumToolkit.enterNestedEventLoop(Ljava/lang/Object;)Ljava/lang/Object;+95 javafx.graphics
j  javafx.stage.Stage.showAndWait()V+93 javafx.graphics
j  javafx.scene.control.HeavyweightDialog.showAndWait()V+22 javafx.controls
j  javafx.scene.control.Dialog.showAndWait()Ljava/util/Optional;+86 javafx.controls
j  com.example.livecycle.controllers.auth.FaceAuthController.showAlert(Ljava/lang/String;Ljava/lang/String;)V+27 com.example.livecycle
j  com.example.livecycle.controllers.auth.FaceAuthController.lambda$handleFaceLogin$12(Ljava/lang/Exception;)V+24 com.example.livecycle
j  com.example.livecycle.controllers.auth.FaceAuthController$$Lambda+0x00000241904a5290.run()V+8 com.example.livecycle
J 4862 c1 com.sun.javafx.application.PlatformImpl$$Lambda+0x0000024190087d10.run()Ljava/lang/Object; javafx.graphics (8 bytes) @ 0x000002418097b18c [0x000002418097b040+0x000000000000014c]
J 4860 c1 com.sun.javafx.application.PlatformImpl.lambda$runLater$11(Ljava/lang/Runnable;Ljava/security/AccessControlContext;)V javafx.graphics (41 bytes) @ 0x000002418097c0c4 [0x000002418097bac0+0x0000000000000604]
J 4859 c1 com.sun.javafx.application.PlatformImpl$$Lambda+0x0000024190086cc0.run()V javafx.graphics (12 bytes) @ 0x000002418097a954 [0x000002418097a8c0+0x0000000000000094]
J 9712 c2 com.sun.glass.ui.InvokeLaterDispatcher$Future.run()V javafx.graphics (91 bytes) @ 0x0000024187fdb43c [0x0000024187fdb3e0+0x000000000000005c]
v  ~StubRoutines::call_stub 0x000002418745100d
j  com.sun.glass.ui.win.WinApplication._enterNestedEventLoopImpl()Ljava/lang/Object;+0 javafx.graphics
j  com.sun.glass.ui.win.WinApplication._enterNestedEventLoop()Ljava/lang/Object;+15 javafx.graphics
j  com.sun.glass.ui.Application.enterNestedEventLoop()Ljava/lang/Object;+14 javafx.graphics
j  com.sun.glass.ui.EventLoop.enter()Ljava/lang/Object;+42 javafx.graphics
j  com.sun.javafx.tk.quantum.QuantumToolkit.enterNestedEventLoop(Ljava/lang/Object;)Ljava/lang/Object;+95 javafx.graphics
j  javafx.stage.Stage.showAndWait()V+93 javafx.graphics
j  javafx.scene.control.HeavyweightDialog.showAndWait()V+22 javafx.controls
j  javafx.scene.control.Dialog.showAndWait()Ljava/util/Optional;+86 javafx.controls
j  com.example.livecycle.controllers.auth.FaceAuthController.showAlert(Ljava/lang/String;Ljava/lang/String;)V+27 com.example.livecycle
j  com.example.livecycle.controllers.auth.FaceAuthController.lambda$handleFaceLogin$12(Ljava/lang/Exception;)V+24 com.example.livecycle
j  com.example.livecycle.controllers.auth.FaceAuthController$$Lambda+0x00000241904a5290.run()V+8 com.example.livecycle
J 4862 c1 com.sun.javafx.application.PlatformImpl$$Lambda+0x0000024190087d10.run()Ljava/lang/Object; javafx.graphics (8 bytes) @ 0x000002418097b18c [0x000002418097b040+0x000000000000014c]
J 4860 c1 com.sun.javafx.application.PlatformImpl.lambda$runLater$11(Ljava/lang/Runnable;Ljava/security/AccessControlContext;)V javafx.graphics (41 bytes) @ 0x000002418097c0c4 [0x000002418097bac0+0x0000000000000604]
J 4859 c1 com.sun.javafx.application.PlatformImpl$$Lambda+0x0000024190086cc0.run()V javafx.graphics (12 bytes) @ 0x000002418097a954 [0x000002418097a8c0+0x0000000000000094]
J 9712 c2 com.sun.glass.ui.InvokeLaterDispatcher$Future.run()V javafx.graphics (91 bytes) @ 0x0000024187fdb43c [0x0000024187fdb3e0+0x000000000000005c]
v  ~StubRoutines::call_stub 0x000002418745100d
j  com.sun.glass.ui.win.WinApplication._enterNestedEventLoopImpl()Ljava/lang/Object;+0 javafx.graphics
j  com.sun.glass.ui.win.WinApplication._enterNestedEventLoop()Ljava/lang/Object;+15 javafx.graphics
j  com.sun.glass.ui.Application.enterNestedEventLoop()Ljava/lang/Object;+14 javafx.graphics
j  com.sun.glass.ui.EventLoop.enter()Ljava/lang/Object;+42 javafx.graphics
j  com.sun.javafx.tk.quantum.QuantumToolkit.enterNestedEventLoop(Ljava/lang/Object;)Ljava/lang/Object;+95 javafx.graphics
j  javafx.stage.Stage.showAndWait()V+93 javafx.graphics
j  javafx.scene.control.HeavyweightDialog.showAndWait()V+22 javafx.controls
j  javafx.scene.control.Dialog.showAndWait()Ljava/util/Optional;+86 javafx.controls
j  com.example.livecycle.controllers.auth.FaceAuthController.showAlert(Ljava/lang/String;Ljava/lang/String;)V+27 com.example.livecycle
j  com.example.livecycle.controllers.auth.FaceAuthController.lambda$handleFaceLogin$12(Ljava/lang/Exception;)V+24 com.example.livecycle
j  com.example.livecycle.controllers.auth.FaceAuthController$$Lambda+0x00000241904a5290.run()V+8 com.example.livecycle
J 4862 c1 com.sun.javafx.application.PlatformImpl$$Lambda+0x0000024190087d10.run()Ljava/lang/Object; javafx.graphics (8 bytes) @ 0x000002418097b18c [0x000002418097b040+0x000000000000014c]
J 4860 c1 com.sun.javafx.application.PlatformImpl.lambda$runLater$11(Ljava/lang/Runnable;Ljava/security/AccessControlContext;)V javafx.graphics (41 bytes) @ 0x000002418097c0c4 [0x000002418097bac0+0x0000000000000604]
J 4859 c1 com.sun.javafx.application.PlatformImpl$$Lambda+0x0000024190086cc0.run()V javafx.graphics (12 bytes) @ 0x000002418097a954 [0x000002418097a8c0+0x0000000000000094]
J 9712 c2 com.sun.glass.ui.InvokeLaterDispatcher$Future.run()V javafx.graphics (91 bytes) @ 0x0000024187fdb43c [0x0000024187fdb3e0+0x000000000000005c]
v  ~StubRoutines::call_stub 0x000002418745100d
j  com.sun.glass.ui.win.WinApplication._enterNestedEventLoopImpl()Ljava/lang/Object;+0 javafx.graphics
j  com.sun.glass.ui.win.WinApplication._enterNestedEventLoop()Ljava/lang/Object;+15 javafx.graphics
j  com.sun.glass.ui.Application.enterNestedEventLoop()Ljava/lang/Object;+14 javafx.graphics
j  com.sun.glass.ui.EventLoop.enter()Ljava/lang/Object;+42 javafx.graphics
j  com.sun.javafx.tk.quantum.QuantumToolkit.enterNestedEventLoop(Ljava/lang/Object;)Ljava/lang/Object;+95 javafx.graphics
j  javafx.stage.Stage.showAndWait()V+93 javafx.graphics
j  javafx.scene.control.HeavyweightDialog.showAndWait()V+22 javafx.controls
j  javafx.scene.control.Dialog.showAndWait()Ljava/util/Optional;+86 javafx.controls
j  com.example.livecycle.controllers.auth.FaceAuthController.showAlert(Ljava/lang/String;Ljava/lang/String;)V+27 com.example.livecycle
j  com.example.livecycle.controllers.auth.FaceAuthController.lambda$handleFaceLogin$12(Ljava/lang/Exception;)V+24 com.example.livecycle
j  com.example.livecycle.controllers.auth.FaceAuthController$$Lambda+0x00000241904a5290.run()V+8 com.example.livecycle
J 4862 c1 com.sun.javafx.application.PlatformImpl$$Lambda+0x0000024190087d10.run()Ljava/lang/Object; javafx.graphics (8 bytes) @ 0x000002418097b18c [0x000002418097b040+0x000000000000014c]
J 4860 c1 com.sun.javafx.application.PlatformImpl.lambda$runLater$11(Ljava/lang/Runnable;Ljava/security/AccessControlContext;)V javafx.graphics (41 bytes) @ 0x000002418097c0c4 [0x000002418097bac0+0x0000000000000604]
J 4859 c1 com.sun.javafx.application.PlatformImpl$$Lambda+0x0000024190086cc0.run()V javafx.graphics (12 bytes) @ 0x000002418097a954 [0x000002418097a8c0+0x0000000000000094]
J 9712 c2 com.sun.glass.ui.InvokeLaterDispatcher$Future.run()V javafx.graphics (91 bytes) @ 0x0000024187fdb43c [0x0000024187fdb3e0+0x000000000000005c]
v  ~StubRoutines::call_stub 0x000002418745100d
j  com.sun.glass.ui.win.WinApplication._enterNestedEventLoopImpl()Ljava/lang/Object;+0 javafx.graphics
j  com.sun.glass.ui.win.WinApplication._enterNestedEventLoop()Ljava/lang/Object;+15 javafx.graphics
j  com.sun.glass.ui.Application.enterNestedEventLoop()Ljava/lang/Object;+14 javafx.graphics
j  com.sun.glass.ui.EventLoop.enter()Ljava/lang/Object;+42 javafx.graphics
j  com.sun.javafx.tk.quantum.QuantumToolkit.enterNestedEventLoop(Ljava/lang/Object;)Ljava/lang/Object;+95 javafx.graphics
j  javafx.stage.Stage.showAndWait()V+93 javafx.graphics
j  javafx.scene.control.HeavyweightDialog.showAndWait()V+22 javafx.controls
j  javafx.scene.control.Dialog.showAndWait()Ljava/util/Optional;+86 javafx.controls
j  com.example.livecycle.controllers.auth.FaceAuthController.showAlert(Ljava/lang/String;Ljava/lang/String;)V+27 com.example.livecycle
j  com.example.livecycle.controllers.auth.FaceAuthController.lambda$handleFaceLogin$12(Ljava/lang/Exception;)V+24 com.example.livecycle
j  com.example.livecycle.controllers.auth.FaceAuthController$$Lambda+0x00000241904a5290.run()V+8 com.example.livecycle
J 4862 c1 com.sun.javafx.application.PlatformImpl$$Lambda+0x0000024190087d10.run()Ljava/lang/Object; javafx.graphics (8 bytes) @ 0x000002418097b18c [0x000002418097b040+0x000000000000014c]
J 4860 c1 com.sun.javafx.application.PlatformImpl.lambda$runLater$11(Ljava/lang/Runnable;Ljava/security/AccessControlContext;)V javafx.graphics (41 bytes) @ 0x000002418097c0c4 [0x000002418097bac0+0x0000000000000604]
J 4859 c1 com.sun.javafx.application.PlatformImpl$$Lambda+0x0000024190086cc0.run()V javafx.graphics (12 bytes) @ 0x000002418097a954 [0x000002418097a8c0+0x0000000000000094]
J 9712 c2 com.sun.glass.ui.InvokeLaterDispatcher$Future.run()V javafx.graphics (91 bytes) @ 0x0000024187fdb43c [0x0000024187fdb3e0+0x000000000000005c]
v  ~StubRoutines::call_stub 0x000002418745100d
j  com.sun.glass.ui.win.WinApplication._enterNestedEventLoopImpl()Ljava/lang/Object;+0 javafx.graphics
j  com.sun.glass.ui.win.WinApplication._enterNestedEventLoop()Ljava/lang/Object;+15 javafx.graphics
j  com.sun.glass.ui.Application.enterNestedEventLoop()Ljava/lang/Object;+14 javafx.graphics
j  com.sun.glass.ui.EventLoop.enter()Ljava/lang/Object;+42 javafx.graphics
j  com.sun.javafx.tk.quantum.QuantumToolkit.enterNestedEventLoop(Ljava/lang/Object;)Ljava/lang/Object;+95 javafx.graphics
j  javafx.stage.Stage.showAndWait()V+93 javafx.graphics
j  javafx.scene.control.HeavyweightDialog.showAndWait()V+22 javafx.controls
j  javafx.scene.control.Dialog.showAndWait()Ljava/util/Optional;+86 javafx.controls
j  com.example.livecycle.controllers.auth.FaceAuthController.showAlert(Ljava/lang/String;Ljava/lang/String;)V+27 com.example.livecycle
j  com.example.livecycle.controllers.auth.FaceAuthController.lambda$handleFaceLogin$12(Ljava/lang/Exception;)V+24 com.example.livecycle
j  com.example.livecycle.controllers.auth.FaceAuthController$$Lambda+0x00000241904a5290.run()V+8 com.example.livecycle
J 4862 c1 com.sun.javafx.application.PlatformImpl$$Lambda+0x0000024190087d10.run()Ljava/lang/Object; javafx.graphics (8 bytes) @ 0x000002418097b18c [0x000002418097b040+0x000000000000014c]
J 4860 c1 com.sun.javafx.application.PlatformImpl.lambda$runLater$11(Ljava/lang/Runnable;Ljava/security/AccessControlContext;)V javafx.graphics (41 bytes) @ 0x000002418097c0c4 [0x000002418097bac0+0x0000000000000604]
J 4859 c1 com.sun.javafx.application.PlatformImpl$$Lambda+0x0000024190086cc0.run()V javafx.graphics (12 bytes) @ 0x000002418097a954 [0x000002418097a8c0+0x0000000000000094]
J 9712 c2 com.sun.glass.ui.InvokeLaterDispatcher$Future.run()V javafx.graphics (91 bytes) @ 0x0000024187fdb43c [0x0000024187fdb3e0+0x000000000000005c]
v  ~StubRoutines::call_stub 0x000002418745100d
j  com.sun.glass.ui.win.WinApplication._enterNestedEventLoopImpl()Ljava/lang/Object;+0 javafx.graphics
j  com.sun.glass.ui.win.WinApplication._enterNestedEventLoop()Ljava/lang/Object;+15 javafx.graphics
j  com.sun.glass.ui.Application.enterNestedEventLoop()Ljava/lang/Object;+14 javafx.graphics
j  com.sun.glass.ui.EventLoop.enter()Ljava/lang/Object;+42 javafx.graphics
j  com.sun.javafx.tk.quantum.QuantumToolkit.enterNestedEventLoop(Ljava/lang/Object;)Ljava/lang/Object;+95 javafx.graphics
j  javafx.stage.Stage.showAndWait()V+93 javafx.graphics
j  javafx.scene.control.HeavyweightDialog.showAndWait()V+22 javafx.controls
j  javafx.scene.control.Dialog.showAndWait()Ljava/util/Optional;+86 javafx.controls
j  com.example.livecycle.controllers.auth.FaceAuthController.showAlert(Ljava/lang/String;Ljava/lang/String;)V+27 com.example.livecycle
j  com.example.livecycle.controllers.auth.FaceAuthController.lambda$handleFaceLogin$12(Ljava/lang/Exception;)V+24 com.example.livecycle
j  com.example.livecycle.controllers.auth.FaceAuthController$$Lambda+0x00000241904a5290.run()V+8 com.example.livecycle
J 4862 c1 com.sun.javafx.application.PlatformImpl$$Lambda+0x0000024190087d10.run()Ljava/lang/Object; javafx.graphics (8 bytes) @ 0x000002418097b18c [0x000002418097b040+0x000000000000014c]
J 4860 c1 com.sun.javafx.application.PlatformImpl.lambda$runLater$11(Ljava/lang/Runnable;Ljava/security/AccessControlContext;)V javafx.graphics (41 bytes) @ 0x000002418097c0c4 [0x000002418097bac0+0x0000000000000604]
J 4859 c1 com.sun.javafx.application.PlatformImpl$$Lambda+0x0000024190086cc0.run()V javafx.graphics (12 bytes) @ 0x000002418097a954 [0x000002418097a8c0+0x0000000000000094]
J 9712 c2 com.sun.glass.ui.InvokeLaterDispatcher$Future.run()V javafx.graphics (91 bytes) @ 0x0000024187fdb43c [0x0000024187fdb3e0+0x000000000000005c]
v  ~StubRoutines::call_stub 0x000002418745100d
j  com.sun.glass.ui.win.WinApplication._enterNestedEventLoopImpl()Ljava/lang/Object;+0 javafx.graphics
j  com.sun.glass.ui.win.WinApplication._enterNestedEventLoop()Ljava/lang/Object;+15 javafx.graphics
j  com.sun.glass.ui.Application.enterNestedEventLoop()Ljava/lang/Object;+14 javafx.graphics
j  com.sun.glass.ui.EventLoop.enter()Ljava/lang/Object;+42 javafx.graphics
j  com.sun.javafx.tk.quantum.QuantumToolkit.enterNestedEventLoop(Ljava/lang/Object;)Ljava/lang/Object;+95 javafx.graphics
j  javafx.stage.Stage.showAndWait()V+93 javafx.graphics
j  javafx.scene.control.HeavyweightDialog.showAndWait()V+22 javafx.controls
j  javafx.scene.control.Dialog.showAndWait()Ljava/util/Optional;+86 javafx.controls
j  com.example.livecycle.controllers.auth.FaceAuthController.showAlert(Ljava/lang/String;Ljava/lang/String;)V+27 com.example.livecycle
j  com.example.livecycle.controllers.auth.FaceAuthController.lambda$handleFaceLogin$12(Ljava/lang/Exception;)V+24 com.example.livecycle
j  com.example.livecycle.controllers.auth.FaceAuthController$$Lambda+0x00000241904a5290.run()V+8 com.example.livecycle
J 4862 c1 com.sun.javafx.application.PlatformImpl$$Lambda+0x0000024190087d10.run()Ljava/lang/Object; javafx.graphics (8 bytes) @ 0x000002418097b18c [0x000002418097b040+0x000000000000014c]
J 4860 c1 com.sun.javafx.application.PlatformImpl.lambda$runLater$11(Ljava/lang/Runnable;Ljava/security/AccessControlContext;)V javafx.graphics (41 bytes) @ 0x000002418097c0c4 [0x000002418097bac0+0x0000000000000604]
J 4859 c1 com.sun.javafx.application.PlatformImpl$$Lambda+0x0000024190086cc0.run()V javafx.graphics (12 bytes) @ 0x000002418097a954 [0x000002418097a8c0+0x0000000000000094]
J 9712 c2 com.sun.glass.ui.InvokeLaterDispatcher$Future.run()V javafx.graphics (91 bytes) @ 0x0000024187fdb43c [0x0000024187fdb3e0+0x000000000000005c]
v  ~StubRoutines::call_stub 0x000002418745100d
j  com.sun.glass.ui.win.WinApplication._enterNestedEventLoopImpl()Ljava/lang/Object;+0 javafx.graphics
j  com.sun.glass.ui.win.WinApplication._enterNestedEventLoop()Ljava/lang/Object;+15 javafx.graphics
j  com.sun.glass.ui.Application.enterNestedEventLoop()Ljava/lang/Object;+14 javafx.graphics
j  com.sun.glass.ui.EventLoop.enter()Ljava/lang/Object;+42 javafx.graphics
j  com.sun.javafx.tk.quantum.QuantumToolkit.enterNestedEventLoop(Ljava/lang/Object;)Ljava/lang/Object;+95 javafx.graphics
j  javafx.stage.Stage.showAndWait()V+93 javafx.graphics
j  javafx.scene.control.HeavyweightDialog.showAndWait()V+22 javafx.controls
j  javafx.scene.control.Dialog.showAndWait()Ljava/util/Optional;+86 javafx.controls
j  com.example.livecycle.controllers.auth.FaceAuthController.showAlert(Ljava/lang/String;Ljava/lang/String;)V+27 com.example.livecycle
j  com.example.livecycle.controllers.auth.FaceAuthController.lambda$handleFaceLogin$12(Ljava/lang/Exception;)V+24 com.example.livecycle
j  com.example.livecycle.controllers.auth.FaceAuthController$$Lambda+0x00000241904a5290.run()V+8 com.example.livecycle
J 4862 c1 com.sun.javafx.application.PlatformImpl$$Lambda+0x0000024190087d10.run()Ljava/lang/Object; javafx.graphics (8 bytes) @ 0x000002418097b18c [0x000002418097b040+0x000000000000014c]
J 4860 c1 com.sun.javafx.application.PlatformImpl.lambda$runLater$11(Ljava/lang/Runnable;Ljava/security/AccessControlContext;)V javafx.graphics (41 bytes) @ 0x000002418097c0c4 [0x000002418097bac0+0x0000000000000604]
J 4859 c1 com.sun.javafx.application.PlatformImpl$$Lambda+0x0000024190086cc0.run()V javafx.graphics (12 bytes) @ 0x000002418097a954 [0x000002418097a8c0+0x0000000000000094]
J 9712 c2 com.sun.glass.ui.InvokeLaterDispatcher$Future.run()V javafx.graphics (91 bytes) @ 0x0000024187fdb43c [0x0000024187fdb3e0+0x000000000000005c]
v  ~StubRoutines::call_stub 0x000002418745100d
j  com.sun.glass.ui.win.WinApplication._enterNestedEventLoopImpl()Ljava/lang/Object;+0 javafx.graphics
j  com.sun.glass.ui.win.WinApplication._enterNestedEventLoop()Ljava/lang/Object;+15 javafx.graphics
j  com.sun.glass.ui.Application.enterNestedEventLoop()Ljava/lang/Object;+14 javafx.graphics
j  com.sun.glass.ui.EventLoop.enter()Ljava/lang/Object;+42 javafx.graphics
j  com.sun.javafx.tk.quantum.QuantumToolkit.enterNestedEventLoop(Ljava/lang/Object;)Ljava/lang/Object;+95 javafx.graphics
j  javafx.stage.Stage.showAndWait()V+93 javafx.graphics
j  javafx.scene.control.HeavyweightDialog.showAndWait()V+22 javafx.controls
j  javafx.scene.control.Dialog.showAndWait()Ljava/util/Optional;+86 javafx.controls
j  com.example.livecycle.controllers.auth.FaceAuthController.showAlert(Ljava/lang/String;Ljava/lang/String;)V+27 com.example.livecycle
j  com.example.livecycle.controllers.auth.FaceAuthController.lambda$handleFaceLogin$12(Ljava/lang/Exception;)V+24 com.example.livecycle
j  com.example.livecycle.controllers.auth.FaceAuthController$$Lambda+0x00000241904a5290.run()V+8 com.example.livecycle
J 4862 c1 com.sun.javafx.application.PlatformImpl$$Lambda+0x0000024190087d10.run()Ljava/lang/Object; javafx.graphics (8 bytes) @ 0x000002418097b18c [0x000002418097b040+0x000000000000014c]
J 4860 c1 com.sun.javafx.application.PlatformImpl.lambda$runLater$11(Ljava/lang/Runnable;Ljava/security/AccessControlContext;)V javafx.graphics (41 bytes) @ 0x000002418097c0c4 [0x000002418097bac0+0x0000000000000604]
J 4859 c1 com.sun.javafx.application.PlatformImpl$$Lambda+0x0000024190086cc0.run()V javafx.graphics (12 bytes) @ 0x000002418097a954 [0x000002418097a8c0+0x0000000000000094]
J 9712 c2 com.sun.glass.ui.InvokeLaterDispatcher$Future.run()V javafx.graphics (91 bytes) @ 0x0000024187fdb43c [0x0000024187fdb3e0+0x000000000000005c]
v  ~StubRoutines::call_stub 0x000002418745100d
j  com.sun.glass.ui.win.WinApplication._enterNestedEventLoopImpl()Ljava/lang/Object;+0 javafx.graphics
j  com.sun.glass.ui.win.WinApplication._enterNestedEventLoop()Ljava/lang/Object;+15 javafx.graphics
j  com.sun.glass.ui.Application.enterNestedEventLoop()Ljava/lang/Object;+14 javafx.graphics
j  com.sun.glass.ui.EventLoop.enter()Ljava/lang/Object;+42 javafx.graphics
j  com.sun.javafx.tk.quantum.QuantumToolkit.enterNestedEventLoop(Ljava/lang/Object;)Ljava/lang/Object;+95 javafx.graphics
j  javafx.stage.Stage.showAndWait()V+93 javafx.graphics
j  javafx.scene.control.HeavyweightDialog.showAndWait()V+22 javafx.controls
j  javafx.scene.control.Dialog.showAndWait()Ljava/util/Optional;+86 javafx.controls
j  com.example.livecycle.controllers.auth.FaceAuthController.showAlert(Ljava/lang/String;Ljava/lang/String;)V+27 com.example.livecycle
j  com.example.livecycle.controllers.auth.FaceAuthController.lambda$handleFaceLogin$12(Ljava/lang/Exception;)V+24 com.example.livecycle
j  com.example.livecycle.controllers.auth.FaceAuthController$$Lambda+0x00000241904a5290.run()V+8 com.example.livecycle
J 4862 c1 com.sun.javafx.application.PlatformImpl$$Lambda+0x0000024190087d10.run()Ljava/lang/Object; javafx.graphics (8 bytes) @ 0x000002418097b18c [0x000002418097b040+0x000000000000014c]
J 4860 c1 com.sun.javafx.application.PlatformImpl.lambda$runLater$11(Ljava/lang/Runnable;Ljava/security/AccessControlContext;)V javafx.graphics (41 bytes) @ 0x000002418097c0c4 [0x000002418097bac0+0x0000000000000604]
J 4859 c1 com.sun.javafx.application.PlatformImpl$$Lambda+0x0000024190086cc0.run()V javafx.graphics (12 bytes) @ 0x000002418097a954 [0x000002418097a8c0+0x0000000000000094]
J 9712 c2 com.sun.glass.ui.InvokeLaterDispatcher$Future.run()V javafx.graphics (91 bytes) @ 0x0000024187fdb43c [0x0000024187fdb3e0+0x000000000000005c]
v  ~StubRoutines::call_stub 0x000002418745100d
j  com.sun.glass.ui.win.WinApplication._enterNestedEventLoopImpl()Ljava/lang/Object;+0 javafx.graphics
j  com.sun.glass.ui.win.WinApplication._enterNestedEventLoop()Ljava/lang/Object;+15 javafx.graphics
j  com.sun.glass.ui.Application.enterNestedEventLoop()Ljava/lang/Object;+14 javafx.graphics
j  com.sun.glass.ui.EventLoop.enter()Ljava/lang/Object;+42 javafx.graphics
j  com.sun.javafx.tk.quantum.QuantumToolkit.enterNestedEventLoop(Ljava/lang/Object;)Ljava/lang/Object;+95 javafx.graphics
j  javafx.stage.Stage.showAndWait()V+93 javafx.graphics
j  javafx.scene.control.HeavyweightDialog.showAndWait()V+22 javafx.controls
j  javafx.scene.control.Dialog.showAndWait()Ljava/util/Optional;+86 javafx.controls
j  com.example.livecycle.controllers.auth.FaceAuthController.showAlert(Ljava/lang/String;Ljava/lang/String;)V+27 com.example.livecycle
j  com.example.livecycle.controllers.auth.FaceAuthController.lambda$handleFaceLogin$12(Ljava/lang/Exception;)V+24 com.example.livecycle
j  com.example.livecycle.controllers.auth.FaceAuthController$$Lambda+0x00000241904a5290.run()V+8 com.example.livecycle
J 4862 c1 com.sun.javafx.application.PlatformImpl$$Lambda+0x0000024190087d10.run()Ljava/lang/Object; javafx.graphics (8 bytes) @ 0x000002418097b18c [0x000002418097b040+0x000000000000014c]
J 4860 c1 com.sun.javafx.application.PlatformImpl.lambda$runLater$11(Ljava/lang/Runnable;Ljava/security/AccessControlContext;)V javafx.graphics (41 bytes) @ 0x000002418097c0c4 [0x000002418097bac0+0x0000000000000604]
J 4859 c1 com.sun.javafx.application.PlatformImpl$$Lambda+0x0000024190086cc0.run()V javafx.graphics (12 bytes) @ 0x000002418097a954 [0x000002418097a8c0+0x0000000000000094]
J 9712 c2 com.sun.glass.ui.InvokeLaterDispatcher$Future.run()V javafx.graphics (91 bytes) @ 0x0000024187fdb43c [0x0000024187fdb3e0+0x000000000000005c]
v  ~StubRoutines::call_stub 0x000002418745100d
j  com.sun.glass.ui.win.WinApplication._enterNestedEventLoopImpl()Ljava/lang/Object;+0 javafx.graphics
j  com.sun.glass.ui.win.WinApplication._enterNestedEventLoop()Ljava/lang/Object;+15 javafx.graphics
j  com.sun.glass.ui.Application.enterNestedEventLoop()Ljava/lang/Object;+14 javafx.graphics
j  com.sun.glass.ui.EventLoop.enter()Ljava/lang/Object;+42 javafx.graphics
j  com.sun.javafx.tk.quantum.QuantumToolkit.enterNestedEventLoop(Ljava/lang/Object;)Ljava/lang/Object;+95 javafx.graphics
j  javafx.stage.Stage.showAndWait()V+93 javafx.graphics
j  javafx.scene.control.HeavyweightDialog.showAndWait()V+22 javafx.controls
j  javafx.scene.control.Dialog.showAndWait()Ljava/util/Optional;+86 javafx.controls
j  com.example.livecycle.controllers.auth.FaceAuthController.showAlert(Ljava/lang/String;Ljava/lang/String;)V+27 com.example.livecycle
j  com.example.livecycle.controllers.auth.FaceAuthController.lambda$handleFaceLogin$12(Ljava/lang/Exception;)V+24 com.example.livecycle
j  com.example.livecycle.controllers.auth.FaceAuthController$$Lambda+0x00000241904a5290.run()V+8 com.example.livecycle
J 4862 c1 com.sun.javafx.application.PlatformImpl$$Lambda+0x0000024190087d10.run()Ljava/lang/Object; javafx.graphics (8 bytes) @ 0x000002418097b18c [0x000002418097b040+0x000000000000014c]
J 4860 c1 com.sun.javafx.application.PlatformImpl.lambda$runLater$11(Ljava/lang/Runnable;Ljava/security/AccessControlContext;)V javafx.graphics (41 bytes) @ 0x000002418097c0c4 [0x000002418097bac0+0x0000000000000604]
J 4859 c1 com.sun.javafx.application.PlatformImpl$$Lambda+0x0000024190086cc0.run()V javafx.graphics (12 bytes) @ 0x000002418097a954 [0x000002418097a8c0+0x0000000000000094]
J 9712 c2 com.sun.glass.ui.InvokeLaterDispatcher$Future.run()V javafx.graphics (91 bytes) @ 0x0000024187fdb43c [0x0000024187fdb3e0+0x000000000000005c]
v  ~StubRoutines::call_stub 0x000002418745100d
j  com.sun.glass.ui.win.WinApplication._enterNestedEventLoopImpl()Ljava/lang/Object;+0 javafx.graphics
j  com.sun.glass.ui.win.WinApplication._enterNestedEventLoop()Ljava/lang/Object;+15 javafx.graphics
j  com.sun.glass.ui.Application.enterNestedEventLoop()Ljava/lang/Object;+14 javafx.graphics
j  com.sun.glass.ui.EventLoop.enter()Ljava/lang/Object;+42 javafx.graphics
j  com.sun.javafx.tk.quantum.QuantumToolkit.enterNestedEventLoop(Ljava/lang/Object;)Ljava/lang/Object;+95 javafx.graphics
j  javafx.stage.Stage.showAndWait()V+93 javafx.graphics
j  javafx.scene.control.HeavyweightDialog.showAndWait()V+22 javafx.controls
j  javafx.scene.control.Dialog.showAndWait()Ljava/util/Optional;+86 javafx.controls
j  com.example.livecycle.controllers.auth.FaceAuthController.showAlert(Ljava/lang/String;Ljava/lang/String;)V+27 com.example.livecycle
j  com.example.livecycle.controllers.auth.FaceAuthController.lambda$handleFaceLogin$12(Ljava/lang/Exception;)V+24 com.example.livecycle
j  com.example.livecycle.controllers.auth.FaceAuthController$$Lambda+0x00000241904a5290.run()V+8 com.example.livecycle
J 4862 c1 com.sun.javafx.application.PlatformImpl$$Lambda+0x0000024190087d10.run()Ljava/lang/Object; javafx.graphics (8 bytes) @ 0x000002418097b18c [0x000002418097b040+0x000000000000014c]
J 4860 c1 com.sun.javafx.application.PlatformImpl.lambda$runLater$11(Ljava/lang/Runnable;Ljava/security/AccessControlContext;)V javafx.graphics (41 bytes) @ 0x000002418097c0c4 [0x000002418097bac0+0x0000000000000604]
J 4859 c1 com.sun.javafx.application.PlatformImpl$$Lambda+0x0000024190086cc0.run()V javafx.graphics (12 bytes) @ 0x000002418097a954 [0x000002418097a8c0+0x0000000000000094]
J 9712 c2 com.sun.glass.ui.InvokeLaterDispatcher$Future.run()V javafx.graphics (91 bytes) @ 0x0000024187fdb43c [0x0000024187fdb3e0+0x000000000000005c]
v  ~StubRoutines::call_stub 0x000002418745100d
j  com.sun.glass.ui.win.WinApplication._enterNestedEventLoopImpl()Ljava/lang/Object;+0 javafx.graphics
j  com.sun.glass.ui.win.WinApplication._enterNestedEventLoop()Ljava/lang/Object;+15 javafx.graphics
j  com.sun.glass.ui.Application.enterNestedEventLoop()Ljava/lang/Object;+14 javafx.graphics
j  com.sun.glass.ui.EventLoop.enter()Ljava/lang/Object;+42 javafx.graphics
j  com.sun.javafx.tk.quantum.QuantumToolkit.enterNestedEventLoop(Ljava/lang/Object;)Ljava/lang/Object;+95 javafx.graphics
j  javafx.stage.Stage.showAndWait()V+93 javafx.graphics
j  javafx.scene.control.HeavyweightDialog.showAndWait()V+22 javafx.controls
j  javafx.scene.control.Dialog.showAndWait()Ljava/util/Optional;+86 javafx.controls
j  com.example.livecycle.controllers.auth.FaceAuthController.showAlert(Ljava/lang/String;Ljava/lang/String;)V+27 com.example.livecycle
j  com.example.livecycle.controllers.auth.FaceAuthController.lambda$handleFaceLogin$12(Ljava/lang/Exception;)V+24 com.example.livecycle
j  com.example.livecycle.controllers.auth.FaceAuthController$$Lambda+0x00000241904a5290.run()V+8 com.example.livecycle
J 4862 c1 com.sun.javafx.application.PlatformImpl$$Lambda+0x0000024190087d10.run()Ljava/lang/Object; javafx.graphics (8 bytes) @ 0x000002418097b18c [0x000002418097b040+0x000000000000014c]
J 4860 c1 com.sun.javafx.application.PlatformImpl.lambda$runLater$11(Ljava/lang/Runnable;Ljava/security/AccessControlContext;)V javafx.graphics (41 bytes) @ 0x000002418097c0c4 [0x000002418097bac0+0x0000000000000604]
J 4859 c1 com.sun.javafx.application.PlatformImpl$$Lambda+0x0000024190086cc0.run()V javafx.graphics (12 bytes) @ 0x000002418097a954 [0x000002418097a8c0+0x0000000000000094]
J 9712 c2 com.sun.glass.ui.InvokeLaterDispatcher$Future.run()V javafx.graphics (91 bytes) @ 0x0000024187fdb43c [0x0000024187fdb3e0+0x000000000000005c]
v  ~StubRoutines::call_stub 0x000002418745100d
j  com.sun.glass.ui.win.WinApplication._enterNestedEventLoopImpl()Ljava/lang/Object;+0 javafx.graphics
j  com.sun.glass.ui.win.WinApplication._enterNestedEventLoop()Ljava/lang/Object;+15 javafx.graphics
j  com.sun.glass.ui.Application.enterNestedEventLoop()Ljava/lang/Object;+14 javafx.graphics
j  com.sun.glass.ui.EventLoop.enter()Ljava/lang/Object;+42 javafx.graphics
j  com.sun.javafx.tk.quantum.QuantumToolkit.enterNestedEventLoop(Ljava/lang/Object;)Ljava/lang/Object;+95 javafx.graphics
j  javafx.stage.Stage.showAndWait()V+93 javafx.graphics
j  javafx.scene.control.HeavyweightDialog.showAndWait()V+22 javafx.controls
j  javafx.scene.control.Dialog.showAndWait()Ljava/util/Optional;+86 javafx.controls
j  com.example.livecycle.controllers.auth.FaceAuthController.showAlert(Ljava/lang/String;Ljava/lang/String;)V+27 com.example.livecycle
j  com.example.livecycle.controllers.auth.FaceAuthController.lambda$handleFaceLogin$12(Ljava/lang/Exception;)V+24 com.example.livecycle
j  com.example.livecycle.controllers.auth.FaceAuthController$$Lambda+0x00000241904a5290.run()V+8 com.example.livecycle
J 4862 c1 com.sun.javafx.application.PlatformImpl$$Lambda+0x0000024190087d10.run()Ljava/lang/Object; javafx.graphics (8 bytes) @ 0x000002418097b18c [0x000002418097b040+0x000000000000014c]
J 4860 c1 com.sun.javafx.application.PlatformImpl.lambda$runLater$11(Ljava/lang/Runnable;Ljava/security/AccessControlContext;)V javafx.graphics (41 bytes) @ 0x000002418097c0c4 [0x000002418097bac0+0x0000000000000604]
J 4859 c1 com.sun.javafx.application.PlatformImpl$$Lambda+0x0000024190086cc0.run()V javafx.graphics (12 bytes) @ 0x000002418097a954 [0x000002418097a8c0+0x0000000000000094]
J 9712 c2 com.sun.glass.ui.InvokeLaterDispatcher$Future.run()V javafx.graphics (91 bytes) @ 0x0000024187fdb43c [0x0000024187fdb3e0+0x000000000000005c]
v  ~StubRoutines::call_stub 0x000002418745100d
j  com.sun.glass.ui.win.WinApplication._enterNestedEventLoopImpl()Ljava/lang/Object;+0 javafx.graphics
j  com.sun.glass.ui.win.WinApplication._enterNestedEventLoop()Ljava/lang/Object;+15 javafx.graphics
j  com.sun.glass.ui.Application.enterNestedEventLoop()Ljava/lang/Object;+14 javafx.graphics
j  com.sun.glass.ui.EventLoop.enter()Ljava/lang/Object;+42 javafx.graphics
j  com.sun.javafx.tk.quantum.QuantumToolkit.enterNestedEventLoop(Ljava/lang/Object;)Ljava/lang/Object;+95 javafx.graphics
j  javafx.stage.Stage.showAndWait()V+93 javafx.graphics
j  javafx.scene.control.HeavyweightDialog.showAndWait()V+22 javafx.controls
j  javafx.scene.control.Dialog.showAndWait()Ljava/util/Optional;+86 javafx.controls
j  com.example.livecycle.controllers.auth.FaceAuthController.showAlert(Ljava/lang/String;Ljava/lang/String;)V+27 com.example.livecycle
j  com.example.livecycle.controllers.auth.FaceAuthController.lambda$handleFaceLogin$12(Ljava/lang/Exception;)V+24 com.example.livecycle
j  com.example.livecycle.controllers.auth.FaceAuthController$$Lambda+0x00000241904a5290.run()V+8 com.example.livecycle
J 4862 c1 com.sun.javafx.application.PlatformImpl$$Lambda+0x0000024190087d10.run()Ljava/lang/Object; javafx.graphics (8 bytes) @ 0x000002418097b18c [0x000002418097b040+0x000000000000014c]
J 4860 c1 com.sun.javafx.application.PlatformImpl.lambda$runLater$11(Ljava/lang/Runnable;Ljava/security/AccessControlContext;)V javafx.graphics (41 bytes) @ 0x000002418097c0c4 [0x000002418097bac0+0x0000000000000604]
J 4859 c1 com.sun.javafx.application.PlatformImpl$$Lambda+0x0000024190086cc0.run()V javafx.graphics (12 bytes) @ 0x000002418097a954 [0x000002418097a8c0+0x0000000000000094]
J 9712 c2 com.sun.glass.ui.InvokeLaterDispatcher$Future.run()V javafx.graphics (91 bytes) @ 0x0000024187fdb43c [0x0000024187fdb3e0+0x000000000000005c]
v  ~StubRoutines::call_stub 0x000002418745100d
j  com.sun.glass.ui.win.WinApplication._enterNestedEventLoopImpl()Ljava/lang/Object;+0 javafx.graphics
j  com.sun.glass.ui.win.WinApplication._enterNestedEventLoop()Ljava/lang/Object;+15 javafx.graphics
j  com.sun.glass.ui.Application.enterNestedEventLoop()Ljava/lang/Object;+14 javafx.graphics
j  com.sun.glass.ui.EventLoop.enter()Ljava/lang/Object;+42 javafx.graphics
j  com.sun.javafx.tk.quantum.QuantumToolkit.enterNestedEventLoop(Ljava/lang/Object;)Ljava/lang/Object;+95 javafx.graphics
j  javafx.stage.Stage.showAndWait()V+93 javafx.graphics
j  javafx.scene.control.HeavyweightDialog.showAndWait()V+22 javafx.controls
j  javafx.scene.control.Dialog.showAndWait()Ljava/util/Optional;+86 javafx.controls
j  com.example.livecycle.controllers.auth.FaceAuthController.showAlert(Ljava/lang/String;Ljava/lang/String;)V+27 com.example.livecycle
j  com.example.livecycle.controllers.auth.FaceAuthController.lambda$handleFaceLogin$12(Ljava/lang/Exception;)V+24 com.example.livecycle
j  com.example.livecycle.controllers.auth.FaceAuthController$$Lambda+0x00000241904a5290.run()V+8 com.example.livecycle
J 4862 c1 com.sun.javafx.application.PlatformImpl$$Lambda+0x0000024190087d10.run()Ljava/lang/Object; javafx.graphics (8 bytes) @ 0x000002418097b18c [0x000002418097b040+0x000000000000014c]
J 4860 c1 com.sun.javafx.application.PlatformImpl.lambda$runLater$11(Ljava/lang/Runnable;Ljava/security/AccessControlContext;)V javafx.graphics (41 bytes) @ 0x000002418097c0c4 [0x000002418097bac0+0x0000000000000604]
J 4859 c1 com.sun.javafx.application.PlatformImpl$$Lambda+0x0000024190086cc0.run()V javafx.graphics (12 bytes) @ 0x000002418097a954 [0x000002418097a8c0+0x0000000000000094]
J 9712 c2 com.sun.glass.ui.InvokeLaterDispatcher$Future.run()V javafx.graphics (91 bytes) @ 0x0000024187fdb43c [0x0000024187fdb3e0+0x000000000000005c]
v  ~StubRoutines::call_stub 0x000002418745100d
j  com.sun.glass.ui.win.WinApplication._enterNestedEventLoopImpl()Ljava/lang/Object;+0 javafx.graphics
j  com.sun.glass.ui.win.WinApplication._enterNestedEventLoop()Ljava/lang/Object;+15 javafx.graphics
j  com.sun.glass.ui.Application.enterNestedEventLoop()Ljava/lang/Object;+14 javafx.graphics
j  com.sun.glass.ui.EventLoop.enter()Ljava/lang/Object;+42 javafx.graphics
j  com.sun.javafx.tk.quantum.QuantumToolkit.enterNestedEventLoop(Ljava/lang/Object;)Ljava/lang/Object;+95 javafx.graphics
j  javafx.stage.Stage.showAndWait()V+93 javafx.graphics
j  javafx.scene.control.HeavyweightDialog.showAndWait()V+22 javafx.controls
j  javafx.scene.control.Dialog.showAndWait()Ljava/util/Optional;+86 javafx.controls
j  com.example.livecycle.controllers.auth.FaceAuthController.showAlert(Ljava/lang/String;Ljava/lang/String;)V+27 com.example.livecycle
j  com.example.livecycle.controllers.auth.FaceAuthController.lambda$handleFaceLogin$12(Ljava/lang/Exception;)V+24 com.example.livecycle
j  com.example.livecycle.controllers.auth.FaceAuthController$$Lambda+0x00000241904a5290.run()V+8 com.example.livecycle
J 4862 c1 com.sun.javafx.application.PlatformImpl$$Lambda+0x0000024190087d10.run()Ljava/lang/Object; javafx.graphics (8 bytes) @ 0x000002418097b18c [0x000002418097b040+0x000000000000014c]
J 4860 c1 com.sun.javafx.application.PlatformImpl.lambda$runLater$11(Ljava/lang/Runnable;Ljava/security/AccessControlContext;)V javafx.graphics (41 bytes) @ 0x000002418097c0c4 [0x000002418097bac0+0x0000000000000604]
J 4859 c1 com.sun.javafx.application.PlatformImpl$$Lambda+0x0000024190086cc0.run()V javafx.graphics (12 bytes) @ 0x000002418097a954 [0x000002418097a8c0+0x0000000000000094]
J 9712 c2 com.sun.glass.ui.InvokeLaterDispatcher$Future.run()V javafx.graphics (91 bytes) @ 0x0000024187fdb43c [0x0000024187fdb3e0+0x000000000000005c]
v  ~StubRoutines::call_stub 0x000002418745100d
j  com.sun.glass.ui.win.WinApplication._enterNestedEventLoopImpl()Ljava/lang/Object;+0 javafx.graphics
j  com.sun.glass.ui.win.WinApplication._enterNestedEventLoop()Ljava/lang/Object;+15 javafx.graphics
j  com.sun.glass.ui.Application.enterNestedEventLoop()Ljava/lang/Object;+14 javafx.graphics
j  com.sun.glass.ui.EventLoop.enter()Ljava/lang/Object;+42 javafx.graphics
j  com.sun.javafx.tk.quantum.QuantumToolkit.enterNestedEventLoop(Ljava/lang/Object;)Ljava/lang/Object;+95 javafx.graphics
j  javafx.stage.Stage.showAndWait()V+93 javafx.graphics
j  javafx.scene.control.HeavyweightDialog.showAndWait()V+22 javafx.controls
j  javafx.scene.control.Dialog.showAndWait()Ljava/util/Optional;+86 javafx.controls
j  com.example.livecycle.controllers.auth.FaceAuthController.showAlert(Ljava/lang/String;Ljava/lang/String;)V+27 com.example.livecycle
j  com.example.livecycle.controllers.auth.FaceAuthController.lambda$handleFaceLogin$12(Ljava/lang/Exception;)V+24 com.example.livecycle
j  com.example.livecycle.controllers.auth.FaceAuthController$$Lambda+0x00000241904a5290.run()V+8 com.example.livecycle
J 4862 c1 com.sun.javafx.application.PlatformImpl$$Lambda+0x0000024190087d10.run()Ljava/lang/Object; javafx.graphics (8 bytes) @ 0x000002418097b18c [0x000002418097b040+0x000000000000014c]
J 4860 c1 com.sun.javafx.application.PlatformImpl.lambda$runLater$11(Ljava/lang/Runnable;Ljava/security/AccessControlContext;)V javafx.graphics (41 bytes) @ 0x000002418097c0c4 [0x000002418097bac0+0x0000000000000604]
J 4859 c1 com.sun.javafx.application.PlatformImpl$$Lambda+0x0000024190086cc0.run()V javafx.graphics (12 bytes) @ 0x000002418097a954 [0x000002418097a8c0+0x0000000000000094]
J 9712 c2 com.sun.glass.ui.InvokeLaterDispatcher$Future.run()V javafx.graphics (91 bytes) @ 0x0000024187fdb43c [0x0000024187fdb3e0+0x000000000000005c]
v  ~StubRoutines::call_stub 0x000002418745100d
j  com.sun.glass.ui.win.WinApplication._enterNestedEventLoopImpl()Ljava/lang/Object;+0 javafx.graphics
j  com.sun.glass.ui.win.WinApplication._enterNestedEventLoop()Ljava/lang/Object;+15 javafx.graphics
j  com.sun.glass.ui.Application.enterNestedEventLoop()Ljava/lang/Object;+14 javafx.graphics
j  com.sun.glass.ui.EventLoop.enter()Ljava/lang/Object;+42 javafx.graphics
j  com.sun.javafx.tk.quantum.QuantumToolkit.enterNestedEventLoop(Ljava/lang/Object;)Ljava/lang/Object;+95 javafx.graphics
j  javafx.stage.Stage.showAndWait()V+93 javafx.graphics
j  javafx.scene.control.HeavyweightDialog.showAndWait()V+22 javafx.controls
j  javafx.scene.control.Dialog.showAndWait()Ljava/util/Optional;+86 javafx.controls
j  com.example.livecycle.controllers.auth.FaceAuthController.showAlert(Ljava/lang/String;Ljava/lang/String;)V+27 com.example.livecycle
j  com.example.livecycle.controllers.auth.FaceAuthController.lambda$handleFaceLogin$12(Ljava/lang/Exception;)V+24 com.example.livecycle
j  com.example.livecycle.controllers.auth.FaceAuthController$$Lambda+0x00000241904a5290.run()V+8 com.example.livecycle
J 4862 c1 com.sun.javafx.application.PlatformImpl$$Lambda+0x0000024190087d10.run()Ljava/lang/Object; javafx.graphics (8 bytes) @ 0x000002418097b18c [0x000002418097b040+0x000000000000014c]
J 4860 c1 com.sun.javafx.application.PlatformImpl.lambda$runLater$11(Ljava/lang/Runnable;Ljava/security/AccessControlContext;)V javafx.graphics (41 bytes) @ 0x000002418097c0c4 [0x000002418097bac0+0x0000000000000604]
J 4859 c1 com.sun.javafx.application.PlatformImpl$$Lambda+0x0000024190086cc0.run()V javafx.graphics (12 bytes) @ 0x000002418097a954 [0x000002418097a8c0+0x0000000000000094]
J 9712 c2 com.sun.glass.ui.InvokeLaterDispatcher$Future.run()V javafx.graphics (91 bytes) @ 0x0000024187fdb43c [0x0000024187fdb3e0+0x000000000000005c]
v  ~StubRoutines::call_stub 0x000002418745100d
j  com.sun.glass.ui.win.WinApplication._enterNestedEventLoopImpl()Ljava/lang/Object;+0 javafx.graphics
j  com.sun.glass.ui.win.WinApplication._enterNestedEventLoop()Ljava/lang/Object;+15 javafx.graphics
j  com.sun.glass.ui.Application.enterNestedEventLoop()Ljava/lang/Object;+14 javafx.graphics
j  com.sun.glass.ui.EventLoop.enter()Ljava/lang/Object;+42 javafx.graphics
j  com.sun.javafx.tk.quantum.QuantumToolkit.enterNestedEventLoop(Ljava/lang/Object;)Ljava/lang/Object;+95 javafx.graphics
j  javafx.stage.Stage.showAndWait()V+93 javafx.graphics
j  javafx.scene.control.HeavyweightDialog.showAndWait()V+22 javafx.controls
j  javafx.scene.control.Dialog.showAndWait()Ljava/util/Optional;+86 javafx.controls
j  com.example.livecycle.controllers.auth.FaceAuthController.showAlert(Ljava/lang/String;Ljava/lang/String;)V+27 com.example.livecycle
j  com.example.livecycle.controllers.auth.FaceAuthController.lambda$handleFaceLogin$12(Ljava/lang/Exception;)V+24 com.example.livecycle
j  com.example.livecycle.controllers.auth.FaceAuthController$$Lambda+0x00000241904a5290.run()V+8 com.example.livecycle
J 4862 c1 com.sun.javafx.application.PlatformImpl$$Lambda+0x0000024190087d10.run()Ljava/lang/Object; javafx.graphics (8 bytes) @ 0x000002418097b18c [0x000002418097b040+0x000000000000014c]
J 4860 c1 com.sun.javafx.application.PlatformImpl.lambda$runLater$11(Ljava/lang/Runnable;Ljava/security/AccessControlContext;)V javafx.graphics (41 bytes) @ 0x000002418097c0c4 [0x000002418097bac0+0x0000000000000604]
J 4859 c1 com.sun.javafx.application.PlatformImpl$$Lambda+0x0000024190086cc0.run()V javafx.graphics (12 bytes) @ 0x000002418097a954 [0x000002418097a8c0+0x0000000000000094]
J 9712 c2 com.sun.glass.ui.InvokeLaterDispatcher$Future.run()V javafx.graphics (91 bytes) @ 0x0000024187fdb43c [0x0000024187fdb3e0+0x000000000000005c]
v  ~StubRoutines::call_stub 0x000002418745100d
j  com.sun.glass.ui.win.WinApplication._enterNestedEventLoopImpl()Ljava/lang/Object;+0 javafx.graphics
j  com.sun.glass.ui.win.WinApplication._enterNestedEventLoop()Ljava/lang/Object;+15 javafx.graphics
j  com.sun.glass.ui.Application.enterNestedEventLoop()Ljava/lang/Object;+14 javafx.graphics
j  com.sun.glass.ui.EventLoop.enter()Ljava/lang/Object;+42 javafx.graphics
j  com.sun.javafx.tk.quantum.QuantumToolkit.enterNestedEventLoop(Ljava/lang/Object;)Ljava/lang/Object;+95 javafx.graphics
j  javafx.stage.Stage.showAndWait()V+93 javafx.graphics
j  javafx.scene.control.HeavyweightDialog.showAndWait()V+22 javafx.controls
j  javafx.scene.control.Dialog.showAndWait()Ljava/util/Optional;+86 javafx.controls
j  com.example.livecycle.controllers.auth.FaceAuthController.showAlert(Ljava/lang/String;Ljava/lang/String;)V+27 com.example.livecycle
j  com.example.livecycle.controllers.auth.FaceAuthController.lambda$handleFaceLogin$12(Ljava/lang/Exception;)V+24 com.example.livecycle
j  com.example.livecycle.controllers.auth.FaceAuthController$$Lambda+0x00000241904a5290.run()V+8 com.example.livecycle
J 4862 c1 com.sun.javafx.application.PlatformImpl$$Lambda+0x0000024190087d10.run()Ljava/lang/Object; javafx.graphics (8 bytes) @ 0x000002418097b18c [0x000002418097b040+0x000000000000014c]
J 4860 c1 com.sun.javafx.application.PlatformImpl.lambda$runLater$11(Ljava/lang/Runnable;Ljava/security/AccessControlContext;)V javafx.graphics (41 bytes) @ 0x000002418097c0c4 [0x000002418097bac0+0x0000000000000604]
J 4859 c1 com.sun.javafx.application.PlatformImpl$$Lambda+0x0000024190086cc0.run()V javafx.graphics (12 bytes) @ 0x000002418097a954 [0x000002418097a8c0+0x0000000000000094]
J 9712 c2 com.sun.glass.ui.InvokeLaterDispatcher$Future.run()V javafx.graphics (91 bytes) @ 0x0000024187fdb43c [0x0000024187fdb3e0+0x000000000000005c]
v  ~StubRoutines::call_stub 0x000002418745100d
j  com.sun.glass.ui.win.WinApplication._enterNestedEventLoopImpl()Ljava/lang/Object;+0 javafx.graphics
j  com.sun.glass.ui.win.WinApplication._enterNestedEventLoop()Ljava/lang/Object;+15 javafx.graphics
j  com.sun.glass.ui.Application.enterNestedEventLoop()Ljava/lang/Object;+14 javafx.graphics
j  com.sun.glass.ui.EventLoop.enter()Ljava/lang/Object;+42 javafx.graphics
j  com.sun.javafx.tk.quantum.QuantumToolkit.enterNestedEventLoop(Ljava/lang/Object;)Ljava/lang/Object;+95 javafx.graphics
j  javafx.stage.Stage.showAndWait()V+93 javafx.graphics
j  javafx.scene.control.HeavyweightDialog.showAndWait()V+22 javafx.controls
j  javafx.scene.control.Dialog.showAndWait()Ljava/util/Optional;+86 javafx.controls
j  com.example.livecycle.controllers.auth.FaceAuthController.showAlert(Ljava/lang/String;Ljava/lang/String;)V+27 com.example.livecycle
j  com.example.livecycle.controllers.auth.FaceAuthController.lambda$handleFaceLogin$12(Ljava/lang/Exception;)V+24 com.example.livecycle
j  com.example.livecycle.controllers.auth.FaceAuthController$$Lambda+0x00000241904a5290.run()V+8 com.example.livecycle
J 4862 c1 com.sun.javafx.application.PlatformImpl$$Lambda+0x0000024190087d10.run()Ljava/lang/Object; javafx.graphics (8 bytes) @ 0x000002418097b18c [0x000002418097b040+0x000000000000014c]
J 4860 c1 com.sun.javafx.application.PlatformImpl.lambda$runLater$11(Ljava/lang/Runnable;Ljava/security/AccessControlContext;)V javafx.graphics (41 bytes) @ 0x000002418097c0c4 [0x000002418097bac0+0x0000000000000604]
J 4859 c1 com.sun.javafx.application.PlatformImpl$$Lambda+0x0000024190086cc0.run()V javafx.graphics (12 bytes) @ 0x000002418097a954 [0x000002418097a8c0+0x0000000000000094]
J 9712 c2 com.sun.glass.ui.InvokeLaterDispatcher$Future.run()V javafx.graphics (91 bytes) @ 0x0000024187fdb43c [0x0000024187fdb3e0+0x000000000000005c]
v  ~StubRoutines::call_stub 0x000002418745100d
j  com.sun.glass.ui.win.WinApplication._enterNestedEventLoopImpl()Ljava/lang/Object;+0 javafx.graphics
j  com.sun.glass.ui.win.WinApplication._enterNestedEventLoop()Ljava/lang/Object;+15 javafx.graphics
j  com.sun.glass.ui.Application.enterNestedEventLoop()Ljava/lang/Object;+14 javafx.graphics
j  com.sun.glass.ui.EventLoop.enter()Ljava/lang/Object;+42 javafx.graphics
j  com.sun.javafx.tk.quantum.QuantumToolkit.enterNestedEventLoop(Ljava/lang/Object;)Ljava/lang/Object;+95 javafx.graphics
j  javafx.stage.Stage.showAndWait()V+93 javafx.graphics
j  javafx.scene.control.HeavyweightDialog.showAndWait()V+22 javafx.controls
j  javafx.scene.control.Dialog.showAndWait()Ljava/util/Optional;+86 javafx.controls
j  com.example.livecycle.controllers.auth.FaceAuthController.showAlert(Ljava/lang/String;Ljava/lang/String;)V+27 com.example.livecycle
j  com.example.livecycle.controllers.auth.FaceAuthController.lambda$handleFaceLogin$12(Ljava/lang/Exception;)V+24 com.example.livecycle
j  com.example.livecycle.controllers.auth.FaceAuthController$$Lambda+0x00000241904a5290.run()V+8 com.example.livecycle
J 4862 c1 com.sun.javafx.application.PlatformImpl$$Lambda+0x0000024190087d10.run()Ljava/lang/Object; javafx.graphics (8 bytes) @ 0x000002418097b18c [0x000002418097b040+0x000000000000014c]
J 4860 c1 com.sun.javafx.application.PlatformImpl.lambda$runLater$11(Ljava/lang/Runnable;Ljava/security/AccessControlContext;)V javafx.graphics (41 bytes) @ 0x000002418097c0c4 [0x000002418097bac0+0x0000000000000604]
J 4859 c1 com.sun.javafx.application.PlatformImpl$$Lambda+0x0000024190086cc0.run()V javafx.graphics (12 bytes) @ 0x000002418097a954 [0x000002418097a8c0+0x0000000000000094]
J 9712 c2 com.sun.glass.ui.InvokeLaterDispatcher$Future.run()V javafx.graphics (91 bytes) @ 0x0000024187fdb43c [0x0000024187fdb3e0+0x000000000000005c]
v  ~StubRoutines::call_stub 0x000002418745100d
j  com.sun.glass.ui.win.WinApplication._enterNestedEventLoopImpl()Ljava/lang/Object;+0 javafx.graphics
j  com.sun.glass.ui.win.WinApplication._enterNestedEventLoop()Ljava/lang/Object;+15 javafx.graphics
j  com.sun.glass.ui.Application.enterNestedEventLoop()Ljava/lang/Object;+14 javafx.graphics
j  com.sun.glass.ui.EventLoop.enter()Ljava/lang/Object;+42 javafx.graphics
j  com.sun.javafx.tk.quantum.QuantumToolkit.enterNestedEventLoop(Ljava/lang/Object;)Ljava/lang/Object;+95 javafx.graphics
j  javafx.stage.Stage.showAndWait()V+93 javafx.graphics
j  javafx.scene.control.HeavyweightDialog.showAndWait()V+22 javafx.controls
j  javafx.scene.control.Dialog.showAndWait()Ljava/util/Optional;+86 javafx.controls
j  com.example.livecycle.controllers.auth.FaceAuthController.showAlert(Ljava/lang/String;Ljava/lang/String;)V+27 com.example.livecycle
j  com.example.livecycle.controllers.auth.FaceAuthController.lambda$handleFaceLogin$12(Ljava/lang/Exception;)V+24 com.example.livecycle
j  com.example.livecycle.controllers.auth.FaceAuthController$$Lambda+0x00000241904a5290.run()V+8 com.example.livecycle
J 4862 c1 com.sun.javafx.application.PlatformImpl$$Lambda+0x0000024190087d10.run()Ljava/lang/Object; javafx.graphics (8 bytes) @ 0x000002418097b18c [0x000002418097b040+0x000000000000014c]
J 4860 c1 com.sun.javafx.application.PlatformImpl.lambda$runLater$11(Ljava/lang/Runnable;Ljava/security/AccessControlContext;)V javafx.graphics (41 bytes) @ 0x000002418097c0c4 [0x000002418097bac0+0x0000000000000604]
J 4859 c1 com.sun.javafx.application.PlatformImpl$$Lambda+0x0000024190086cc0.run()V javafx.graphics (12 bytes) @ 0x000002418097a954 [0x000002418097a8c0+0x0000000000000094]
J 9712 c2 com.sun.glass.ui.InvokeLaterDispatcher$Future.run()V javafx.graphics (91 bytes) @ 0x0000024187fdb43c [0x0000024187fdb3e0+0x000000000000005c]
v  ~StubRoutines::call_stub 0x000002418745100d
j  com.sun.glass.ui.win.WinApplication._enterNestedEventLoopImpl()Ljava/lang/Object;+0 javafx.graphics
j  com.sun.glass.ui.win.WinApplication._enterNestedEventLoop()Ljava/lang/Object;+15 javafx.graphics
j  com.sun.glass.ui.Application.enterNestedEventLoop()Ljava/lang/Object;+14 javafx.graphics
j  com.sun.glass.ui.EventLoop.enter()Ljava/lang/Object;+42 javafx.graphics
j  com.sun.javafx.tk.quantum.QuantumToolkit.enterNestedEventLoop(Ljava/lang/Object;)Ljava/lang/Object;+95 javafx.graphics
j  javafx.stage.Stage.showAndWait()V+93 javafx.graphics
j  javafx.scene.control.HeavyweightDialog.showAndWait()V+22 javafx.controls
j  javafx.scene.control.Dialog.showAndWait()Ljava/util/Optional;+86 javafx.controls
j  com.example.livecycle.controllers.auth.FaceAuthController.showAlert(Ljava/lang/String;Ljava/lang/String;)V+27 com.example.livecycle
j  com.example.livecycle.controllers.auth.FaceAuthController.lambda$handleFaceLogin$12(Ljava/lang/Exception;)V+24 com.example.livecycle
j  com.example.livecycle.controllers.auth.FaceAuthController$$Lambda+0x00000241904a5290.run()V+8 com.example.livecycle
J 4862 c1 com.sun.javafx.application.PlatformImpl$$Lambda+0x0000024190087d10.run()Ljava/lang/Object; javafx.graphics (8 bytes) @ 0x000002418097b18c [0x000002418097b040+0x000000000000014c]
J 4860 c1 com.sun.javafx.application.PlatformImpl.lambda$runLater$11(Ljava/lang/Runnable;Ljava/security/AccessControlContext;)V javafx.graphics (41 bytes) @ 0x000002418097c0c4 [0x000002418097bac0+0x0000000000000604]
J 4859 c1 com.sun.javafx.application.PlatformImpl$$Lambda+0x0000024190086cc0.run()V javafx.graphics (12 bytes) @ 0x000002418097a954 [0x000002418097a8c0+0x0000000000000094]
J 9712 c2 com.sun.glass.ui.InvokeLaterDispatcher$Future.run()V javafx.graphics (91 bytes) @ 0x0000024187fdb43c [0x0000024187fdb3e0+0x000000000000005c]
v  ~StubRoutines::call_stub 0x000002418745100d
j  com.sun.glass.ui.win.WinApplication._enterNestedEventLoopImpl()Ljava/lang/Object;+0 javafx.graphics
j  com.sun.glass.ui.win.WinApplication._enterNestedEventLoop()Ljava/lang/Object;+15 javafx.graphics
j  com.sun.glass.ui.Application.enterNestedEventLoop()Ljava/lang/Object;+14 javafx.graphics
j  com.sun.glass.ui.EventLoop.enter()Ljava/lang/Object;+42 javafx.graphics
j  com.sun.javafx.tk.quantum.QuantumToolkit.enterNestedEventLoop(Ljava/lang/Object;)Ljava/lang/Object;+95 javafx.graphics
j  javafx.stage.Stage.showAndWait()V+93 javafx.graphics
j  javafx.scene.control.HeavyweightDialog.showAndWait()V+22 javafx.controls
j  javafx.scene.control.Dialog.showAndWait()Ljava/util/Optional;+86 javafx.controls
j  com.example.livecycle.controllers.auth.FaceAuthController.showAlert(Ljava/lang/String;Ljava/lang/String;)V+27 com.example.livecycle
j  com.example.livecycle.controllers.auth.FaceAuthController.lambda$handleFaceLogin$12(Ljava/lang/Exception;)V+24 com.example.livecycle
j  com.example.livecycle.controllers.auth.FaceAuthController$$Lambda+0x00000241904a5290.run()V+8 com.example.livecycle
J 4862 c1 com.sun.javafx.application.PlatformImpl$$Lambda+0x0000024190087d10.run()Ljava/lang/Object; javafx.graphics (8 bytes) @ 0x000002418097b18c [0x000002418097b040+0x000000000000014c]
J 4860 c1 com.sun.javafx.application.PlatformImpl.lambda$runLater$11(Ljava/lang/Runnable;Ljava/security/AccessControlContext;)V javafx.graphics (41 bytes) @ 0x000002418097c0c4 [0x000002418097bac0+0x0000000000000604]
J 4859 c1 com.sun.javafx.application.PlatformImpl$$Lambda+0x0000024190086cc0.run()V javafx.graphics (12 bytes) @ 0x000002418097a954 [0x000002418097a8c0+0x0000000000000094]
J 9712 c2 com.sun.glass.ui.InvokeLaterDispatcher$Future.run()V javafx.graphics (91 bytes) @ 0x0000024187fdb43c [0x0000024187fdb3e0+0x000000000000005c]
v  ~StubRoutines::call_stub 0x000002418745100d
j  com.sun.glass.ui.win.WinApplication._enterNestedEventLoopImpl()Ljava/lang/Object;+0 javafx.graphics
j  com.sun.glass.ui.win.WinApplication._enterNestedEventLoop()Ljava/lang/Object;+15 javafx.graphics
j  com.sun.glass.ui.Application.enterNestedEventLoop()Ljava/lang/Object;+14 javafx.graphics
j  com.sun.glass.ui.EventLoop.enter()Ljava/lang/Object;+42 javafx.graphics
j  com.sun.javafx.tk.quantum.QuantumToolkit.enterNestedEventLoop(Ljava/lang/Object;)Ljava/lang/Object;+95 javafx.graphics
j  javafx.stage.Stage.showAndWait()V+93 javafx.graphics
j  javafx.scene.control.HeavyweightDialog.showAndWait()V+22 javafx.controls
j  javafx.scene.control.Dialog.showAndWait()Ljava/util/Optional;+86 javafx.controls
j  com.example.livecycle.controllers.auth.FaceAuthController.showAlert(Ljava/lang/String;Ljava/lang/String;)V+27 com.example.livecycle
j  com.example.livecycle.controllers.auth.FaceAuthController.lambda$handleFaceLogin$12(Ljava/lang/Exception;)V+24 com.example.livecycle
j  com.example.livecycle.controllers.auth.FaceAuthController$$Lambda+0x00000241904a5290.run()V+8 com.example.livecycle
J 4862 c1 com.sun.javafx.application.PlatformImpl$$Lambda+0x0000024190087d10.run()Ljava/lang/Object; javafx.graphics (8 bytes) @ 0x000002418097b18c [0x000002418097b040+0x000000000000014c]
J 4860 c1 com.sun.javafx.application.PlatformImpl.lambda$runLater$11(Ljava/lang/Runnable;Ljava/security/AccessControlContext;)V javafx.graphics (41 bytes) @ 0x000002418097c0c4 [0x000002418097bac0+0x0000000000000604]
J 4859 c1 com.sun.javafx.application.PlatformImpl$$Lambda+0x0000024190086cc0.run()V javafx.graphics (12 bytes) @ 0x000002418097a954 [0x000002418097a8c0+0x0000000000000094]
J 9712 c2 com.sun.glass.ui.InvokeLaterDispatcher$Future.run()V javafx.graphics (91 bytes) @ 0x0000024187fdb43c [0x0000024187fdb3e0+0x000000000000005c]
v  ~StubRoutines::call_stub 0x000002418745100d
j  com.sun.glass.ui.win.WinApplication._enterNestedEventLoopImpl()Ljava/lang/Object;+0 javafx.graphics
j  com.sun.glass.ui.win.WinApplication._enterNestedEventLoop()Ljava/lang/Object;+15 javafx.graphics
j  com.sun.glass.ui.Application.enterNestedEventLoop()Ljava/lang/Object;+14 javafx.graphics
j  com.sun.glass.ui.EventLoop.enter()Ljava/lang/Object;+42 javafx.graphics
j  com.sun.javafx.tk.quantum.QuantumToolkit.enterNestedEventLoop(Ljava/lang/Object;)Ljava/lang/Object;+95 javafx.graphics
j  javafx.stage.Stage.showAndWait()V+93 javafx.graphics
j  javafx.scene.control.HeavyweightDialog.showAndWait()V+22 javafx.controls
j  javafx.scene.control.Dialog.showAndWait()Ljava/util/Optional;+86 javafx.controls
j  com.example.livecycle.controllers.auth.FaceAuthController.showAlert(Ljava/lang/String;Ljava/lang/String;)V+27 com.example.livecycle
j  com.example.livecycle.controllers.auth.FaceAuthController.lambda$handleFaceLogin$12(Ljava/lang/Exception;)V+24 com.example.livecycle
j  com.example.livecycle.controllers.auth.FaceAuthController$$Lambda+0x00000241904a5290.run()V+8 com.example.livecycle
J 4862 c1 com.sun.javafx.application.PlatformImpl$$Lambda+0x0000024190087d10.run()Ljava/lang/Object; javafx.graphics (8 bytes) @ 0x000002418097b18c [0x000002418097b040+0x000000000000014c]
J 4860 c1 com.sun.javafx.application.PlatformImpl.lambda$runLater$11(Ljava/lang/Runnable;Ljava/security/AccessControlContext;)V javafx.graphics (41 bytes) @ 0x000002418097c0c4 [0x000002418097bac0+0x0000000000000604]
J 4859 c1 com.sun.javafx.application.PlatformImpl$$Lambda+0x0000024190086cc0.run()V javafx.graphics (12 bytes) @ 0x000002418097a954 [0x000002418097a8c0+0x0000000000000094]
J 9712 c2 com.sun.glass.ui.InvokeLaterDispatcher$Future.run()V javafx.graphics (91 bytes) @ 0x0000024187fdb43c [0x0000024187fdb3e0+0x000000000000005c]
v  ~StubRoutines::call_stub 0x000002418745100d
j  com.sun.glass.ui.win.WinApplication._enterNestedEventLoopImpl()Ljava/lang/Object;+0 javafx.graphics
j  com.sun.glass.ui.win.WinApplication._enterNestedEventLoop()Ljava/lang/Object;+15 javafx.graphics
j  com.sun.glass.ui.Application.enterNestedEventLoop()Ljava/lang/Object;+14 javafx.graphics
j  com.sun.glass.ui.EventLoop.enter()Ljava/lang/Object;+42 javafx.graphics
j  com.sun.javafx.tk.quantum.QuantumToolkit.enterNestedEventLoop(Ljava/lang/Object;)Ljava/lang/Object;+95 javafx.graphics
j  javafx.stage.Stage.showAndWait()V+93 javafx.graphics
j  javafx.scene.control.HeavyweightDialog.showAndWait()V+22 javafx.controls
j  javafx.scene.control.Dialog.showAndWait()Ljava/util/Optional;+86 javafx.controls
j  com.example.livecycle.controllers.auth.FaceAuthController.showAlert(Ljava/lang/String;Ljava/lang/String;)V+27 com.example.livecycle
j  com.example.livecycle.controllers.auth.FaceAuthController.lambda$handleFaceLogin$12(Ljava/lang/Exception;)V+24 com.example.livecycle
j  com.example.livecycle.controllers.auth.FaceAuthController$$Lambda+0x00000241904a5290.run()V+8 com.example.livecycle
J 4862 c1 com.sun.javafx.application.PlatformImpl$$Lambda+0x0000024190087d10.run()Ljava/lang/Object; javafx.graphics (8 bytes) @ 0x000002418097b18c [0x000002418097b040+0x000000000000014c]
J 4860 c1 com.sun.javafx.application.PlatformImpl.lambda$runLater$11(Ljava/lang/Runnable;Ljava/security/AccessControlContext;)V javafx.graphics (41 bytes) @ 0x000002418097c0c4 [0x000002418097bac0+0x0000000000000604]
J 4859 c1 com.sun.javafx.application.PlatformImpl$$Lambda+0x0000024190086cc0.run()V javafx.graphics (12 bytes) @ 0x000002418097a954 [0x000002418097a8c0+0x0000000000000094]
J 9712 c2 com.sun.glass.ui.InvokeLaterDispatcher$Future.run()V javafx.graphics (91 bytes) @ 0x0000024187fdb43c [0x0000024187fdb3e0+0x000000000000005c]
v  ~StubRoutines::call_stub 0x000002418745100d
j  com.sun.glass.ui.win.WinApplication._enterNestedEventLoopImpl()Ljava/lang/Object;+0 javafx.graphics
j  com.sun.glass.ui.win.WinApplication._enterNestedEventLoop()Ljava/lang/Object;+15 javafx.graphics
j  com.sun.glass.ui.Application.enterNestedEventLoop()Ljava/lang/Object;+14 javafx.graphics
j  com.sun.glass.ui.EventLoop.enter()Ljava/lang/Object;+42 javafx.graphics
j  com.sun.javafx.tk.quantum.QuantumToolkit.enterNestedEventLoop(Ljava/lang/Object;)Ljava/lang/Object;+95 javafx.graphics
j  javafx.stage.Stage.showAndWait()V+93 javafx.graphics
j  javafx.scene.control.HeavyweightDialog.showAndWait()V+22 javafx.controls
j  javafx.scene.control.Dialog.showAndWait()Ljava/util/Optional;+86 javafx.controls
j  com.example.livecycle.controllers.auth.FaceAuthController.showAlert(Ljava/lang/String;Ljava/lang/String;)V+27 com.example.livecycle
j  com.example.livecycle.controllers.auth.FaceAuthController.lambda$handleFaceLogin$12(Ljava/lang/Exception;)V+24 com.example.livecycle
j  com.example.livecycle.controllers.auth.FaceAuthController$$Lambda+0x00000241904a5290.run()V+8 com.example.livecycle
J 4862 c1 com.sun.javafx.application.PlatformImpl$$Lambda+0x0000024190087d10.run()Ljava/lang/Object; javafx.graphics (8 bytes) @ 0x000002418097b18c [0x000002418097b040+0x000000000000014c]
J 4860 c1 com.sun.javafx.application.PlatformImpl.lambda$runLater$11(Ljava/lang/Runnable;Ljava/security/AccessControlContext;)V javafx.graphics (41 bytes) @ 0x000002418097c0c4 [0x000002418097bac0+0x0000000000000604]
J 4859 c1 com.sun.javafx.application.PlatformImpl$$Lambda+0x0000024190086cc0.run()V javafx.graphics (12 bytes) @ 0x000002418097a954 [0x000002418097a8c0+0x0000000000000094]
J 9712 c2 com.sun.glass.ui.InvokeLaterDispatcher$Future.run()V javafx.graphics (91 bytes) @ 0x0000024187fdb43c [0x0000024187fdb3e0+0x000000000000005c]
v  ~StubRoutines::call_stub 0x000002418745100d
j  com.sun.glass.ui.win.WinApplication._enterNestedEventLoopImpl()Ljava/lang/Object;+0 javafx.graphics
j  com.sun.glass.ui.win.WinApplication._enterNestedEventLoop()Ljava/lang/Object;+15 javafx.graphics
j  com.sun.glass.ui.Application.enterNestedEventLoop()Ljava/lang/Object;+14 javafx.graphics
j  com.sun.glass.ui.EventLoop.enter()Ljava/lang/Object;+42 javafx.graphics
j  com.sun.javafx.tk.quantum.QuantumToolkit.enterNestedEventLoop(Ljava/lang/Object;)Ljava/lang/Object;+95 javafx.graphics
j  javafx.stage.Stage.showAndWait()V+93 javafx.graphics
j  javafx.scene.control.HeavyweightDialog.showAndWait()V+22 javafx.controls
j  javafx.scene.control.Dialog.showAndWait()Ljava/util/Optional;+86 javafx.controls
j  com.example.livecycle.controllers.auth.FaceAuthController.showAlert(Ljava/lang/String;Ljava/lang/String;)V+27 com.example.livecycle
j  com.example.livecycle.controllers.auth.FaceAuthController.lambda$handleFaceLogin$12(Ljava/lang/Exception;)V+24 com.example.livecycle
j  com.example.livecycle.controllers.auth.FaceAuthController$$Lambda+0x00000241904a5290.run()V+8 com.example.livecycle
J 4862 c1 com.sun.javafx.application.PlatformImpl$$Lambda+0x0000024190087d10.run()Ljava/lang/Object; javafx.graphics (8 bytes) @ 0x000002418097b18c [0x000002418097b040+0x000000000000014c]
J 4860 c1 com.sun.javafx.application.PlatformImpl.lambda$runLater$11(Ljava/lang/Runnable;Ljava/security/AccessControlContext;)V javafx.graphics (41 bytes) @ 0x000002418097c0c4 [0x000002418097bac0+0x0000000000000604]
J 4859 c1 com.sun.javafx.application.PlatformImpl$$Lambda+0x0000024190086cc0.run()V javafx.graphics (12 bytes) @ 0x000002418097a954 [0x000002418097a8c0+0x0000000000000094]
J 9712 c2 com.sun.glass.ui.InvokeLaterDispatcher$Future.run()V javafx.graphics (91 bytes) @ 0x0000024187fdb43c [0x0000024187fdb3e0+0x000000000000005c]
v  ~StubRoutines::call_stub 0x000002418745100d
j  com.sun.glass.ui.win.WinApplication._enterNestedEventLoopImpl()Ljava/lang/Object;+0 javafx.graphics
j  com.sun.glass.ui.win.WinApplication._enterNestedEventLoop()Ljava/lang/Object;+15 javafx.graphics
j  com.sun.glass.ui.Application.enterNestedEventLoop()Ljava/lang/Object;+14 javafx.graphics
j  com.sun.glass.ui.EventLoop.enter()Ljava/lang/Object;+42 javafx.graphics
j  com.sun.javafx.tk.quantum.QuantumToolkit.enterNestedEventLoop(Ljava/lang/Object;)Ljava/lang/Object;+95 javafx.graphics
j  javafx.stage.Stage.showAndWait()V+93 javafx.graphics
j  javafx.scene.control.HeavyweightDialog.showAndWait()V+22 javafx.controls
j  javafx.scene.control.Dialog.showAndWait()Ljava/util/Optional;+86 javafx.controls
j  com.example.livecycle.controllers.auth.FaceAuthController.showAlert(Ljava/lang/String;Ljava/lang/String;)V+27 com.example.livecycle
j  com.example.livecycle.controllers.auth.FaceAuthController.lambda$handleFaceLogin$12(Ljava/lang/Exception;)V+24 com.example.livecycle
j  com.example.livecycle.controllers.auth.FaceAuthController$$Lambda+0x00000241904a5290.run()V+8 com.example.livecycle
J 4862 c1 com.sun.javafx.application.PlatformImpl$$Lambda+0x0000024190087d10.run()Ljava/lang/Object; javafx.graphics (8 bytes) @ 0x000002418097b18c [0x000002418097b040+0x000000000000014c]
J 4860 c1 com.sun.javafx.application.PlatformImpl.lambda$runLater$11(Ljava/lang/Runnable;Ljava/security/AccessControlContext;)V javafx.graphics (41 bytes) @ 0x000002418097c0c4 [0x000002418097bac0+0x0000000000000604]
J 4859 c1 com.sun.javafx.application.PlatformImpl$$Lambda+0x0000024190086cc0.run()V javafx.graphics (12 bytes) @ 0x000002418097a954 [0x000002418097a8c0+0x0000000000000094]
J 9712 c2 com.sun.glass.ui.InvokeLaterDispatcher$Future.run()V javafx.graphics (91 bytes) @ 0x0000024187fdb43c [0x0000024187fdb3e0+0x000000000000005c]
v  ~StubRoutines::call_stub 0x000002418745100d
j  com.sun.glass.ui.win.WinApplication._enterNestedEventLoopImpl()Ljava/lang/Object;+0 javafx.graphics
j  com.sun.glass.ui.win.WinApplication._enterNestedEventLoop()Ljava/lang/Object;+15 javafx.graphics
j  com.sun.glass.ui.Application.enterNestedEventLoop()Ljava/lang/Object;+14 javafx.graphics
j  com.sun.glass.ui.EventLoop.enter()Ljava/lang/Object;+42 javafx.graphics
j  com.sun.javafx.tk.quantum.QuantumToolkit.enterNestedEventLoop(Ljava/lang/Object;)Ljava/lang/Object;+95 javafx.graphics
j  javafx.stage.Stage.showAndWait()V+93 javafx.graphics
j  javafx.scene.control.HeavyweightDialog.showAndWait()V+22 javafx.controls
j  javafx.scene.control.Dialog.showAndWait()Ljava/util/Optional;+86 javafx.controls
j  com.example.livecycle.controllers.auth.FaceAuthController.showAlert(Ljava/lang/String;Ljava/lang/String;)V+27 com.example.livecycle
j  com.example.livecycle.controllers.auth.FaceAuthController.lambda$handleFaceLogin$12(Ljava/lang/Exception;)V+24 com.example.livecycle
j  com.example.livecycle.controllers.auth.FaceAuthController$$Lambda+0x00000241904a5290.run()V+8 com.example.livecycle
J 4862 c1 com.sun.javafx.application.PlatformImpl$$Lambda+0x0000024190087d10.run()Ljava/lang/Object; javafx.graphics (8 bytes) @ 0x000002418097b18c [0x000002418097b040+0x000000000000014c]
J 4860 c1 com.sun.javafx.application.PlatformImpl.lambda$runLater$11(Ljava/lang/Runnable;Ljava/security/AccessControlContext;)V javafx.graphics (41 bytes) @ 0x000002418097c0c4 [0x000002418097bac0+0x0000000000000604]
J 4859 c1 com.sun.javafx.application.PlatformImpl$$Lambda+0x0000024190086cc0.run()V javafx.graphics (12 bytes) @ 0x000002418097a954 [0x000002418097a8c0+0x0000000000000094]
J 9712 c2 com.sun.glass.ui.InvokeLaterDispatcher$Future.run()V javafx.graphics (91 bytes) @ 0x0000024187fdb43c [0x0000024187fdb3e0+0x000000000000005c]
v  ~StubRoutines::call_stub 0x000002418745100d
j  com.sun.glass.ui.win.WinApplication._enterNestedEventLoopImpl()Ljava/lang/Object;+0 javafx.graphics
j  com.sun.glass.ui.win.WinApplication._enterNestedEventLoop()Ljava/lang/Object;+15 javafx.graphics
j  com.sun.glass.ui.Application.enterNestedEventLoop()Ljava/lang/Object;+14 javafx.graphics
j  com.sun.glass.ui.EventLoop.enter()Ljava/lang/Object;+42 javafx.graphics
j  com.sun.javafx.tk.quantum.QuantumToolkit.enterNestedEventLoop(Ljava/lang/Object;)Ljava/lang/Object;+95 javafx.graphics
j  javafx.stage.Stage.showAndWait()V+93 javafx.graphics
j  javafx.scene.control.HeavyweightDialog.showAndWait()V+22 javafx.controls
j  javafx.scene.control.Dialog.showAndWait()Ljava/util/Optional;+86 javafx.controls
j  com.example.livecycle.controllers.auth.FaceAuthController.showAlert(Ljava/lang/String;Ljava/lang/String;)V+27 com.example.livecycle
j  com.example.livecycle.controllers.auth.FaceAuthController.lambda$handleFaceLogin$12(Ljava/lang/Exception;)V+24 com.example.livecycle
j  com.example.livecycle.controllers.auth.FaceAuthController$$Lambda+0x00000241904a5290.run()V+8 com.example.livecycle
J 4862 c1 com.sun.javafx.application.PlatformImpl$$Lambda+0x0000024190087d10.run()Ljava/lang/Object; javafx.graphics (8 bytes) @ 0x000002418097b18c [0x000002418097b040+0x000000000000014c]
J 4860 c1 com.sun.javafx.application.PlatformImpl.lambda$runLater$11(Ljava/lang/Runnable;Ljava/security/AccessControlContext;)V javafx.graphics (41 bytes) @ 0x000002418097c0c4 [0x000002418097bac0+0x0000000000000604]
J 4859 c1 com.sun.javafx.application.PlatformImpl$$Lambda+0x0000024190086cc0.run()V javafx.graphics (12 bytes) @ 0x000002418097a954 [0x000002418097a8c0+0x0000000000000094]
J 9712 c2 com.sun.glass.ui.InvokeLaterDispatcher$Future.run()V javafx.graphics (91 bytes) @ 0x0000024187fdb43c [0x0000024187fdb3e0+0x000000000000005c]
v  ~StubRoutines::call_stub 0x000002418745100d
j  com.sun.glass.ui.win.WinApplication._enterNestedEventLoopImpl()Ljava/lang/Object;+0 javafx.graphics
j  com.sun.glass.ui.win.WinApplication._enterNestedEventLoop()Ljava/lang/Object;+15 javafx.graphics
j  com.sun.glass.ui.Application.enterNestedEventLoop()Ljava/lang/Object;+14 javafx.graphics
j  com.sun.glass.ui.EventLoop.enter()Ljava/lang/Object;+42 javafx.graphics
j  com.sun.javafx.tk.quantum.QuantumToolkit.enterNestedEventLoop(Ljava/lang/Object;)Ljava/lang/Object;+95 javafx.graphics
j  javafx.stage.Stage.showAndWait()V+93 javafx.graphics
j  javafx.scene.control.HeavyweightDialog.showAndWait()V+22 javafx.controls
j  javafx.scene.control.Dialog.showAndWait()Ljava/util/Optional;+86 javafx.controls
j  com.example.livecycle.controllers.auth.FaceAuthController.showAlert(Ljava/lang/String;Ljava/lang/String;)V+27 com.example.livecycle
j  com.example.livecycle.controllers.auth.FaceAuthController.lambda$handleFaceLogin$12(Ljava/lang/Exception;)V+24 com.example.livecycle
j  com.example.livecycle.controllers.auth.FaceAuthController$$Lambda+0x00000241904a5290.run()V+8 com.example.livecycle
J 4862 c1 com.sun.javafx.application.PlatformImpl$$Lambda+0x0000024190087d10.run()Ljava/lang/Object; javafx.graphics (8 bytes) @ 0x000002418097b18c [0x000002418097b040+0x000000000000014c]
J 4860 c1 com.sun.javafx.application.PlatformImpl.lambda$runLater$11(Ljava/lang/Runnable;Ljava/security/AccessControlContext;)V javafx.graphics (41 bytes) @ 0x000002418097c0c4 [0x000002418097bac0+0x0000000000000604]
J 4859 c1 com.sun.javafx.application.PlatformImpl$$Lambda+0x0000024190086cc0.run()V javafx.graphics (12 bytes) @ 0x000002418097a954 [0x000002418097a8c0+0x0000000000000094]
J 9712 c2 com.sun.glass.ui.InvokeLaterDispatcher$Future.run()V javafx.graphics (91 bytes) @ 0x0000024187fdb43c [0x0000024187fdb3e0+0x000000000000005c]
v  ~StubRoutines::call_stub 0x000002418745100d
j  com.sun.glass.ui.win.WinApplication._enterNestedEventLoopImpl()Ljava/lang/Object;+0 javafx.graphics
j  com.sun.glass.ui.win.WinApplication._enterNestedEventLoop()Ljava/lang/Object;+15 javafx.graphics
j  com.sun.glass.ui.Application.enterNestedEventLoop()Ljava/lang/Object;+14 javafx.graphics
j  com.sun.glass.ui.EventLoop.enter()Ljava/lang/Object;+42 javafx.graphics
j  com.sun.javafx.tk.quantum.QuantumToolkit.enterNestedEventLoop(Ljava/lang/Object;)Ljava/lang/Object;+95 javafx.graphics
j  javafx.stage.Stage.showAndWait()V+93 javafx.graphics
j  javafx.scene.control.HeavyweightDialog.showAndWait()V+22 javafx.controls
j  javafx.scene.control.Dialog.showAndWait()Ljava/util/Optional;+86 javafx.controls
j  com.example.livecycle.controllers.auth.FaceAuthController.showAlert(Ljava/lang/String;Ljava/lang/String;)V+27 com.example.livecycle
j  com.example.livecycle.controllers.auth.FaceAuthController.lambda$handleFaceLogin$12(Ljava/lang/Exception;)V+24 com.example.livecycle
j  com.example.livecycle.controllers.auth.FaceAuthController$$Lambda+0x00000241904a5290.run()V+8 com.example.livecycle
J 4862 c1 com.sun.javafx.application.PlatformImpl$$Lambda+0x0000024190087d10.run()Ljava/lang/Object; javafx.graphics (8 bytes) @ 0x000002418097b18c [0x000002418097b040+0x000000000000014c]
J 4860 c1 com.sun.javafx.application.PlatformImpl.lambda$runLater$11(Ljava/lang/Runnable;Ljava/security/AccessControlContext;)V javafx.graphics (41 bytes) @ 0x000002418097c0c4 [0x000002418097bac0+0x0000000000000604]
J 4859 c1 com.sun.javafx.application.PlatformImpl$$Lambda+0x0000024190086cc0.run()V javafx.graphics (12 bytes) @ 0x000002418097a954 [0x000002418097a8c0+0x0000000000000094]
J 9712 c2 com.sun.glass.ui.InvokeLaterDispatcher$Future.run()V javafx.graphics (91 bytes) @ 0x0000024187fdb43c [0x0000024187fdb3e0+0x000000000000005c]
v  ~StubRoutines::call_stub 0x000002418745100d
j  com.sun.glass.ui.win.WinApplication._enterNestedEventLoopImpl()Ljava/lang/Object;+0 javafx.graphics
j  com.sun.glass.ui.win.WinApplication._enterNestedEventLoop()Ljava/lang/Object;+15 javafx.graphics
j  com.sun.glass.ui.Application.enterNestedEventLoop()Ljava/lang/Object;+14 javafx.graphics
j  com.sun.glass.ui.EventLoop.enter()Ljava/lang/Object;+42 javafx.graphics
j  com.sun.javafx.tk.quantum.QuantumToolkit.enterNestedEventLoop(Ljava/lang/Object;)Ljava/lang/Object;+95 javafx.graphics
j  javafx.stage.Stage.showAndWait()V+93 javafx.graphics
j  javafx.scene.control.HeavyweightDialog.showAndWait()V+22 javafx.controls
j  javafx.scene.control.Dialog.showAndWait()Ljava/util/Optional;+86 javafx.controls
j  com.example.livecycle.controllers.auth.FaceAuthController.showAlert(Ljava/lang/String;Ljava/lang/String;)V+27 com.example.livecycle
j  com.example.livecycle.controllers.auth.FaceAuthController.lambda$handleFaceLogin$12(Ljava/lang/Exception;)V+24 com.example.livecycle
j  com.example.livecycle.controllers.auth.FaceAuthController$$Lambda+0x00000241904a5290.run()V+8 com.example.livecycle
J 4862 c1 com.sun.javafx.application.PlatformImpl$$Lambda+0x0000024190087d10.run()Ljava/lang/Object; javafx.graphics (8 bytes) @ 0x000002418097b18c [0x000002418097b040+0x000000000000014c]
J 4860 c1 com.sun.javafx.application.PlatformImpl.lambda$runLater$11(Ljava/lang/Runnable;Ljava/security/AccessControlContext;)V javafx.graphics (41 bytes) @ 0x000002418097c0c4 [0x000002418097bac0+0x0000000000000604]
J 4859 c1 com.sun.javafx.application.PlatformImpl$$Lambda+0x0000024190086cc0.run()V javafx.graphics (12 bytes) @ 0x000002418097a954 [0x000002418097a8c0+0x0000000000000094]
J 9712 c2 com.sun.glass.ui.InvokeLaterDispatcher$Future.run()V javafx.graphics (91 bytes) @ 0x0000024187fdb43c [0x0000024187fdb3e0+0x000000000000005c]
v  ~StubRoutines::call_stub 0x000002418745100d
j  com.sun.glass.ui.win.WinApplication._enterNestedEventLoopImpl()Ljava/lang/Object;+0 javafx.graphics
j  com.sun.glass.ui.win.WinApplication._enterNestedEventLoop()Ljava/lang/Object;+15 javafx.graphics
j  com.sun.glass.ui.Application.enterNestedEventLoop()Ljava/lang/Object;+14 javafx.graphics
j  com.sun.glass.ui.EventLoop.enter()Ljava/lang/Object;+42 javafx.graphics
j  com.sun.javafx.tk.quantum.QuantumToolkit.enterNestedEventLoop(Ljava/lang/Object;)Ljava/lang/Object;+95 javafx.graphics
j  javafx.stage.Stage.showAndWait()V+93 javafx.graphics
j  javafx.scene.control.HeavyweightDialog.showAndWait()V+22 javafx.controls
j  javafx.scene.control.Dialog.showAndWait()Ljava/util/Optional;+86 javafx.controls
j  com.example.livecycle.controllers.auth.FaceAuthController.showAlert(Ljava/lang/String;Ljava/lang/String;)V+27 com.example.livecycle
j  com.example.livecycle.controllers.auth.FaceAuthController.lambda$handleFaceLogin$12(Ljava/lang/Exception;)V+24 com.example.livecycle
j  com.example.livecycle.controllers.auth.FaceAuthController$$Lambda+0x00000241904a5290.run()V+8 com.example.livecycle
J 4862 c1 com.sun.javafx.application.PlatformImpl$$Lambda+0x0000024190087d10.run()Ljava/lang/Object; javafx.graphics (8 bytes) @ 0x000002418097b18c [0x000002418097b040+0x000000000000014c]
J 4860 c1 com.sun.javafx.application.PlatformImpl.lambda$runLater$11(Ljava/lang/Runnable;Ljava/security/AccessControlContext;)V javafx.graphics (41 bytes) @ 0x000002418097c0c4 [0x000002418097bac0+0x0000000000000604]
J 4859 c1 com.sun.javafx.application.PlatformImpl$$Lambda+0x0000024190086cc0.run()V javafx.graphics (12 bytes) @ 0x000002418097a954 [0x000002418097a8c0+0x0000000000000094]
J 9712 c2 com.sun.glass.ui.InvokeLaterDispatcher$Future.run()V javafx.graphics (91 bytes) @ 0x0000024187fdb43c [0x0000024187fdb3e0+0x000000000000005c]
v  ~StubRoutines::call_stub 0x000002418745100d
j  com.sun.glass.ui.win.WinApplication._enterNestedEventLoopImpl()Ljava/lang/Object;+0 javafx.graphics
j  com.sun.glass.ui.win.WinApplication._enterNestedEventLoop()Ljava/lang/Object;+15 javafx.graphics
j  com.sun.glass.ui.Application.enterNestedEventLoop()Ljava/lang/Object;+14 javafx.graphics
j  com.sun.glass.ui.EventLoop.enter()Ljava/lang/Object;+42 javafx.graphics
j  com.sun.javafx.tk.quantum.QuantumToolkit.enterNestedEventLoop(Ljava/lang/Object;)Ljava/lang/Object;+95 javafx.graphics
j  javafx.stage.Stage.showAndWait()V+93 javafx.graphics
j  javafx.scene.control.HeavyweightDialog.showAndWait()V+22 javafx.controls
j  javafx.scene.control.Dialog.showAndWait()Ljava/util/Optional;+86 javafx.controls
j  com.example.livecycle.controllers.auth.FaceAuthController.showAlert(Ljava/lang/String;Ljava/lang/String;)V+27 com.example.livecycle
j  com.example.livecycle.controllers.auth.FaceAuthController.lambda$handleFaceLogin$12(Ljava/lang/Exception;)V+24 com.example.livecycle
j  com.example.livecycle.controllers.auth.FaceAuthController$$Lambda+0x00000241904a5290.run()V+8 com.example.livecycle
J 4862 c1 com.sun.javafx.application.PlatformImpl$$Lambda+0x0000024190087d10.run()Ljava/lang/Object; javafx.graphics (8 bytes) @ 0x000002418097b18c [0x000002418097b040+0x000000000000014c]
J 4860 c1 com.sun.javafx.application.PlatformImpl.lambda$runLater$11(Ljava/lang/Runnable;Ljava/security/AccessControlContext;)V javafx.graphics (41 bytes) @ 0x000002418097c0c4 [0x000002418097bac0+0x0000000000000604]
J 4859 c1 com.sun.javafx.application.PlatformImpl$$Lambda+0x0000024190086cc0.run()V javafx.graphics (12 bytes) @ 0x000002418097a954 [0x000002418097a8c0+0x0000000000000094]
J 9712 c2 com.sun.glass.ui.InvokeLaterDispatcher$Future.run()V javafx.graphics (91 bytes) @ 0x0000024187fdb43c [0x0000024187fdb3e0+0x000000000000005c]
v  ~StubRoutines::call_stub 0x000002418745100d
j  com.sun.glass.ui.win.WinApplication._enterNestedEventLoopImpl()Ljava/lang/Object;+0 javafx.graphics
j  com.sun.glass.ui.win.WinApplication._enterNestedEventLoop()Ljava/lang/Object;+15 javafx.graphics
j  com.sun.glass.ui.Application.enterNestedEventLoop()Ljava/lang/Object;+14 javafx.graphics
j  com.sun.glass.ui.EventLoop.enter()Ljava/lang/Object;+42 javafx.graphics
j  com.sun.javafx.tk.quantum.QuantumToolkit.enterNestedEventLoop(Ljava/lang/Object;)Ljava/lang/Object;+95 javafx.graphics
j  javafx.stage.Stage.showAndWait()V+93 javafx.graphics
j  javafx.scene.control.HeavyweightDialog.showAndWait()V+22 javafx.controls
j  javafx.scene.control.Dialog.showAndWait()Ljava/util/Optional;+86 javafx.controls
j  com.example.livecycle.controllers.auth.FaceAuthController.showAlert(Ljava/lang/String;Ljava/lang/String;)V+27 com.example.livecycle
j  com.example.livecycle.controllers.auth.FaceAuthController.lambda$handleFaceLogin$12(Ljava/lang/Exception;)V+24 com.example.livecycle
j  com.example.livecycle.controllers.auth.FaceAuthController$$Lambda+0x00000241904a5290.run()V+8 com.example.livecycle
J 4862 c1 com.sun.javafx.application.PlatformImpl$$Lambda+0x0000024190087d10.run()Ljava/lang/Object; javafx.graphics (8 bytes) @ 0x000002418097b18c [0x000002418097b040+0x000000000000014c]
J 4860 c1 com.sun.javafx.application.PlatformImpl.lambda$runLater$11(Ljava/lang/Runnable;Ljava/security/AccessControlContext;)V javafx.graphics (41 bytes) @ 0x000002418097c0c4 [0x000002418097bac0+0x0000000000000604]
J 4859 c1 com.sun.javafx.application.PlatformImpl$$Lambda+0x0000024190086cc0.run()V javafx.graphics (12 bytes) @ 0x000002418097a954 [0x000002418097a8c0+0x0000000000000094]
J 9712 c2 com.sun.glass.ui.InvokeLaterDispatcher$Future.run()V javafx.graphics (91 bytes) @ 0x0000024187fdb43c [0x0000024187fdb3e0+0x000000000000005c]
v  ~StubRoutines::call_stub 0x000002418745100d
j  com.sun.glass.ui.win.WinApplication._enterNestedEventLoopImpl()Ljava/lang/Object;+0 javafx.graphics
j  com.sun.glass.ui.win.WinApplication._enterNestedEventLoop()Ljava/lang/Object;+15 javafx.graphics
j  com.sun.glass.ui.Application.enterNestedEventLoop()Ljava/lang/Object;+14 javafx.graphics
j  com.sun.glass.ui.EventLoop.enter()Ljava/lang/Object;+42 javafx.graphics
j  com.sun.javafx.tk.quantum.QuantumToolkit.enterNestedEventLoop(Ljava/lang/Object;)Ljava/lang/Object;+95 javafx.graphics
j  javafx.stage.Stage.showAndWait()V+93 javafx.graphics
j  javafx.scene.control.HeavyweightDialog.showAndWait()V+22 javafx.controls
j  javafx.scene.control.Dialog.showAndWait()Ljava/util/Optional;+86 javafx.controls
j  com.example.livecycle.controllers.auth.FaceAuthController.showAlert(Ljava/lang/String;Ljava/lang/String;)V+27 com.example.livecycle
j  com.example.livecycle.controllers.auth.FaceAuthController.lambda$handleFaceLogin$12(Ljava/lang/Exception;)V+24 com.example.livecycle
j  com.example.livecycle.controllers.auth.FaceAuthController$$Lambda+0x00000241904a5290.run()V+8 com.example.livecycle
J 4862 c1 com.sun.javafx.application.PlatformImpl$$Lambda+0x0000024190087d10.run()Ljava/lang/Object; javafx.graphics (8 bytes) @ 0x000002418097b18c [0x000002418097b040+0x000000000000014c]
J 4860 c1 com.sun.javafx.application.PlatformImpl.lambda$runLater$11(Ljava/lang/Runnable;Ljava/security/AccessControlContext;)V javafx.graphics (41 bytes) @ 0x000002418097c0c4 [0x000002418097bac0+0x0000000000000604]
J 4859 c1 com.sun.javafx.application.PlatformImpl$$Lambda+0x0000024190086cc0.run()V javafx.graphics (12 bytes) @ 0x000002418097a954 [0x000002418097a8c0+0x0000000000000094]
J 9712 c2 com.sun.glass.ui.InvokeLaterDispatcher$Future.run()V javafx.graphics (91 bytes) @ 0x0000024187fdb43c [0x0000024187fdb3e0+0x000000000000005c]
v  ~StubRoutines::call_stub 0x000002418745100d
j  com.sun.glass.ui.win.WinApplication._enterNestedEventLoopImpl()Ljava/lang/Object;+0 javafx.graphics
j  com.sun.glass.ui.win.WinApplication._enterNestedEventLoop()Ljava/lang/Object;+15 javafx.graphics
j  com.sun.glass.ui.Application.enterNestedEventLoop()Ljava/lang/Object;+14 javafx.graphics
j  com.sun.glass.ui.EventLoop.enter()Ljava/lang/Object;+42 javafx.graphics
j  com.sun.javafx.tk.quantum.QuantumToolkit.enterNestedEventLoop(Ljava/lang/Object;)Ljava/lang/Object;+95 javafx.graphics
j  javafx.stage.Stage.showAndWait()V+93 javafx.graphics
j  javafx.scene.control.HeavyweightDialog.showAndWait()V+22 javafx.controls
j  javafx.scene.control.Dialog.showAndWait()Ljava/util/Optional;+86 javafx.controls
j  com.example.livecycle.controllers.auth.FaceAuthController.showAlert(Ljava/lang/String;Ljava/lang/String;)V+27 com.example.livecycle
j  com.example.livecycle.controllers.auth.FaceAuthController.lambda$handleFaceLogin$12(Ljava/lang/Exception;)V+24 com.example.livecycle
j  com.example.livecycle.controllers.auth.FaceAuthController$$Lambda+0x00000241904a5290.run()V+8 com.example.livecycle
J 4862 c1 com.sun.javafx.application.PlatformImpl$$Lambda+0x0000024190087d10.run()Ljava/lang/Object; javafx.graphics (8 bytes) @ 0x000002418097b18c [0x000002418097b040+0x000000000000014c]
J 4860 c1 com.sun.javafx.application.PlatformImpl.lambda$runLater$11(Ljava/lang/Runnable;Ljava/security/AccessControlContext;)V javafx.graphics (41 bytes) @ 0x000002418097c0c4 [0x000002418097bac0+0x0000000000000604]
J 4859 c1 com.sun.javafx.application.PlatformImpl$$Lambda+0x0000024190086cc0.run()V javafx.graphics (12 bytes) @ 0x000002418097a954 [0x000002418097a8c0+0x0000000000000094]
J 9712 c2 com.sun.glass.ui.InvokeLaterDispatcher$Future.run()V javafx.graphics (91 bytes) @ 0x0000024187fdb43c [0x0000024187fdb3e0+0x000000000000005c]
v  ~StubRoutines::call_stub 0x000002418745100d
j  com.sun.glass.ui.win.WinApplication._enterNestedEventLoopImpl()Ljava/lang/Object;+0 javafx.graphics
j  com.sun.glass.ui.win.WinApplication._enterNestedEventLoop()Ljava/lang/Object;+15 javafx.graphics
j  com.sun.glass.ui.Application.enterNestedEventLoop()Ljava/lang/Object;+14 javafx.graphics
j  com.sun.glass.ui.EventLoop.enter()Ljava/lang/Object;+42 javafx.graphics
j  com.sun.javafx.tk.quantum.QuantumToolkit.enterNestedEventLoop(Ljava/lang/Object;)Ljava/lang/Object;+95 javafx.graphics
j  javafx.stage.Stage.showAndWait()V+93 javafx.graphics
j  javafx.scene.control.HeavyweightDialog.showAndWait()V+22 javafx.controls
j  javafx.scene.control.Dialog.showAndWait()Ljava/util/Optional;+86 javafx.controls
j  com.example.livecycle.controllers.auth.FaceAuthController.showAlert(Ljava/lang/String;Ljava/lang/String;)V+27 com.example.livecycle
j  com.example.livecycle.controllers.auth.FaceAuthController.lambda$handleFaceLogin$12(Ljava/lang/Exception;)V+24 com.example.livecycle
j  com.example.livecycle.controllers.auth.FaceAuthController$$Lambda+0x00000241904a5290.run()V+8 com.example.livecycle
J 4862 c1 com.sun.javafx.application.PlatformImpl$$Lambda+0x0000024190087d10.run()Ljava/lang/Object; javafx.graphics (8 bytes) @ 0x000002418097b18c [0x000002418097b040+0x000000000000014c]
J 4860 c1 com.sun.javafx.application.PlatformImpl.lambda$runLater$11(Ljava/lang/Runnable;Ljava/security/AccessControlContext;)V javafx.graphics (41 bytes) @ 0x000002418097c0c4 [0x000002418097bac0+0x0000000000000604]
J 4859 c1 com.sun.javafx.application.PlatformImpl$$Lambda+0x0000024190086cc0.run()V javafx.graphics (12 bytes) @ 0x000002418097a954 [0x000002418097a8c0+0x0000000000000094]
J 9712 c2 com.sun.glass.ui.InvokeLaterDispatcher$Future.run()V javafx.graphics (91 bytes) @ 0x0000024187fdb43c [0x0000024187fdb3e0+0x000000000000005c]
v  ~StubRoutines::call_stub 0x000002418745100d
j  com.sun.glass.ui.win.WinApplication._enterNestedEventLoopImpl()Ljava/lang/Object;+0 javafx.graphics
j  com.sun.glass.ui.win.WinApplication._enterNestedEventLoop()Ljava/lang/Object;+15 javafx.graphics
j  com.sun.glass.ui.Application.enterNestedEventLoop()Ljava/lang/Object;+14 javafx.graphics
j  com.sun.glass.ui.EventLoop.enter()Ljava/lang/Object;+42 javafx.graphics
j  com.sun.javafx.tk.quantum.QuantumToolkit.enterNestedEventLoop(Ljava/lang/Object;)Ljava/lang/Object;+95 javafx.graphics
j  javafx.stage.Stage.showAndWait()V+93 javafx.graphics
j  javafx.scene.control.HeavyweightDialog.showAndWait()V+22 javafx.controls
j  javafx.scene.control.Dialog.showAndWait()Ljava/util/Optional;+86 javafx.controls
j  com.example.livecycle.controllers.auth.FaceAuthController.showAlert(Ljava/lang/String;Ljava/lang/String;)V+27 com.example.livecycle
j  com.example.livecycle.controllers.auth.FaceAuthController.lambda$handleFaceLogin$12(Ljava/lang/Exception;)V+24 com.example.livecycle
j  com.example.livecycle.controllers.auth.FaceAuthController$$Lambda+0x00000241904a5290.run()V+8 com.example.livecycle
J 4862 c1 com.sun.javafx.application.PlatformImpl$$Lambda+0x0000024190087d10.run()Ljava/lang/Object; javafx.graphics (8 bytes) @ 0x000002418097b18c [0x000002418097b040+0x000000000000014c]
J 4860 c1 com.sun.javafx.application.PlatformImpl.lambda$runLater$11(Ljava/lang/Runnable;Ljava/security/AccessControlContext;)V javafx.graphics (41 bytes) @ 0x000002418097c0c4 [0x000002418097bac0+0x0000000000000604]
J 4859 c1 com.sun.javafx.application.PlatformImpl$$Lambda+0x0000024190086cc0.run()V javafx.graphics (12 bytes) @ 0x000002418097a954 [0x000002418097a8c0+0x0000000000000094]
J 9712 c2 com.sun.glass.ui.InvokeLaterDispatcher$Future.run()V javafx.graphics (91 bytes) @ 0x0000024187fdb43c [0x0000024187fdb3e0+0x000000000000005c]
v  ~StubRoutines::call_stub 0x000002418745100d
j  com.sun.glass.ui.win.WinApplication._enterNestedEventLoopImpl()Ljava/lang/Object;+0 javafx.graphics
j  com.sun.glass.ui.win.WinApplication._enterNestedEventLoop()Ljava/lang/Object;+15 javafx.graphics
j  com.sun.glass.ui.Application.enterNestedEventLoop()Ljava/lang/Object;+14 javafx.graphics
j  com.sun.glass.ui.EventLoop.enter()Ljava/lang/Object;+42 javafx.graphics
j  com.sun.javafx.tk.quantum.QuantumToolkit.enterNestedEventLoop(Ljava/lang/Object;)Ljava/lang/Object;+95 javafx.graphics
j  javafx.stage.Stage.showAndWait()V+93 javafx.graphics
j  javafx.scene.control.HeavyweightDialog.showAndWait()V+22 javafx.controls
j  javafx.scene.control.Dialog.showAndWait()Ljava/util/Optional;+86 javafx.controls
j  com.example.livecycle.controllers.auth.FaceAuthController.showAlert(Ljava/lang/String;Ljava/lang/String;)V+27 com.example.livecycle
j  com.example.livecycle.controllers.auth.FaceAuthController.lambda$handleFaceLogin$12(Ljava/lang/Exception;)V+24 com.example.livecycle
j  com.example.livecycle.controllers.auth.FaceAuthController$$Lambda+0x00000241904a5290.run()V+8 com.example.livecycle
J 4862 c1 com.sun.javafx.application.PlatformImpl$$Lambda+0x0000024190087d10.run()Ljava/lang/Object; javafx.graphics (8 bytes) @ 0x000002418097b18c [0x000002418097b040+0x000000000000014c]
J 4860 c1 com.sun.javafx.application.PlatformImpl.lambda$runLater$11(Ljava/lang/Runnable;Ljava/security/AccessControlContext;)V javafx.graphics (41 bytes) @ 0x000002418097c0c4 [0x000002418097bac0+0x0000000000000604]
J 4859 c1 com.sun.javafx.application.PlatformImpl$$Lambda+0x0000024190086cc0.run()V javafx.graphics (12 bytes) @ 0x000002418097a954 [0x000002418097a8c0+0x0000000000000094]
J 9712 c2 com.sun.glass.ui.InvokeLaterDispatcher$Future.run()V javafx.graphics (91 bytes) @ 0x0000024187fdb43c [0x0000024187fdb3e0+0x000000000000005c]
v  ~StubRoutines::call_stub 0x000002418745100d
j  com.sun.glass.ui.win.WinApplication._enterNestedEventLoopImpl()Ljava/lang/Object;+0 javafx.graphics
j  com.sun.glass.ui.win.WinApplication._enterNestedEventLoop()Ljava/lang/Object;+15 javafx.graphics
j  com.sun.glass.ui.Application.enterNestedEventLoop()Ljava/lang/Object;+14 javafx.graphics
j  com.sun.glass.ui.EventLoop.enter()Ljava/lang/Object;+42 javafx.graphics
j  com.sun.javafx.tk.quantum.QuantumToolkit.enterNestedEventLoop(Ljava/lang/Object;)Ljava/lang/Object;+95 javafx.graphics
j  javafx.stage.Stage.showAndWait()V+93 javafx.graphics
j  javafx.scene.control.HeavyweightDialog.showAndWait()V+22 javafx.controls
j  javafx.scene.control.Dialog.showAndWait()Ljava/util/Optional;+86 javafx.controls
j  com.example.livecycle.controllers.auth.FaceAuthController.showAlert(Ljava/lang/String;Ljava/lang/String;)V+27 com.example.livecycle
j  com.example.livecycle.controllers.auth.FaceAuthController.lambda$handleFaceLogin$12(Ljava/lang/Exception;)V+24 com.example.livecycle
j  com.example.livecycle.controllers.auth.FaceAuthController$$Lambda+0x00000241904a5290.run()V+8 com.example.livecycle
J 4862 c1 com.sun.javafx.application.PlatformImpl$$Lambda+0x0000024190087d10.run()Ljava/lang/Object; javafx.graphics (8 bytes) @ 0x000002418097b18c [0x000002418097b040+0x000000000000014c]
J 4860 c1 com.sun.javafx.application.PlatformImpl.lambda$runLater$11(Ljava/lang/Runnable;Ljava/security/AccessControlContext;)V javafx.graphics (41 bytes) @ 0x000002418097c0c4 [0x000002418097bac0+0x0000000000000604]
J 4859 c1 com.sun.javafx.application.PlatformImpl$$Lambda+0x0000024190086cc0.run()V javafx.graphics (12 bytes) @ 0x000002418097a954 [0x000002418097a8c0+0x0000000000000094]
J 9712 c2 com.sun.glass.ui.InvokeLaterDispatcher$Future.run()V javafx.graphics (91 bytes) @ 0x0000024187fdb43c [0x0000024187fdb3e0+0x000000000000005c]
v  ~StubRoutines::call_stub 0x000002418745100d
j  com.sun.glass.ui.win.WinApplication._enterNestedEventLoopImpl()Ljava/lang/Object;+0 javafx.graphics
j  com.sun.glass.ui.win.WinApplication._enterNestedEventLoop()Ljava/lang/Object;+15 javafx.graphics
j  com.sun.glass.ui.Application.enterNestedEventLoop()Ljava/lang/Object;+14 javafx.graphics
j  com.sun.glass.ui.EventLoop.enter()Ljava/lang/Object;+42 javafx.graphics
j  com.sun.javafx.tk.quantum.QuantumToolkit.enterNestedEventLoop(Ljava/lang/Object;)Ljava/lang/Object;+95 javafx.graphics
j  javafx.stage.Stage.showAndWait()V+93 javafx.graphics
j  javafx.scene.control.HeavyweightDialog.showAndWait()V+22 javafx.controls
j  javafx.scene.control.Dialog.showAndWait()Ljava/util/Optional;+86 javafx.controls
j  com.example.livecycle.controllers.auth.FaceAuthController.showAlert(Ljava/lang/String;Ljava/lang/String;)V+27 com.example.livecycle
j  com.example.livecycle.controllers.auth.FaceAuthController.lambda$handleFaceLogin$12(Ljava/lang/Exception;)V+24 com.example.livecycle
j  com.example.livecycle.controllers.auth.FaceAuthController$$Lambda+0x00000241904a5290.run()V+8 com.example.livecycle
J 4862 c1 com.sun.javafx.application.PlatformImpl$$Lambda+0x0000024190087d10.run()Ljava/lang/Object; javafx.graphics (8 bytes) @ 0x000002418097b18c [0x000002418097b040+0x000000000000014c]
J 4860 c1 com.sun.javafx.application.PlatformImpl.lambda$runLater$11(Ljava/lang/Runnable;Ljava/security/AccessControlContext;)V javafx.graphics (41 bytes) @ 0x000002418097c0c4 [0x000002418097bac0+0x0000000000000604]
J 4859 c1 com.sun.javafx.application.PlatformImpl$$Lambda+0x0000024190086cc0.run()V javafx.graphics (12 bytes) @ 0x000002418097a954 [0x000002418097a8c0+0x0000000000000094]
J 9712 c2 com.sun.glass.ui.InvokeLaterDispatcher$Future.run()V javafx.graphics (91 bytes) @ 0x0000024187fdb43c [0x0000024187fdb3e0+0x000000000000005c]
v  ~StubRoutines::call_stub 0x000002418745100d
j  com.sun.glass.ui.win.WinApplication._enterNestedEventLoopImpl()Ljava/lang/Object;+0 javafx.graphics
j  com.sun.glass.ui.win.WinApplication._enterNestedEventLoop()Ljava/lang/Object;+15 javafx.graphics
j  com.sun.glass.ui.Application.enterNestedEventLoop()Ljava/lang/Object;+14 javafx.graphics
j  com.sun.glass.ui.EventLoop.enter()Ljava/lang/Object;+42 javafx.graphics
j  com.sun.javafx.tk.quantum.QuantumToolkit.enterNestedEventLoop(Ljava/lang/Object;)Ljava/lang/Object;+95 javafx.graphics
j  javafx.stage.Stage.showAndWait()V+93 javafx.graphics
j  javafx.scene.control.HeavyweightDialog.showAndWait()V+22 javafx.controls
j  javafx.scene.control.Dialog.showAndWait()Ljava/util/Optional;+86 javafx.controls
j  com.example.livecycle.controllers.auth.FaceAuthController.showAlert(Ljava/lang/String;Ljava/lang/String;)V+27 com.example.livecycle
j  com.example.livecycle.controllers.auth.FaceAuthController.lambda$handleFaceLogin$12(Ljava/lang/Exception;)V+24 com.example.livecycle
j  com.example.livecycle.controllers.auth.FaceAuthController$$Lambda+0x00000241904a5290.run()V+8 com.example.livecycle
J 4862 c1 com.sun.javafx.application.PlatformImpl$$Lambda+0x0000024190087d10.run()Ljava/lang/Object; javafx.graphics (8 bytes) @ 0x000002418097b18c [0x000002418097b040+0x000000000000014c]
J 4860 c1 com.sun.javafx.application.PlatformImpl.lambda$runLater$11(Ljava/lang/Runnable;Ljava/security/AccessControlContext;)V javafx.graphics (41 bytes) @ 0x000002418097c0c4 [0x000002418097bac0+0x0000000000000604]
J 4859 c1 com.sun.javafx.application.PlatformImpl$$Lambda+0x0000024190086cc0.run()V javafx.graphics (12 bytes) @ 0x000002418097a954 [0x000002418097a8c0+0x0000000000000094]
J 4502 c1 com.sun.glass.ui.InvokeLaterDispatcher$Future.run()V javafx.graphics (91 bytes) @ 0x00000241808a239c [0x00000241808a2280+0x000000000000011c]
v  ~StubRoutines::call_stub 0x000002418745100d
j  com.sun.glass.ui.win.WinApplication._enterNestedEventLoopImpl()Ljava/lang/Object;+0 javafx.graphics
j  com.sun.glass.ui.win.WinApplication._enterNestedEventLoop()Ljava/lang/Object;+15 javafx.graphics
j  com.sun.glass.ui.Application.enterNestedEventLoop()Ljava/lang/Object;+14 javafx.graphics
j  com.sun.glass.ui.EventLoop.enter()Ljava/lang/Object;+42 javafx.graphics
j  com.sun.javafx.tk.quantum.QuantumToolkit.enterNestedEventLoop(Ljava/lang/Object;)Ljava/lang/Object;+95 javafx.graphics
j  javafx.stage.Stage.showAndWait()V+93 javafx.graphics
j  javafx.scene.control.HeavyweightDialog.showAndWait()V+22 javafx.controls
j  javafx.scene.control.Dialog.showAndWait()Ljava/util/Optional;+86 javafx.controls
j  com.example.livecycle.controllers.auth.FaceAuthController.showAlert(Ljava/lang/String;Ljava/lang/String;)V+27 com.example.livecycle
j  com.example.livecycle.controllers.auth.FaceAuthController.lambda$handleFaceLogin$12(Ljava/lang/Exception;)V+24 com.example.livecycle
j  com.example.livecycle.controllers.auth.FaceAuthController$$Lambda+0x00000241904a5290.run()V+8 com.example.livecycle
J 4862 c1 com.sun.javafx.application.PlatformImpl$$Lambda+0x0000024190087d10.run()Ljava/lang/Object; javafx.graphics (8 bytes) @ 0x000002418097b18c [0x000002418097b040+0x000000000000014c]
J 4860 c1 com.sun.javafx.application.PlatformImpl.lambda$runLater$11(Ljava/lang/Runnable;Ljava/security/AccessControlContext;)V javafx.graphics (41 bytes) @ 0x000002418097c0c4 [0x000002418097bac0+0x0000000000000604]
J 4859 c1 com.sun.javafx.application.PlatformImpl$$Lambda+0x0000024190086cc0.run()V javafx.graphics (12 bytes) @ 0x000002418097a954 [0x000002418097a8c0+0x0000000000000094]
J 4502 c1 com.sun.glass.ui.InvokeLaterDispatcher$Future.run()V javafx.graphics (91 bytes) @ 0x00000241808a239c [0x00000241808a2280+0x000000000000011c]
v  ~StubRoutines::call_stub 0x000002418745100d
j  com.sun.glass.ui.win.WinApplication._enterNestedEventLoopImpl()Ljava/lang/Object;+0 javafx.graphics
j  com.sun.glass.ui.win.WinApplication._enterNestedEventLoop()Ljava/lang/Object;+15 javafx.graphics
j  com.sun.glass.ui.Application.enterNestedEventLoop()Ljava/lang/Object;+14 javafx.graphics
j  com.sun.glass.ui.EventLoop.enter()Ljava/lang/Object;+42 javafx.graphics
j  com.sun.javafx.tk.quantum.QuantumToolkit.enterNestedEventLoop(Ljava/lang/Object;)Ljava/lang/Object;+95 javafx.graphics
j  javafx.stage.Stage.showAndWait()V+93 javafx.graphics
j  javafx.scene.control.HeavyweightDialog.showAndWait()V+22 javafx.controls
j  javafx.scene.control.Dialog.showAndWait()Ljava/util/Optional;+86 javafx.controls
j  com.example.livecycle.controllers.auth.FaceAuthController.showAlert(Ljava/lang/String;Ljava/lang/String;)V+27 com.example.livecycle
j  com.example.livecycle.controllers.auth.FaceAuthController.lambda$handleFaceLogin$12(Ljava/lang/Exception;)V+24 com.example.livecycle
j  com.example.livecycle.controllers.auth.FaceAuthController$$Lambda+0x00000241904a5290.run()V+8 com.example.livecycle
J 4862 c1 com.sun.javafx.application.PlatformImpl$$Lambda+0x0000024190087d10.run()Ljava/lang/Object; javafx.graphics (8 bytes) @ 0x000002418097b18c [0x000002418097b040+0x000000000000014c]
J 4860 c1 com.sun.javafx.application.PlatformImpl.lambda$runLater$11(Ljava/lang/Runnable;Ljava/security/AccessControlContext;)V javafx.graphics (41 bytes) @ 0x000002418097c0c4 [0x000002418097bac0+0x0000000000000604]
J 4859 c1 com.sun.javafx.application.PlatformImpl$$Lambda+0x0000024190086cc0.run()V javafx.graphics (12 bytes) @ 0x000002418097a954 [0x000002418097a8c0+0x0000000000000094]
J 4502 c1 com.sun.glass.ui.InvokeLaterDispatcher$Future.run()V javafx.graphics (91 bytes) @ 0x00000241808a239c [0x00000241808a2280+0x000000000000011c]
v  ~StubRoutines::call_stub 0x000002418745100d
j  com.sun.glass.ui.win.WinApplication._enterNestedEventLoopImpl()Ljava/lang/Object;+0 javafx.graphics
j  com.sun.glass.ui.win.WinApplication._enterNestedEventLoop()Ljava/lang/Object;+15 javafx.graphics
j  com.sun.glass.ui.Application.enterNestedEventLoop()Ljava/lang/Object;+14 javafx.graphics
j  com.sun.glass.ui.EventLoop.enter()Ljava/lang/Object;+42 javafx.graphics
j  com.sun.javafx.tk.quantum.QuantumToolkit.enterNestedEventLoop(Ljava/lang/Object;)Ljava/lang/Object;+95 javafx.graphics
j  javafx.stage.Stage.showAndWait()V+93 javafx.graphics
j  javafx.scene.control.HeavyweightDialog.showAndWait()V+22 javafx.controls
j  javafx.scene.control.Dialog.showAndWait()Ljava/util/Optional;+86 javafx.controls
j  com.example.livecycle.controllers.auth.FaceAuthController.showAlert(Ljava/lang/String;Ljava/lang/String;)V+27 com.example.livecycle
j  com.example.livecycle.controllers.auth.FaceAuthController.lambda$handleFaceLogin$12(Ljava/lang/Exception;)V+24 com.example.livecycle
j  com.example.livecycle.controllers.auth.FaceAuthController$$Lambda+0x00000241904a5290.run()V+8 com.example.livecycle
J 4862 c1 com.sun.javafx.application.PlatformImpl$$Lambda+0x0000024190087d10.run()Ljava/lang/Object; javafx.graphics (8 bytes) @ 0x000002418097b18c [0x000002418097b040+0x000000000000014c]
J 4860 c1 com.sun.javafx.application.PlatformImpl.lambda$runLater$11(Ljava/lang/Runnable;Ljava/security/AccessControlContext;)V javafx.graphics (41 bytes) @ 0x000002418097c0c4 [0x000002418097bac0+0x0000000000000604]
J 4859 c1 com.sun.javafx.application.PlatformImpl$$Lambda+0x0000024190086cc0.run()V javafx.graphics (12 bytes) @ 0x000002418097a954 [0x000002418097a8c0+0x0000000000000094]
J 4502 c1 com.sun.glass.ui.InvokeLaterDispatcher$Future.run()V javafx.graphics (91 bytes) @ 0x00000241808a239c [0x00000241808a2280+0x000000000000011c]
v  ~StubRoutines::call_stub 0x000002418745100d
j  com.sun.glass.ui.win.WinApplication._enterNestedEventLoopImpl()Ljava/lang/Object;+0 javafx.graphics
j  com.sun.glass.ui.win.WinApplication._enterNestedEventLoop()Ljava/lang/Object;+15 javafx.graphics
j  com.sun.glass.ui.Application.enterNestedEventLoop()Ljava/lang/Object;+14 javafx.graphics
j  com.sun.glass.ui.EventLoop.enter()Ljava/lang/Object;+42 javafx.graphics
j  com.sun.javafx.tk.quantum.QuantumToolkit.enterNestedEventLoop(Ljava/lang/Object;)Ljava/lang/Object;+95 javafx.graphics
j  javafx.stage.Stage.showAndWait()V+93 javafx.graphics
j  javafx.scene.control.HeavyweightDialog.showAndWait()V+22 javafx.controls
j  javafx.scene.control.Dialog.showAndWait()Ljava/util/Optional;+86 javafx.controls
j  com.example.livecycle.controllers.auth.FaceAuthController.showAlert(Ljava/lang/String;Ljava/lang/String;)V+27 com.example.livecycle
j  com.example.livecycle.controllers.auth.FaceAuthController.lambda$handleFaceLogin$12(Ljava/lang/Exception;)V+24 com.example.livecycle
j  com.example.livecycle.controllers.auth.FaceAuthController$$Lambda+0x00000241904a5290.run()V+8 com.example.livecycle
J 4862 c1 com.sun.javafx.application.PlatformImpl$$Lambda+0x0000024190087d10.run()Ljava/lang/Object; javafx.graphics (8 bytes) @ 0x000002418097b18c [0x000002418097b040+0x000000000000014c]
J 4860 c1 com.sun.javafx.application.PlatformImpl.lambda$runLater$11(Ljava/lang/Runnable;Ljava/security/AccessControlContext;)V javafx.graphics (41 bytes) @ 0x000002418097c0c4 [0x000002418097bac0+0x0000000000000604]
J 4859 c1 com.sun.javafx.application.PlatformImpl$$Lambda+0x0000024190086cc0.run()V javafx.graphics (12 bytes) @ 0x000002418097a954 [0x000002418097a8c0+0x0000000000000094]
J 4502 c1 com.sun.glass.ui.InvokeLaterDispatcher$Future.run()V javafx.graphics (91 bytes) @ 0x00000241808a239c [0x00000241808a2280+0x000000000000011c]
v  ~StubRoutines::call_stub 0x000002418745100d
j  com.sun.glass.ui.win.WinApplication._enterNestedEventLoopImpl()Ljava/lang/Object;+0 javafx.graphics
j  com.sun.glass.ui.win.WinApplication._enterNestedEventLoop()Ljava/lang/Object;+15 javafx.graphics
j  com.sun.glass.ui.Application.enterNestedEventLoop()Ljava/lang/Object;+14 javafx.graphics
j  com.sun.glass.ui.EventLoop.enter()Ljava/lang/Object;+42 javafx.graphics
j  com.sun.javafx.tk.quantum.QuantumToolkit.enterNestedEventLoop(Ljava/lang/Object;)Ljava/lang/Object;+95 javafx.graphics
j  javafx.stage.Stage.showAndWait()V+93 javafx.graphics
j  javafx.scene.control.HeavyweightDialog.showAndWait()V+22 javafx.controls
j  javafx.scene.control.Dialog.showAndWait()Ljava/util/Optional;+86 javafx.controls
j  com.example.livecycle.controllers.auth.FaceAuthController.showAlert(Ljava/lang/String;Ljava/lang/String;)V+27 com.example.livecycle
j  com.example.livecycle.controllers.auth.FaceAuthController.lambda$handleFaceLogin$12(Ljava/lang/Exception;)V+24 com.example.livecycle
j  com.example.livecycle.controllers.auth.FaceAuthController$$Lambda+0x00000241904a5290.run()V+8 com.example.livecycle
J 4862 c1 com.sun.javafx.application.PlatformImpl$$Lambda+0x0000024190087d10.run()Ljava/lang/Object; javafx.graphics (8 bytes) @ 0x000002418097b18c [0x000002418097b040+0x000000000000014c]
J 4860 c1 com.sun.javafx.application.PlatformImpl.lambda$runLater$11(Ljava/lang/Runnable;Ljava/security/AccessControlContext;)V javafx.graphics (41 bytes) @ 0x000002418097c0c4 [0x000002418097bac0+0x0000000000000604]
J 4859 c1 com.sun.javafx.application.PlatformImpl$$Lambda+0x0000024190086cc0.run()V javafx.graphics (12 bytes) @ 0x000002418097a954 [0x000002418097a8c0+0x0000000000000094]
J 4502 c1 com.sun.glass.ui.InvokeLaterDispatcher$Future.run()V javafx.graphics (91 bytes) @ 0x00000241808a239c [0x00000241808a2280+0x000000000000011c]
v  ~StubRoutines::call_stub 0x000002418745100d
j  com.sun.glass.ui.win.WinApplication._enterNestedEventLoopImpl()Ljava/lang/Object;+0 javafx.graphics
j  com.sun.glass.ui.win.WinApplication._enterNestedEventLoop()Ljava/lang/Object;+15 javafx.graphics
j  com.sun.glass.ui.Application.enterNestedEventLoop()Ljava/lang/Object;+14 javafx.graphics
j  com.sun.glass.ui.EventLoop.enter()Ljava/lang/Object;+42 javafx.graphics
j  com.sun.javafx.tk.quantum.QuantumToolkit.enterNestedEventLoop(Ljava/lang/Object;)Ljava/lang/Object;+95 javafx.graphics
j  javafx.stage.Stage.showAndWait()V+93 javafx.graphics
j  javafx.scene.control.HeavyweightDialog.showAndWait()V+22 javafx.controls
j  javafx.scene.control.Dialog.showAndWait()Ljava/util/Optional;+86 javafx.controls
j  com.example.livecycle.controllers.auth.FaceAuthController.showAlert(Ljava/lang/String;Ljava/lang/String;)V+27 com.example.livecycle
j  com.example.livecycle.controllers.auth.FaceAuthController.lambda$handleFaceLogin$12(Ljava/lang/Exception;)V+24 com.example.livecycle
j  com.example.livecycle.controllers.auth.FaceAuthController$$Lambda+0x00000241904a5290.run()V+8 com.example.livecycle
J 4862 c1 com.sun.javafx.application.PlatformImpl$$Lambda+0x0000024190087d10.run()Ljava/lang/Object; javafx.graphics (8 bytes) @ 0x000002418097b18c [0x000002418097b040+0x000000000000014c]
J 4860 c1 com.sun.javafx.application.PlatformImpl.lambda$runLater$11(Ljava/lang/Runnable;Ljava/security/AccessControlContext;)V javafx.graphics (41 bytes) @ 0x000002418097c0c4 [0x000002418097bac0+0x0000000000000604]
J 4859 c1 com.sun.javafx.application.PlatformImpl$$Lambda+0x0000024190086cc0.run()V javafx.graphics (12 bytes) @ 0x000002418097a954 [0x000002418097a8c0+0x0000000000000094]
J 4502 c1 com.sun.glass.ui.InvokeLaterDispatcher$Future.run()V javafx.graphics (91 bytes) @ 0x00000241808a239c [0x00000241808a2280+0x000000000000011c]
v  ~StubRoutines::call_stub 0x000002418745100d
j  com.sun.glass.ui.win.WinApplication._enterNestedEventLoopImpl()Ljava/lang/Object;+0 javafx.graphics
j  com.sun.glass.ui.win.WinApplication._enterNestedEventLoop()Ljava/lang/Object;+15 javafx.graphics
j  com.sun.glass.ui.Application.enterNestedEventLoop()Ljava/lang/Object;+14 javafx.graphics
j  com.sun.glass.ui.EventLoop.enter()Ljava/lang/Object;+42 javafx.graphics
j  com.sun.javafx.tk.quantum.QuantumToolkit.enterNestedEventLoop(Ljava/lang/Object;)Ljava/lang/Object;+95 javafx.graphics
j  javafx.stage.Stage.showAndWait()V+93 javafx.graphics
j  javafx.scene.control.HeavyweightDialog.showAndWait()V+22 javafx.controls
j  javafx.scene.control.Dialog.showAndWait()Ljava/util/Optional;+86 javafx.controls
j  com.example.livecycle.controllers.auth.FaceAuthController.showAlert(Ljava/lang/String;Ljava/lang/String;)V+27 com.example.livecycle
j  com.example.livecycle.controllers.auth.FaceAuthController.lambda$handleFaceLogin$12(Ljava/lang/Exception;)V+24 com.example.livecycle
j  com.example.livecycle.controllers.auth.FaceAuthController$$Lambda+0x00000241904a5290.run()V+8 com.example.livecycle
J 4862 c1 com.sun.javafx.application.PlatformImpl$$Lambda+0x0000024190087d10.run()Ljava/lang/Object; javafx.graphics (8 bytes) @ 0x000002418097b18c [0x000002418097b040+0x000000000000014c]
J 4860 c1 com.sun.javafx.application.PlatformImpl.lambda$runLater$11(Ljava/lang/Runnable;Ljava/security/AccessControlContext;)V javafx.graphics (41 bytes) @ 0x000002418097c0c4 [0x000002418097bac0+0x0000000000000604]
J 4859 c1 com.sun.javafx.application.PlatformImpl$$Lambda+0x0000024190086cc0.run()V javafx.graphics (12 bytes) @ 0x000002418097a954 [0x000002418097a8c0+0x0000000000000094]
J 4502 c1 com.sun.glass.ui.InvokeLaterDispatcher$Future.run()V javafx.graphics (91 bytes) @ 0x00000241808a239c [0x00000241808a2280+0x000000000000011c]
v  ~StubRoutines::call_stub 0x000002418745100d
j  com.sun.glass.ui.win.WinApplication._enterNestedEventLoopImpl()Ljava/lang/Object;+0 javafx.graphics
j  com.sun.glass.ui.win.WinApplication._enterNestedEventLoop()Ljava/lang/Object;+15 javafx.graphics
j  com.sun.glass.ui.Application.enterNestedEventLoop()Ljava/lang/Object;+14 javafx.graphics
j  com.sun.glass.ui.EventLoop.enter()Ljava/lang/Object;+42 javafx.graphics
j  com.sun.javafx.tk.quantum.QuantumToolkit.enterNestedEventLoop(Ljava/lang/Object;)Ljava/lang/Object;+95 javafx.graphics
j  javafx.stage.Stage.showAndWait()V+93 javafx.graphics
j  javafx.scene.control.HeavyweightDialog.showAndWait()V+22 javafx.controls
j  javafx.scene.control.Dialog.showAndWait()Ljava/util/Optional;+86 javafx.controls
j  com.example.livecycle.controllers.auth.FaceAuthController.showAlert(Ljava/lang/String;Ljava/lang/String;)V+27 com.example.livecycle
j  com.example.livecycle.controllers.auth.FaceAuthController.lambda$handleFaceLogin$12(Ljava/lang/Exception;)V+24 com.example.livecycle
j  com.example.livecycle.controllers.auth.FaceAuthController$$Lambda+0x00000241904a5290.run()V+8 com.example.livecycle
J 4862 c1 com.sun.javafx.application.PlatformImpl$$Lambda+0x0000024190087d10.run()Ljava/lang/Object; javafx.graphics (8 bytes) @ 0x000002418097b18c [0x000002418097b040+0x000000000000014c]
J 4860 c1 com.sun.javafx.application.PlatformImpl.lambda$runLater$11(Ljava/lang/Runnable;Ljava/security/AccessControlContext;)V javafx.graphics (41 bytes) @ 0x000002418097c0c4 [0x000002418097bac0+0x0000000000000604]
J 4859 c1 com.sun.javafx.application.PlatformImpl$$Lambda+0x0000024190086cc0.run()V javafx.graphics (12 bytes) @ 0x000002418097a954 [0x000002418097a8c0+0x0000000000000094]
J 4502 c1 com.sun.glass.ui.InvokeLaterDispatcher$Future.run()V javafx.graphics (91 bytes) @ 0x00000241808a239c [0x00000241808a2280+0x000000000000011c]
v  ~StubRoutines::call_stub 0x000002418745100d
j  com.sun.glass.ui.win.WinApplication._enterNestedEventLoopImpl()Ljava/lang/Object;+0 javafx.graphics
j  com.sun.glass.ui.win.WinApplication._enterNestedEventLoop()Ljava/lang/Object;+15 javafx.graphics
j  com.sun.glass.ui.Application.enterNestedEventLoop()Ljava/lang/Object;+14 javafx.graphics
j  com.sun.glass.ui.EventLoop.enter()Ljava/lang/Object;+42 javafx.graphics
j  com.sun.javafx.tk.quantum.QuantumToolkit.enterNestedEventLoop(Ljava/lang/Object;)Ljava/lang/Object;+95 javafx.graphics
j  javafx.stage.Stage.showAndWait()V+93 javafx.graphics
j  javafx.scene.control.HeavyweightDialog.showAndWait()V+22 javafx.controls
j  javafx.scene.control.Dialog.showAndWait()Ljava/util/Optional;+86 javafx.controls
j  com.example.livecycle.controllers.auth.FaceAuthController.showAlert(Ljava/lang/String;Ljava/lang/String;)V+27 com.example.livecycle
j  com.example.livecycle.controllers.auth.FaceAuthController.lambda$handleFaceLogin$12(Ljava/lang/Exception;)V+24 com.example.livecycle
j  com.example.livecycle.controllers.auth.FaceAuthController$$Lambda+0x00000241904a5290.run()V+8 com.example.livecycle
J 4862 c1 com.sun.javafx.application.PlatformImpl$$Lambda+0x0000024190087d10.run()Ljava/lang/Object; javafx.graphics (8 bytes) @ 0x000002418097b18c [0x000002418097b040+0x000000000000014c]
J 4860 c1 com.sun.javafx.application.PlatformImpl.lambda$runLater$11(Ljava/lang/Runnable;Ljava/security/AccessControlContext;)V javafx.graphics (41 bytes) @ 0x000002418097c0c4 [0x000002418097bac0+0x0000000000000604]
J 4859 c1 com.sun.javafx.application.PlatformImpl$$Lambda+0x0000024190086cc0.run()V javafx.graphics (12 bytes) @ 0x000002418097a954 [0x000002418097a8c0+0x0000000000000094]
J 4502 c1 com.sun.glass.ui.InvokeLaterDispatcher$Future.run()V javafx.graphics (91 bytes) @ 0x00000241808a239c [0x00000241808a2280+0x000000000000011c]
v  ~StubRoutines::call_stub 0x000002418745100d
j  com.sun.glass.ui.win.WinApplication._enterNestedEventLoopImpl()Ljava/lang/Object;+0 javafx.graphics
j  com.sun.glass.ui.win.WinApplication._enterNestedEventLoop()Ljava/lang/Object;+15 javafx.graphics
j  com.sun.glass.ui.Application.enterNestedEventLoop()Ljava/lang/Object;+14 javafx.graphics
j  com.sun.glass.ui.EventLoop.enter()Ljava/lang/Object;+42 javafx.graphics
j  com.sun.javafx.tk.quantum.QuantumToolkit.enterNestedEventLoop(Ljava/lang/Object;)Ljava/lang/Object;+95 javafx.graphics
j  javafx.stage.Stage.showAndWait()V+93 javafx.graphics
j  javafx.scene.control.HeavyweightDialog.showAndWait()V+22 javafx.controls
j  javafx.scene.control.Dialog.showAndWait()Ljava/util/Optional;+86 javafx.controls
j  com.example.livecycle.controllers.auth.FaceAuthController.showAlert(Ljava/lang/String;Ljava/lang/String;)V+27 com.example.livecycle
j  com.example.livecycle.controllers.auth.FaceAuthController.lambda$handleFaceLogin$12(Ljava/lang/Exception;)V+24 com.example.livecycle
j  com.example.livecycle.controllers.auth.FaceAuthController$$Lambda+0x00000241904a5290.run()V+8 com.example.livecycle
J 4862 c1 com.sun.javafx.application.PlatformImpl$$Lambda+0x0000024190087d10.run()Ljava/lang/Object; javafx.graphics (8 bytes) @ 0x000002418097b18c [0x000002418097b040+0x000000000000014c]
J 4860 c1 com.sun.javafx.application.PlatformImpl.lambda$runLater$11(Ljava/lang/Runnable;Ljava/security/AccessControlContext;)V javafx.graphics (41 bytes) @ 0x000002418097c0c4 [0x000002418097bac0+0x0000000000000604]
J 4859 c1 com.sun.javafx.application.PlatformImpl$$Lambda+0x0000024190086cc0.run()V javafx.graphics (12 bytes) @ 0x000002418097a954 [0x000002418097a8c0+0x0000000000000094]
J 4502 c1 com.sun.glass.ui.InvokeLaterDispatcher$Future.run()V javafx.graphics (91 bytes) @ 0x00000241808a239c [0x00000241808a2280+0x000000000000011c]
v  ~StubRoutines::call_stub 0x000002418745100d
j  com.sun.glass.ui.win.WinApplication._enterNestedEventLoopImpl()Ljava/lang/Object;+0 javafx.graphics
j  com.sun.glass.ui.win.WinApplication._enterNestedEventLoop()Ljava/lang/Object;+15 javafx.graphics
j  com.sun.glass.ui.Application.enterNestedEventLoop()Ljava/lang/Object;+14 javafx.graphics
j  com.sun.glass.ui.EventLoop.enter()Ljava/lang/Object;+42 javafx.graphics
j  com.sun.javafx.tk.quantum.QuantumToolkit.enterNestedEventLoop(Ljava/lang/Object;)Ljava/lang/Object;+95 javafx.graphics
j  javafx.stage.Stage.showAndWait()V+93 javafx.graphics
j  javafx.scene.control.HeavyweightDialog.showAndWait()V+22 javafx.controls
j  javafx.scene.control.Dialog.showAndWait()Ljava/util/Optional;+86 javafx.controls
j  com.example.livecycle.controllers.auth.FaceAuthController.showAlert(Ljava/lang/String;Ljava/lang/String;)V+27 com.example.livecycle
j  com.example.livecycle.controllers.auth.FaceAuthController.lambda$handleFaceLogin$12(Ljava/lang/Exception;)V+24 com.example.livecycle
j  com.example.livecycle.controllers.auth.FaceAuthController$$Lambda+0x00000241904a5290.run()V+8 com.example.livecycle
J 4862 c1 com.sun.javafx.application.PlatformImpl$$Lambda+0x0000024190087d10.run()Ljava/lang/Object; javafx.graphics (8 bytes) @ 0x000002418097b18c [0x000002418097b040+0x000000000000014c]
J 4860 c1 com.sun.javafx.application.PlatformImpl.lambda$runLater$11(Ljava/lang/Runnable;Ljava/security/AccessControlContext;)V javafx.graphics (41 bytes) @ 0x000002418097c0c4 [0x000002418097bac0+0x0000000000000604]
J 4859 c1 com.sun.javafx.application.PlatformImpl$$Lambda+0x0000024190086cc0.run()V javafx.graphics (12 bytes) @ 0x000002418097a954 [0x000002418097a8c0+0x0000000000000094]
J 4502 c1 com.sun.glass.ui.InvokeLaterDispatcher$Future.run()V javafx.graphics (91 bytes) @ 0x00000241808a239c [0x00000241808a2280+0x000000000000011c]
v  ~StubRoutines::call_stub 0x000002418745100d
j  com.sun.glass.ui.win.WinApplication._enterNestedEventLoopImpl()Ljava/lang/Object;+0 javafx.graphics
j  com.sun.glass.ui.win.WinApplication._enterNestedEventLoop()Ljava/lang/Object;+15 javafx.graphics
j  com.sun.glass.ui.Application.enterNestedEventLoop()Ljava/lang/Object;+14 javafx.graphics
j  com.sun.glass.ui.EventLoop.enter()Ljava/lang/Object;+42 javafx.graphics
j  com.sun.javafx.tk.quantum.QuantumToolkit.enterNestedEventLoop(Ljava/lang/Object;)Ljava/lang/Object;+95 javafx.graphics
j  javafx.stage.Stage.showAndWait()V+93 javafx.graphics
j  javafx.scene.control.HeavyweightDialog.showAndWait()V+22 javafx.controls
j  javafx.scene.control.Dialog.showAndWait()Ljava/util/Optional;+86 javafx.controls
j  com.example.livecycle.controllers.auth.FaceAuthController.showAlert(Ljava/lang/String;Ljava/lang/String;)V+27 com.example.livecycle
j  com.example.livecycle.controllers.auth.FaceAuthController.lambda$handleFaceLogin$12(Ljava/lang/Exception;)V+24 com.example.livecycle
j  com.example.livecycle.controllers.auth.FaceAuthController$$Lambda+0x00000241904a5290.run()V+8 com.example.livecycle
J 4862 c1 com.sun.javafx.application.PlatformImpl$$Lambda+0x0000024190087d10.run()Ljava/lang/Object; javafx.graphics (8 bytes) @ 0x000002418097b18c [0x000002418097b040+0x000000000000014c]
J 4860 c1 com.sun.javafx.application.PlatformImpl.lambda$runLater$11(Ljava/lang/Runnable;Ljava/security/AccessControlContext;)V javafx.graphics (41 bytes) @ 0x000002418097c0c4 [0x000002418097bac0+0x0000000000000604]
J 4859 c1 com.sun.javafx.application.PlatformImpl$$Lambda+0x0000024190086cc0.run()V javafx.graphics (12 bytes) @ 0x000002418097a954 [0x000002418097a8c0+0x0000000000000094]
J 4502 c1 com.sun.glass.ui.InvokeLaterDispatcher$Future.run()V javafx.graphics (91 bytes) @ 0x00000241808a239c [0x00000241808a2280+0x000000000000011c]
v  ~StubRoutines::call_stub 0x000002418745100d
j  com.sun.glass.ui.win.WinApplication._enterNestedEventLoopImpl()Ljava/lang/Object;+0 javafx.graphics
j  com.sun.glass.ui.win.WinApplication._enterNestedEventLoop()Ljava/lang/Object;+15 javafx.graphics
j  com.sun.glass.ui.Application.enterNestedEventLoop()Ljava/lang/Object;+14 javafx.graphics
j  com.sun.glass.ui.EventLoop.enter()Ljava/lang/Object;+42 javafx.graphics
j  com.sun.javafx.tk.quantum.QuantumToolkit.enterNestedEventLoop(Ljava/lang/Object;)Ljava/lang/Object;+95 javafx.graphics
j  javafx.stage.Stage.showAndWait()V+93 javafx.graphics
j  javafx.scene.control.HeavyweightDialog.showAndWait()V+22 javafx.controls
j  javafx.scene.control.Dialog.showAndWait()Ljava/util/Optional;+86 javafx.controls
j  com.example.livecycle.controllers.auth.FaceAuthController.showAlert(Ljava/lang/String;Ljava/lang/String;)V+27 com.example.livecycle
j  com.example.livecycle.controllers.auth.FaceAuthController.lambda$handleFaceLogin$12(Ljava/lang/Exception;)V+24 com.example.livecycle
j  com.example.livecycle.controllers.auth.FaceAuthController$$Lambda+0x00000241904a5290.run()V+8 com.example.livecycle
J 4862 c1 com.sun.javafx.application.PlatformImpl$$Lambda+0x0000024190087d10.run()Ljava/lang/Object; javafx.graphics (8 bytes) @ 0x000002418097b18c [0x000002418097b040+0x000000000000014c]
J 4860 c1 com.sun.javafx.application.PlatformImpl.lambda$runLater$11(Ljava/lang/Runnable;Ljava/security/AccessControlContext;)V javafx.graphics (41 bytes) @ 0x000002418097c0c4 [0x000002418097bac0+0x0000000000000604]
J 4859 c1 com.sun.javafx.application.PlatformImpl$$Lambda+0x0000024190086cc0.run()V javafx.graphics (12 bytes) @ 0x000002418097a954 [0x000002418097a8c0+0x0000000000000094]
J 4502 c1 com.sun.glass.ui.InvokeLaterDispatcher$Future.run()V javafx.graphics (91 bytes) @ 0x00000241808a239c [0x00000241808a2280+0x000000000000011c]
v  ~StubRoutines::call_stub 0x000002418745100d
j  com.sun.glass.ui.win.WinApplication._enterNestedEventLoopImpl()Ljava/lang/Object;+0 javafx.graphics
j  com.sun.glass.ui.win.WinApplication._enterNestedEventLoop()Ljava/lang/Object;+15 javafx.graphics
j  com.sun.glass.ui.Application.enterNestedEventLoop()Ljava/lang/Object;+14 javafx.graphics
j  com.sun.glass.ui.EventLoop.enter()Ljava/lang/Object;+42 javafx.graphics
j  com.sun.javafx.tk.quantum.QuantumToolkit.enterNestedEventLoop(Ljava/lang/Object;)Ljava/lang/Object;+95 javafx.graphics
j  javafx.stage.Stage.showAndWait()V+93 javafx.graphics
j  javafx.scene.control.HeavyweightDialog.showAndWait()V+22 javafx.controls
j  javafx.scene.control.Dialog.showAndWait()Ljava/util/Optional;+86 javafx.controls
j  com.example.livecycle.controllers.auth.FaceAuthController.showAlert(Ljava/lang/String;Ljava/lang/String;)V+27 com.example.livecycle
j  com.example.livecycle.controllers.auth.FaceAuthController.lambda$handleFaceLogin$12(Ljava/lang/Exception;)V+24 com.example.livecycle
j  com.example.livecycle.controllers.auth.FaceAuthController$$Lambda+0x00000241904a5290.run()V+8 com.example.livecycle
J 4862 c1 com.sun.javafx.application.PlatformImpl$$Lambda+0x0000024190087d10.run()Ljava/lang/Object; javafx.graphics (8 bytes) @ 0x000002418097b18c [0x000002418097b040+0x000000000000014c]
J 4860 c1 com.sun.javafx.application.PlatformImpl.lambda$runLater$11(Ljava/lang/Runnable;Ljava/security/AccessControlContext;)V javafx.graphics (41 bytes) @ 0x000002418097c0c4 [0x000002418097bac0+0x0000000000000604]
J 4859 c1 com.sun.javafx.application.PlatformImpl$$Lambda+0x0000024190086cc0.run()V javafx.graphics (12 bytes) @ 0x000002418097a954 [0x000002418097a8c0+0x0000000000000094]
J 4502 c1 com.sun.glass.ui.InvokeLaterDispatcher$Future.run()V javafx.graphics (91 bytes) @ 0x00000241808a239c [0x00000241808a2280+0x000000000000011c]
v  ~StubRoutines::call_stub 0x000002418745100d
j  com.sun.glass.ui.win.WinApplication._enterNestedEventLoopImpl()Ljava/lang/Object;+0 javafx.graphics
j  com.sun.glass.ui.win.WinApplication._enterNestedEventLoop()Ljava/lang/Object;+15 javafx.graphics
j  com.sun.glass.ui.Application.enterNestedEventLoop()Ljava/lang/Object;+14 javafx.graphics
j  com.sun.glass.ui.EventLoop.enter()Ljava/lang/Object;+42 javafx.graphics
j  com.sun.javafx.tk.quantum.QuantumToolkit.enterNestedEventLoop(Ljava/lang/Object;)Ljava/lang/Object;+95 javafx.graphics
j  javafx.stage.Stage.showAndWait()V+93 javafx.graphics
j  javafx.scene.control.HeavyweightDialog.showAndWait()V+22 javafx.controls
j  javafx.scene.control.Dialog.showAndWait()Ljava/util/Optional;+86 javafx.controls
j  com.example.livecycle.controllers.auth.FaceAuthController.showAlert(Ljava/lang/String;Ljava/lang/String;)V+27 com.example.livecycle
j  com.example.livecycle.controllers.auth.FaceAuthController.lambda$handleFaceLogin$12(Ljava/lang/Exception;)V+24 com.example.livecycle
j  com.example.livecycle.controllers.auth.FaceAuthController$$Lambda+0x00000241904a5290.run()V+8 com.example.livecycle
J 4862 c1 com.sun.javafx.application.PlatformImpl$$Lambda+0x0000024190087d10.run()Ljava/lang/Object; javafx.graphics (8 bytes) @ 0x000002418097b18c [0x000002418097b040+0x000000000000014c]
J 4860 c1 com.sun.javafx.application.PlatformImpl.lambda$runLater$11(Ljava/lang/Runnable;Ljava/security/AccessControlContext;)V javafx.graphics (41 bytes) @ 0x000002418097c0c4 [0x000002418097bac0+0x0000000000000604]
J 4859 c1 com.sun.javafx.application.PlatformImpl$$Lambda+0x0000024190086cc0.run()V javafx.graphics (12 bytes) @ 0x000002418097a954 [0x000002418097a8c0+0x0000000000000094]
J 4502 c1 com.sun.glass.ui.InvokeLaterDispatcher$Future.run()V javafx.graphics (91 bytes) @ 0x00000241808a239c [0x00000241808a2280+0x000000000000011c]
v  ~StubRoutines::call_stub 0x000002418745100d
j  com.sun.glass.ui.win.WinApplication._enterNestedEventLoopImpl()Ljava/lang/Object;+0 javafx.graphics
j  com.sun.glass.ui.win.WinApplication._enterNestedEventLoop()Ljava/lang/Object;+15 javafx.graphics
j  com.sun.glass.ui.Application.enterNestedEventLoop()Ljava/lang/Object;+14 javafx.graphics
j  com.sun.glass.ui.EventLoop.enter()Ljava/lang/Object;+42 javafx.graphics
j  com.sun.javafx.tk.quantum.QuantumToolkit.enterNestedEventLoop(Ljava/lang/Object;)Ljava/lang/Object;+95 javafx.graphics
j  javafx.stage.Stage.showAndWait()V+93 javafx.graphics
j  javafx.scene.control.HeavyweightDialog.showAndWait()V+22 javafx.controls
j  javafx.scene.control.Dialog.showAndWait()Ljava/util/Optional;+86 javafx.controls
j  com.example.livecycle.controllers.auth.FaceAuthController.showAlert(Ljava/lang/String;Ljava/lang/String;)V+27 com.example.livecycle
j  com.example.livecycle.controllers.auth.FaceAuthController.lambda$handleFaceLogin$12(Ljava/lang/Exception;)V+24 com.example.livecycle
j  com.example.livecycle.controllers.auth.FaceAuthController$$Lambda+0x00000241904a5290.run()V+8 com.example.livecycle
J 4862 c1 com.sun.javafx.application.PlatformImpl$$Lambda+0x0000024190087d10.run()Ljava/lang/Object; javafx.graphics (8 bytes) @ 0x000002418097b18c [0x000002418097b040+0x000000000000014c]
J 4860 c1 com.sun.javafx.application.PlatformImpl.lambda$runLater$11(Ljava/lang/Runnable;Ljava/security/AccessControlContext;)V javafx.graphics (41 bytes) @ 0x000002418097c0c4 [0x000002418097bac0+0x0000000000000604]
J 4859 c1 com.sun.javafx.application.PlatformImpl$$Lambda+0x0000024190086cc0.run()V javafx.graphics (12 bytes) @ 0x000002418097a954 [0x000002418097a8c0+0x0000000000000094]
J 4502 c1 com.sun.glass.ui.InvokeLaterDispatcher$Future.run()V javafx.graphics (91 bytes) @ 0x00000241808a239c [0x00000241808a2280+0x000000000000011c]
v  ~StubRoutines::call_stub 0x000002418745100d
j  com.sun.glass.ui.win.WinApplication._enterNestedEventLoopImpl()Ljava/lang/Object;+0 javafx.graphics
j  com.sun.glass.ui.win.WinApplication._enterNestedEventLoop()Ljava/lang/Object;+15 javafx.graphics
j  com.sun.glass.ui.Application.enterNestedEventLoop()Ljava/lang/Object;+14 javafx.graphics
j  com.sun.glass.ui.EventLoop.enter()Ljava/lang/Object;+42 javafx.graphics
j  com.sun.javafx.tk.quantum.QuantumToolkit.enterNestedEventLoop(Ljava/lang/Object;)Ljava/lang/Object;+95 javafx.graphics
j  javafx.stage.Stage.showAndWait()V+93 javafx.graphics
j  javafx.scene.control.HeavyweightDialog.showAndWait()V+22 javafx.controls
j  javafx.scene.control.Dialog.showAndWait()Ljava/util/Optional;+86 javafx.controls
j  com.example.livecycle.controllers.auth.FaceAuthController.showAlert(Ljava/lang/String;Ljava/lang/String;)V+27 com.example.livecycle
j  com.example.livecycle.controllers.auth.FaceAuthController.lambda$handleFaceLogin$12(Ljava/lang/Exception;)V+24 com.example.livecycle
j  com.example.livecycle.controllers.auth.FaceAuthController$$Lambda+0x00000241904a5290.run()V+8 com.example.livecycle
J 4862 c1 com.sun.javafx.application.PlatformImpl$$Lambda+0x0000024190087d10.run()Ljava/lang/Object; javafx.graphics (8 bytes) @ 0x000002418097b18c [0x000002418097b040+0x000000000000014c]
J 4860 c1 com.sun.javafx.application.PlatformImpl.lambda$runLater$11(Ljava/lang/Runnable;Ljava/security/AccessControlContext;)V javafx.graphics (41 bytes) @ 0x000002418097c0c4 [0x000002418097bac0+0x0000000000000604]
J 4859 c1 com.sun.javafx.application.PlatformImpl$$Lambda+0x0000024190086cc0.run()V javafx.graphics (12 bytes) @ 0x000002418097a954 [0x000002418097a8c0+0x0000000000000094]
J 4502 c1 com.sun.glass.ui.InvokeLaterDispatcher$Future.run()V javafx.graphics (91 bytes) @ 0x00000241808a239c [0x00000241808a2280+0x000000000000011c]
v  ~StubRoutines::call_stub 0x000002418745100d
j  com.sun.glass.ui.win.WinApplication._enterNestedEventLoopImpl()Ljava/lang/Object;+0 javafx.graphics
j  com.sun.glass.ui.win.WinApplication._enterNestedEventLoop()Ljava/lang/Object;+15 javafx.graphics
j  com.sun.glass.ui.Application.enterNestedEventLoop()Ljava/lang/Object;+14 javafx.graphics
j  com.sun.glass.ui.EventLoop.enter()Ljava/lang/Object;+42 javafx.graphics
j  com.sun.javafx.tk.quantum.QuantumToolkit.enterNestedEventLoop(Ljava/lang/Object;)Ljava/lang/Object;+95 javafx.graphics
j  javafx.stage.Stage.showAndWait()V+93 javafx.graphics
j  javafx.scene.control.HeavyweightDialog.showAndWait()V+22 javafx.controls
j  javafx.scene.control.Dialog.showAndWait()Ljava/util/Optional;+86 javafx.controls
j  com.example.livecycle.controllers.auth.FaceAuthController.showAlert(Ljava/lang/String;Ljava/lang/String;)V+27 com.example.livecycle
j  com.example.livecycle.controllers.auth.FaceAuthController.lambda$handleFaceLogin$12(Ljava/lang/Exception;)V+24 com.example.livecycle
j  com.example.livecycle.controllers.auth.FaceAuthController$$Lambda+0x00000241904a5290.run()V+8 com.example.livecycle
J 4862 c1 com.sun.javafx.application.PlatformImpl$$Lambda+0x0000024190087d10.run()Ljava/lang/Object; javafx.graphics (8 bytes) @ 0x000002418097b18c [0x000002418097b040+0x000000000000014c]
J 4860 c1 com.sun.javafx.application.PlatformImpl.lambda$runLater$11(Ljava/lang/Runnable;Ljava/security/AccessControlContext;)V javafx.graphics (41 bytes) @ 0x000002418097c0c4 [0x000002418097bac0+0x0000000000000604]
J 4859 c1 com.sun.javafx.application.PlatformImpl$$Lambda+0x0000024190086cc0.run()V javafx.graphics (12 bytes) @ 0x000002418097a954 [0x000002418097a8c0+0x0000000000000094]
J 4502 c1 com.sun.glass.ui.InvokeLaterDispatcher$Future.run()V javafx.graphics (91 bytes) @ 0x00000241808a239c [0x00000241808a2280+0x000000000000011c]
v  ~StubRoutines::call_stub 0x000002418745100d
j  com.sun.glass.ui.win.WinApplication._enterNestedEventLoopImpl()Ljava/lang/Object;+0 javafx.graphics
j  com.sun.glass.ui.win.WinApplication._enterNestedEventLoop()Ljava/lang/Object;+15 javafx.graphics
j  com.sun.glass.ui.Application.enterNestedEventLoop()Ljava/lang/Object;+14 javafx.graphics
j  com.sun.glass.ui.EventLoop.enter()Ljava/lang/Object;+42 javafx.graphics
j  com.sun.javafx.tk.quantum.QuantumToolkit.enterNestedEventLoop(Ljava/lang/Object;)Ljava/lang/Object;+95 javafx.graphics
j  javafx.stage.Stage.showAndWait()V+93 javafx.graphics
j  javafx.scene.control.HeavyweightDialog.showAndWait()V+22 javafx.controls
j  javafx.scene.control.Dialog.showAndWait()Ljava/util/Optional;+86 javafx.controls
j  com.example.livecycle.controllers.auth.FaceAuthController.showAlert(Ljava/lang/String;Ljava/lang/String;)V+27 com.example.livecycle
j  com.example.livecycle.controllers.auth.FaceAuthController.lambda$handleFaceLogin$12(Ljava/lang/Exception;)V+24 com.example.livecycle
j  com.example.livecycle.controllers.auth.FaceAuthController$$Lambda+0x00000241904a5290.run()V+8 com.example.livecycle
J 4862 c1 com.sun.javafx.application.PlatformImpl$$Lambda+0x0000024190087d10.run()Ljava/lang/Object; javafx.graphics (8 bytes) @ 0x000002418097b18c [0x000002418097b040+0x000000000000014c]
J 4860 c1 com.sun.javafx.application.PlatformImpl.lambda$runLater$11(Ljava/lang/Runnable;Ljava/security/AccessControlContext;)V javafx.graphics (41 bytes) @ 0x000002418097c0c4 [0x000002418097bac0+0x0000000000000604]
J 4859 c1 com.sun.javafx.application.PlatformImpl$$Lambda+0x0000024190086cc0.run()V javafx.graphics (12 bytes) @ 0x000002418097a954 [0x000002418097a8c0+0x0000000000000094]
J 4502 c1 com.sun.glass.ui.InvokeLaterDispatcher$Future.run()V javafx.graphics (91 bytes) @ 0x00000241808a239c [0x00000241808a2280+0x000000000000011c]
v  ~StubRoutines::call_stub 0x000002418745100d
j  com.sun.glass.ui.win.WinApplication._enterNestedEventLoopImpl()Ljava/lang/Object;+0 javafx.graphics
j  com.sun.glass.ui.win.WinApplication._enterNestedEventLoop()Ljava/lang/Object;+15 javafx.graphics
j  com.sun.glass.ui.Application.enterNestedEventLoop()Ljava/lang/Object;+14 javafx.graphics
j  com.sun.glass.ui.EventLoop.enter()Ljava/lang/Object;+42 javafx.graphics
j  com.sun.javafx.tk.quantum.QuantumToolkit.enterNestedEventLoop(Ljava/lang/Object;)Ljava/lang/Object;+95 javafx.graphics
j  javafx.stage.Stage.showAndWait()V+93 javafx.graphics
j  javafx.scene.control.HeavyweightDialog.showAndWait()V+22 javafx.controls
j  javafx.scene.control.Dialog.showAndWait()Ljava/util/Optional;+86 javafx.controls
j  com.example.livecycle.controllers.auth.FaceAuthController.showAlert(Ljava/lang/String;Ljava/lang/String;)V+27 com.example.livecycle
j  com.example.livecycle.controllers.auth.FaceAuthController.lambda$handleFaceLogin$12(Ljava/lang/Exception;)V+24 com.example.livecycle
j  com.example.livecycle.controllers.auth.FaceAuthController$$Lambda+0x00000241904a5290.run()V+8 com.example.livecycle
J 4862 c1 com.sun.javafx.application.PlatformImpl$$Lambda+0x0000024190087d10.run()Ljava/lang/Object; javafx.graphics (8 bytes) @ 0x000002418097b18c [0x000002418097b040+0x000000000000014c]
J 4860 c1 com.sun.javafx.application.PlatformImpl.lambda$runLater$11(Ljava/lang/Runnable;Ljava/security/AccessControlContext;)V javafx.graphics (41 bytes) @ 0x000002418097c0c4 [0x000002418097bac0+0x0000000000000604]
J 4859 c1 com.sun.javafx.application.PlatformImpl$$Lambda+0x0000024190086cc0.run()V javafx.graphics (12 bytes) @ 0x000002418097a954 [0x000002418097a8c0+0x0000000000000094]
J 4502 c1 com.sun.glass.ui.InvokeLaterDispatcher$Future.run()V javafx.graphics (91 bytes) @ 0x00000241808a239c [0x00000241808a2280+0x000000000000011c]
v  ~StubRoutines::call_stub 0x000002418745100d
j  com.sun.glass.ui.win.WinApplication._enterNestedEventLoopImpl()Ljava/lang/Object;+0 javafx.graphics
j  com.sun.glass.ui.win.WinApplication._enterNestedEventLoop()Ljava/lang/Object;+15 javafx.graphics
j  com.sun.glass.ui.Application.enterNestedEventLoop()Ljava/lang/Object;+14 javafx.graphics
j  com.sun.glass.ui.EventLoop.enter()Ljava/lang/Object;+42 javafx.graphics
j  com.sun.javafx.tk.quantum.QuantumToolkit.enterNestedEventLoop(Ljava/lang/Object;)Ljava/lang/Object;+95 javafx.graphics
j  javafx.stage.Stage.showAndWait()V+93 javafx.graphics
j  javafx.scene.control.HeavyweightDialog.showAndWait()V+22 javafx.controls
j  javafx.scene.control.Dialog.showAndWait()Ljava/util/Optional;+86 javafx.controls
j  com.example.livecycle.controllers.auth.FaceAuthController.showAlert(Ljava/lang/String;Ljava/lang/String;)V+27 com.example.livecycle
j  com.example.livecycle.controllers.auth.FaceAuthController.lambda$handleFaceLogin$12(Ljava/lang/Exception;)V+24 com.example.livecycle
j  com.example.livecycle.controllers.auth.FaceAuthController$$Lambda+0x00000241904a5290.run()V+8 com.example.livecycle
J 4862 c1 com.sun.javafx.application.PlatformImpl$$Lambda+0x0000024190087d10.run()Ljava/lang/Object; javafx.graphics (8 bytes) @ 0x000002418097b18c [0x000002418097b040+0x000000000000014c]
J 4860 c1 com.sun.javafx.application.PlatformImpl.lambda$runLater$11(Ljava/lang/Runnable;Ljava/security/AccessControlContext;)V javafx.graphics (41 bytes) @ 0x000002418097c0c4 [0x000002418097bac0+0x0000000000000604]
J 4859 c1 com.sun.javafx.application.PlatformImpl$$Lambda+0x0000024190086cc0.run()V javafx.graphics (12 bytes) @ 0x000002418097a954 [0x000002418097a8c0+0x0000000000000094]
J 4502 c1 com.sun.glass.ui.InvokeLaterDispatcher$Future.run()V javafx.graphics (91 bytes) @ 0x00000241808a239c [0x00000241808a2280+0x000000000000011c]
v  ~StubRoutines::call_stub 0x000002418745100d
j  com.sun.glass.ui.win.WinApplication._enterNestedEventLoopImpl()Ljava/lang/Object;+0 javafx.graphics
j  com.sun.glass.ui.win.WinApplication._enterNestedEventLoop()Ljava/lang/Object;+15 javafx.graphics
j  com.sun.glass.ui.Application.enterNestedEventLoop()Ljava/lang/Object;+14 javafx.graphics
j  com.sun.glass.ui.EventLoop.enter()Ljava/lang/Object;+42 javafx.graphics
j  com.sun.javafx.tk.quantum.QuantumToolkit.enterNestedEventLoop(Ljava/lang/Object;)Ljava/lang/Object;+95 javafx.graphics
j  javafx.stage.Stage.showAndWait()V+93 javafx.graphics
j  javafx.scene.control.HeavyweightDialog.showAndWait()V+22 javafx.controls
j  javafx.scene.control.Dialog.showAndWait()Ljava/util/Optional;+86 javafx.controls
j  com.example.livecycle.controllers.auth.FaceAuthController.showAlert(Ljava/lang/String;Ljava/lang/String;)V+27 com.example.livecycle
j  com.example.livecycle.controllers.auth.FaceAuthController.lambda$handleFaceLogin$12(Ljava/lang/Exception;)V+24 com.example.livecycle
j  com.example.livecycle.controllers.auth.FaceAuthController$$Lambda+0x00000241904a5290.run()V+8 com.example.livecycle
J 4862 c1 com.sun.javafx.application.PlatformImpl$$Lambda+0x0000024190087d10.run()Ljava/lang/Object; javafx.graphics (8 bytes) @ 0x000002418097b18c [0x000002418097b040+0x000000000000014c]
J 4860 c1 com.sun.javafx.application.PlatformImpl.lambda$runLater$11(Ljava/lang/Runnable;Ljava/security/AccessControlContext;)V javafx.graphics (41 bytes) @ 0x000002418097c0c4 [0x000002418097bac0+0x0000000000000604]
J 4859 c1 com.sun.javafx.application.PlatformImpl$$Lambda+0x0000024190086cc0.run()V javafx.graphics (12 bytes) @ 0x000002418097a954 [0x000002418097a8c0+0x0000000000000094]
J 4502 c1 com.sun.glass.ui.InvokeLaterDispatcher$Future.run()V javafx.graphics (91 bytes) @ 0x00000241808a239c [0x00000241808a2280+0x000000000000011c]
v  ~StubRoutines::call_stub 0x000002418745100d
j  com.sun.glass.ui.win.WinApplication._enterNestedEventLoopImpl()Ljava/lang/Object;+0 javafx.graphics
j  com.sun.glass.ui.win.WinApplication._enterNestedEventLoop()Ljava/lang/Object;+15 javafx.graphics
j  com.sun.glass.ui.Application.enterNestedEventLoop()Ljava/lang/Object;+14 javafx.graphics
j  com.sun.glass.ui.EventLoop.enter()Ljava/lang/Object;+42 javafx.graphics
j  com.sun.javafx.tk.quantum.QuantumToolkit.enterNestedEventLoop(Ljava/lang/Object;)Ljava/lang/Object;+95 javafx.graphics
j  javafx.stage.Stage.showAndWait()V+93 javafx.graphics
j  javafx.scene.control.HeavyweightDialog.showAndWait()V+22 javafx.controls
j  javafx.scene.control.Dialog.showAndWait()Ljava/util/Optional;+86 javafx.controls
j  com.example.livecycle.controllers.auth.FaceAuthController.showAlert(Ljava/lang/String;Ljava/lang/String;)V+27 com.example.livecycle
j  com.example.livecycle.controllers.auth.FaceAuthController.lambda$handleFaceLogin$12(Ljava/lang/Exception;)V+24 com.example.livecycle
j  com.example.livecycle.controllers.auth.FaceAuthController$$Lambda+0x00000241904a5290.run()V+8 com.example.livecycle
J 4862 c1 com.sun.javafx.application.PlatformImpl$$Lambda+0x0000024190087d10.run()Ljava/lang/Object; javafx.graphics (8 bytes) @ 0x000002418097b18c [0x000002418097b040+0x000000000000014c]
J 4860 c1 com.sun.javafx.application.PlatformImpl.lambda$runLater$11(Ljava/lang/Runnable;Ljava/security/AccessControlContext;)V javafx.graphics (41 bytes) @ 0x000002418097c0c4 [0x000002418097bac0+0x0000000000000604]
J 4859 c1 com.sun.javafx.application.PlatformImpl$$Lambda+0x0000024190086cc0.run()V javafx.graphics (12 bytes) @ 0x000002418097a954 [0x000002418097a8c0+0x0000000000000094]
J 4502 c1 com.sun.glass.ui.InvokeLaterDispatcher$Future.run()V javafx.graphics (91 bytes) @ 0x00000241808a239c [0x00000241808a2280+0x000000000000011c]
v  ~StubRoutines::call_stub 0x000002418745100d
j  com.sun.glass.ui.win.WinApplication._enterNestedEventLoopImpl()Ljava/lang/Object;+0 javafx.graphics
j  com.sun.glass.ui.win.WinApplication._enterNestedEventLoop()Ljava/lang/Object;+15 javafx.graphics
j  com.sun.glass.ui.Application.enterNestedEventLoop()Ljava/lang/Object;+14 javafx.graphics
j  com.sun.glass.ui.EventLoop.enter()Ljava/lang/Object;+42 javafx.graphics
j  com.sun.javafx.tk.quantum.QuantumToolkit.enterNestedEventLoop(Ljava/lang/Object;)Ljava/lang/Object;+95 javafx.graphics
j  javafx.stage.Stage.showAndWait()V+93 javafx.graphics
j  javafx.scene.control.HeavyweightDialog.showAndWait()V+22 javafx.controls
j  javafx.scene.control.Dialog.showAndWait()Ljava/util/Optional;+86 javafx.controls
j  com.example.livecycle.controllers.auth.FaceAuthController.showAlert(Ljava/lang/String;Ljava/lang/String;)V+27 com.example.livecycle
j  com.example.livecycle.controllers.auth.FaceAuthController.lambda$handleFaceLogin$12(Ljava/lang/Exception;)V+24 com.example.livecycle
j  com.example.livecycle.controllers.auth.FaceAuthController$$Lambda+0x00000241904a5290.run()V+8 com.example.livecycle
J 4862 c1 com.sun.javafx.application.PlatformImpl$$Lambda+0x0000024190087d10.run()Ljava/lang/Object; javafx.graphics (8 bytes) @ 0x000002418097b18c [0x000002418097b040+0x000000000000014c]
J 4860 c1 com.sun.javafx.application.PlatformImpl.lambda$runLater$11(Ljava/lang/Runnable;Ljava/security/AccessControlContext;)V javafx.graphics (41 bytes) @ 0x000002418097c0c4 [0x000002418097bac0+0x0000000000000604]
J 4859 c1 com.sun.javafx.application.PlatformImpl$$Lambda+0x0000024190086cc0.run()V javafx.graphics (12 bytes) @ 0x000002418097a954 [0x000002418097a8c0+0x0000000000000094]
J 4502 c1 com.sun.glass.ui.InvokeLaterDispatcher$Future.run()V javafx.graphics (91 bytes) @ 0x00000241808a239c [0x00000241808a2280+0x000000000000011c]
v  ~StubRoutines::call_stub 0x000002418745100d
j  com.sun.glass.ui.win.WinApplication._enterNestedEventLoopImpl()Ljava/lang/Object;+0 javafx.graphics
j  com.sun.glass.ui.win.WinApplication._enterNestedEventLoop()Ljava/lang/Object;+15 javafx.graphics
j  com.sun.glass.ui.Application.enterNestedEventLoop()Ljava/lang/Object;+14 javafx.graphics
j  com.sun.glass.ui.EventLoop.enter()Ljava/lang/Object;+42 javafx.graphics
j  com.sun.javafx.tk.quantum.QuantumToolkit.enterNestedEventLoop(Ljava/lang/Object;)Ljava/lang/Object;+95 javafx.graphics
j  javafx.stage.Stage.showAndWait()V+93 javafx.graphics
j  javafx.scene.control.HeavyweightDialog.showAndWait()V+22 javafx.controls
j  javafx.scene.control.Dialog.showAndWait()Ljava/util/Optional;+86 javafx.controls
j  com.example.livecycle.controllers.auth.FaceAuthController.showAlert(Ljava/lang/String;Ljava/lang/String;)V+27 com.example.livecycle
j  com.example.livecycle.controllers.auth.FaceAuthController.lambda$handleFaceLogin$12(Ljava/lang/Exception;)V+24 com.example.livecycle
j  com.example.livecycle.controllers.auth.FaceAuthController$$Lambda+0x00000241904a5290.run()V+8 com.example.livecycle
J 4862 c1 com.sun.javafx.application.PlatformImpl$$Lambda+0x0000024190087d10.run()Ljava/lang/Object; javafx.graphics (8 bytes) @ 0x000002418097b18c [0x000002418097b040+0x000000000000014c]
J 4860 c1 com.sun.javafx.application.PlatformImpl.lambda$runLater$11(Ljava/lang/Runnable;Ljava/security/AccessControlContext;)V javafx.graphics (41 bytes) @ 0x000002418097c0c4 [0x000002418097bac0+0x0000000000000604]
J 4859 c1 com.sun.javafx.application.PlatformImpl$$Lambda+0x0000024190086cc0.run()V javafx.graphics (12 bytes) @ 0x000002418097a954 [0x000002418097a8c0+0x0000000000000094]
J 4502 c1 com.sun.glass.ui.InvokeLaterDispatcher$Future.run()V javafx.graphics (91 bytes) @ 0x00000241808a239c [0x00000241808a2280+0x000000000000011c]
v  ~StubRoutines::call_stub 0x000002418745100d
j  com.sun.glass.ui.win.WinApplication._enterNestedEventLoopImpl()Ljava/lang/Object;+0 javafx.graphics
j  com.sun.glass.ui.win.WinApplication._enterNestedEventLoop()Ljava/lang/Object;+15 javafx.graphics
j  com.sun.glass.ui.Application.enterNestedEventLoop()Ljava/lang/Object;+14 javafx.graphics
j  com.sun.glass.ui.EventLoop.enter()Ljava/lang/Object;+42 javafx.graphics
j  com.sun.javafx.tk.quantum.QuantumToolkit.enterNestedEventLoop(Ljava/lang/Object;)Ljava/lang/Object;+95 javafx.graphics
j  javafx.stage.Stage.showAndWait()V+93 javafx.graphics
j  javafx.scene.control.HeavyweightDialog.showAndWait()V+22 javafx.controls
j  javafx.scene.control.Dialog.showAndWait()Ljava/util/Optional;+86 javafx.controls
j  com.example.livecycle.controllers.auth.FaceAuthController.showAlert(Ljava/lang/String;Ljava/lang/String;)V+27 com.example.livecycle
j  com.example.livecycle.controllers.auth.FaceAuthController.lambda$handleFaceLogin$12(Ljava/lang/Exception;)V+24 com.example.livecycle
j  com.example.livecycle.controllers.auth.FaceAuthController$$Lambda+0x00000241904a5290.run()V+8 com.example.livecycle
J 4862 c1 com.sun.javafx.application.PlatformImpl$$Lambda+0x0000024190087d10.run()Ljava/lang/Object; javafx.graphics (8 bytes) @ 0x000002418097b18c [0x000002418097b040+0x000000000000014c]
J 4860 c1 com.sun.javafx.application.PlatformImpl.lambda$runLater$11(Ljava/lang/Runnable;Ljava/security/AccessControlContext;)V javafx.graphics (41 bytes) @ 0x000002418097c0c4 [0x000002418097bac0+0x0000000000000604]
J 4859 c1 com.sun.javafx.application.PlatformImpl$$Lambda+0x0000024190086cc0.run()V javafx.graphics (12 bytes) @ 0x000002418097a954 [0x000002418097a8c0+0x0000000000000094]
J 4502 c1 com.sun.glass.ui.InvokeLaterDispatcher$Future.run()V javafx.graphics (91 bytes) @ 0x00000241808a239c [0x00000241808a2280+0x000000000000011c]
v  ~StubRoutines::call_stub 0x000002418745100d
j  com.sun.glass.ui.win.WinApplication._enterNestedEventLoopImpl()Ljava/lang/Object;+0 javafx.graphics
j  com.sun.glass.ui.win.WinApplication._enterNestedEventLoop()Ljava/lang/Object;+15 javafx.graphics
j  com.sun.glass.ui.Application.enterNestedEventLoop()Ljava/lang/Object;+14 javafx.graphics
j  com.sun.glass.ui.EventLoop.enter()Ljava/lang/Object;+42 javafx.graphics
j  com.sun.javafx.tk.quantum.QuantumToolkit.enterNestedEventLoop(Ljava/lang/Object;)Ljava/lang/Object;+95 javafx.graphics
j  javafx.stage.Stage.showAndWait()V+93 javafx.graphics
j  javafx.scene.control.HeavyweightDialog.showAndWait()V+22 javafx.controls
j  javafx.scene.control.Dialog.showAndWait()Ljava/util/Optional;+86 javafx.controls
j  com.example.livecycle.controllers.auth.FaceAuthController.showAlert(Ljava/lang/String;Ljava/lang/String;)V+27 com.example.livecycle
j  com.example.livecycle.controllers.auth.FaceAuthController.lambda$handleFaceLogin$12(Ljava/lang/Exception;)V+24 com.example.livecycle
j  com.example.livecycle.controllers.auth.FaceAuthController$$Lambda+0x00000241904a5290.run()V+8 com.example.livecycle
J 4862 c1 com.sun.javafx.application.PlatformImpl$$Lambda+0x0000024190087d10.run()Ljava/lang/Object; javafx.graphics (8 bytes) @ 0x000002418097b18c [0x000002418097b040+0x000000000000014c]
J 4860 c1 com.sun.javafx.application.PlatformImpl.lambda$runLater$11(Ljava/lang/Runnable;Ljava/security/AccessControlContext;)V javafx.graphics (41 bytes) @ 0x000002418097c0c4 [0x000002418097bac0+0x0000000000000604]
J 4859 c1 com.sun.javafx.application.PlatformImpl$$Lambda+0x0000024190086cc0.run()V javafx.graphics (12 bytes) @ 0x000002418097a954 [0x000002418097a8c0+0x0000000000000094]
J 4502 c1 com.sun.glass.ui.InvokeLaterDispatcher$Future.run()V javafx.graphics (91 bytes) @ 0x00000241808a239c [0x00000241808a2280+0x000000000000011c]
v  ~StubRoutines::call_stub 0x000002418745100d
j  com.sun.glass.ui.win.WinApplication._enterNestedEventLoopImpl()Ljava/lang/Object;+0 javafx.graphics
j  com.sun.glass.ui.win.WinApplication._enterNestedEventLoop()Ljava/lang/Object;+15 javafx.graphics
j  com.sun.glass.ui.Application.enterNestedEventLoop()Ljava/lang/Object;+14 javafx.graphics
j  com.sun.glass.ui.EventLoop.enter()Ljava/lang/Object;+42 javafx.graphics
j  com.sun.javafx.tk.quantum.QuantumToolkit.enterNestedEventLoop(Ljava/lang/Object;)Ljava/lang/Object;+95 javafx.graphics
j  javafx.stage.Stage.showAndWait()V+93 javafx.graphics
j  javafx.scene.control.HeavyweightDialog.showAndWait()V+22 javafx.controls
j  javafx.scene.control.Dialog.showAndWait()Ljava/util/Optional;+86 javafx.controls
j  com.example.livecycle.controllers.auth.FaceAuthController.showAlert(Ljava/lang/String;Ljava/lang/String;)V+27 com.example.livecycle
j  com.example.livecycle.controllers.auth.FaceAuthController.lambda$handleFaceLogin$12(Ljava/lang/Exception;)V+24 com.example.livecycle
j  com.example.livecycle.controllers.auth.FaceAuthController$$Lambda+0x00000241904a5290.run()V+8 com.example.livecycle
J 4862 c1 com.sun.javafx.application.PlatformImpl$$Lambda+0x0000024190087d10.run()Ljava/lang/Object; javafx.graphics (8 bytes) @ 0x000002418097b18c [0x000002418097b040+0x000000000000014c]
J 4860 c1 com.sun.javafx.application.PlatformImpl.lambda$runLater$11(Ljava/lang/Runnable;Ljava/security/AccessControlContext;)V javafx.graphics (41 bytes) @ 0x000002418097c0c4 [0x000002418097bac0+0x0000000000000604]
J 4859 c1 com.sun.javafx.application.PlatformImpl$$Lambda+0x0000024190086cc0.run()V javafx.graphics (12 bytes) @ 0x000002418097a954 [0x000002418097a8c0+0x0000000000000094]
J 4502 c1 com.sun.glass.ui.InvokeLaterDispatcher$Future.run()V javafx.graphics (91 bytes) @ 0x00000241808a239c [0x00000241808a2280+0x000000000000011c]
v  ~StubRoutines::call_stub 0x000002418745100d
j  com.sun.glass.ui.win.WinApplication._enterNestedEventLoopImpl()Ljava/lang/Object;+0 javafx.graphics
j  com.sun.glass.ui.win.WinApplication._enterNestedEventLoop()Ljava/lang/Object;+15 javafx.graphics
j  com.sun.glass.ui.Application.enterNestedEventLoop()Ljava/lang/Object;+14 javafx.graphics
j  com.sun.glass.ui.EventLoop.enter()Ljava/lang/Object;+42 javafx.graphics
j  com.sun.javafx.tk.quantum.QuantumToolkit.enterNestedEventLoop(Ljava/lang/Object;)Ljava/lang/Object;+95 javafx.graphics
j  javafx.stage.Stage.showAndWait()V+93 javafx.graphics
j  javafx.scene.control.HeavyweightDialog.showAndWait()V+22 javafx.controls
j  javafx.scene.control.Dialog.showAndWait()Ljava/util/Optional;+86 javafx.controls
j  com.example.livecycle.controllers.auth.FaceAuthController.showAlert(Ljava/lang/String;Ljava/lang/String;)V+27 com.example.livecycle
j  com.example.livecycle.controllers.auth.FaceAuthController.lambda$handleFaceLogin$12(Ljava/lang/Exception;)V+24 com.example.livecycle
j  com.example.livecycle.controllers.auth.FaceAuthController$$Lambda+0x00000241904a5290.run()V+8 com.example.livecycle
J 4862 c1 com.sun.javafx.application.PlatformImpl$$Lambda+0x0000024190087d10.run()Ljava/lang/Object; javafx.graphics (8 bytes) @ 0x000002418097b18c [0x000002418097b040+0x000000000000014c]
J 4860 c1 com.sun.javafx.application.PlatformImpl.lambda$runLater$11(Ljava/lang/Runnable;Ljava/security/AccessControlContext;)V javafx.graphics (41 bytes) @ 0x000002418097c0c4 [0x000002418097bac0+0x0000000000000604]
J 4859 c1 com.sun.javafx.application.PlatformImpl$$Lambda+0x0000024190086cc0.run()V javafx.graphics (12 bytes) @ 0x000002418097a954 [0x000002418097a8c0+0x0000000000000094]
J 4502 c1 com.sun.glass.ui.InvokeLaterDispatcher$Future.run()V javafx.graphics (91 bytes) @ 0x00000241808a239c [0x00000241808a2280+0x000000000000011c]
v  ~StubRoutines::call_stub 0x000002418745100d
j  com.sun.glass.ui.win.WinApplication._enterNestedEventLoopImpl()Ljava/lang/Object;+0 javafx.graphics
j  com.sun.glass.ui.win.WinApplication._enterNestedEventLoop()Ljava/lang/Object;+15 javafx.graphics
j  com.sun.glass.ui.Application.enterNestedEventLoop()Ljava/lang/Object;+14 javafx.graphics
j  com.sun.glass.ui.EventLoop.enter()Ljava/lang/Object;+42 javafx.graphics
j  com.sun.javafx.tk.quantum.QuantumToolkit.enterNestedEventLoop(Ljava/lang/Object;)Ljava/lang/Object;+95 javafx.graphics
j  javafx.stage.Stage.showAndWait()V+93 javafx.graphics
j  javafx.scene.control.HeavyweightDialog.showAndWait()V+22 javafx.controls
j  javafx.scene.control.Dialog.showAndWait()Ljava/util/Optional;+86 javafx.controls
j  com.example.livecycle.controllers.auth.FaceAuthController.showAlert(Ljava/lang/String;Ljava/lang/String;)V+27 com.example.livecycle
j  com.example.livecycle.controllers.auth.FaceAuthController.lambda$handleFaceLogin$12(Ljava/lang/Exception;)V+24 com.example.livecycle
j  com.example.livecycle.controllers.auth.FaceAuthController$$Lambda+0x00000241904a5290.run()V+8 com.example.livecycle
J 4862 c1 com.sun.javafx.application.PlatformImpl$$Lambda+0x0000024190087d10.run()Ljava/lang/Object; javafx.graphics (8 bytes) @ 0x000002418097b18c [0x000002418097b040+0x000000000000014c]
J 4860 c1 com.sun.javafx.application.PlatformImpl.lambda$runLater$11(Ljava/lang/Runnable;Ljava/security/AccessControlContext;)V javafx.graphics (41 bytes) @ 0x000002418097c0c4 [0x000002418097bac0+0x0000000000000604]
J 4859 c1 com.sun.javafx.application.PlatformImpl$$Lambda+0x0000024190086cc0.run()V javafx.graphics (12 bytes) @ 0x000002418097a954 [0x000002418097a8c0+0x0000000000000094]
J 4502 c1 com.sun.glass.ui.InvokeLaterDispatcher$Future.run()V javafx.graphics (91 bytes) @ 0x00000241808a239c [0x00000241808a2280+0x000000000000011c]
v  ~StubRoutines::call_stub 0x000002418745100d
j  com.sun.glass.ui.win.WinApplication._enterNestedEventLoopImpl()Ljava/lang/Object;+0 javafx.graphics
j  com.sun.glass.ui.win.WinApplication._enterNestedEventLoop()Ljava/lang/Object;+15 javafx.graphics
j  com.sun.glass.ui.Application.enterNestedEventLoop()Ljava/lang/Object;+14 javafx.graphics
j  com.sun.glass.ui.EventLoop.enter()Ljava/lang/Object;+42 javafx.graphics
j  com.sun.javafx.tk.quantum.QuantumToolkit.enterNestedEventLoop(Ljava/lang/Object;)Ljava/lang/Object;+95 javafx.graphics
j  javafx.stage.Stage.showAndWait()V+93 javafx.graphics
j  javafx.scene.control.HeavyweightDialog.showAndWait()V+22 javafx.controls
j  javafx.scene.control.Dialog.showAndWait()Ljava/util/Optional;+86 javafx.controls
j  com.example.livecycle.controllers.auth.FaceAuthController.showAlert(Ljava/lang/String;Ljava/lang/String;)V+27 com.example.livecycle
j  com.example.livecycle.controllers.auth.FaceAuthController.lambda$handleFaceLogin$12(Ljava/lang/Exception;)V+24 com.example.livecycle
j  com.example.livecycle.controllers.auth.FaceAuthController$$Lambda+0x00000241904a5290.run()V+8 com.example.livecycle
J 4862 c1 com.sun.javafx.application.PlatformImpl$$Lambda+0x0000024190087d10.run()Ljava/lang/Object; javafx.graphics (8 bytes) @ 0x000002418097b18c [0x000002418097b040+0x000000000000014c]
J 4860 c1 com.sun.javafx.application.PlatformImpl.lambda$runLater$11(Ljava/lang/Runnable;Ljava/security/AccessControlContext;)V javafx.graphics (41 bytes) @ 0x000002418097c0c4 [0x000002418097bac0+0x0000000000000604]
J 4859 c1 com.sun.javafx.application.PlatformImpl$$Lambda+0x0000024190086cc0.run()V javafx.graphics (12 bytes) @ 0x000002418097a954 [0x000002418097a8c0+0x0000000000000094]
J 4502 c1 com.sun.glass.ui.InvokeLaterDispatcher$Future.run()V javafx.graphics (91 bytes) @ 0x00000241808a239c [0x00000241808a2280+0x000000000000011c]
v  ~StubRoutines::call_stub 0x000002418745100d
j  com.sun.glass.ui.win.WinApplication._enterNestedEventLoopImpl()Ljava/lang/Object;+0 javafx.graphics
j  com.sun.glass.ui.win.WinApplication._enterNestedEventLoop()Ljava/lang/Object;+15 javafx.graphics
j  com.sun.glass.ui.Application.enterNestedEventLoop()Ljava/lang/Object;+14 javafx.graphics
j  com.sun.glass.ui.EventLoop.enter()Ljava/lang/Object;+42 javafx.graphics
j  com.sun.javafx.tk.quantum.QuantumToolkit.enterNestedEventLoop(Ljava/lang/Object;)Ljava/lang/Object;+95 javafx.graphics
j  javafx.stage.Stage.showAndWait()V+93 javafx.graphics
j  javafx.scene.control.HeavyweightDialog.showAndWait()V+22 javafx.controls
j  javafx.scene.control.Dialog.showAndWait()Ljava/util/Optional;+86 javafx.controls
j  com.example.livecycle.controllers.auth.FaceAuthController.showAlert(Ljava/lang/String;Ljava/lang/String;)V+27 com.example.livecycle
j  com.example.livecycle.controllers.auth.FaceAuthController.lambda$handleFaceLogin$12(Ljava/lang/Exception;)V+24 com.example.livecycle
j  com.example.livecycle.controllers.auth.FaceAuthController$$Lambda+0x00000241904a5290.run()V+8 com.example.livecycle
J 4862 c1 com.sun.javafx.application.PlatformImpl$$Lambda+0x0000024190087d10.run()Ljava/lang/Object; javafx.graphics (8 bytes) @ 0x000002418097b18c [0x000002418097b040+0x000000000000014c]
J 4860 c1 com.sun.javafx.application.PlatformImpl.lambda$runLater$11(Ljava/lang/Runnable;Ljava/security/AccessControlContext;)V javafx.graphics (41 bytes) @ 0x000002418097c0c4 [0x000002418097bac0+0x0000000000000604]
J 4859 c1 com.sun.javafx.application.PlatformImpl$$Lambda+0x0000024190086cc0.run()V javafx.graphics (12 bytes) @ 0x000002418097a954 [0x000002418097a8c0+0x0000000000000094]
J 4502 c1 com.sun.glass.ui.InvokeLaterDispatcher$Future.run()V javafx.graphics (91 bytes) @ 0x00000241808a239c [0x00000241808a2280+0x000000000000011c]
v  ~StubRoutines::call_stub 0x000002418745100d
j  com.sun.glass.ui.win.WinApplication._enterNestedEventLoopImpl()Ljava/lang/Object;+0 javafx.graphics
j  com.sun.glass.ui.win.WinApplication._enterNestedEventLoop()Ljava/lang/Object;+15 javafx.graphics
j  com.sun.glass.ui.Application.enterNestedEventLoop()Ljava/lang/Object;+14 javafx.graphics
j  com.sun.glass.ui.EventLoop.enter()Ljava/lang/Object;+42 javafx.graphics
j  com.sun.javafx.tk.quantum.QuantumToolkit.enterNestedEventLoop(Ljava/lang/Object;)Ljava/lang/Object;+95 javafx.graphics
j  javafx.stage.Stage.showAndWait()V+93 javafx.graphics
j  javafx.scene.control.HeavyweightDialog.showAndWait()V+22 javafx.controls
j  javafx.scene.control.Dialog.showAndWait()Ljava/util/Optional;+86 javafx.controls
j  com.example.livecycle.controllers.auth.FaceAuthController.showAlert(Ljava/lang/String;Ljava/lang/String;)V+27 com.example.livecycle
j  com.example.livecycle.controllers.auth.FaceAuthController.lambda$handleFaceLogin$12(Ljava/lang/Exception;)V+24 com.example.livecycle
j  com.example.livecycle.controllers.auth.FaceAuthController$$Lambda+0x00000241904a5290.run()V+8 com.example.livecycle
J 4862 c1 com.sun.javafx.application.PlatformImpl$$Lambda+0x0000024190087d10.run()Ljava/lang/Object; javafx.graphics (8 bytes) @ 0x000002418097b18c [0x000002418097b040+0x000000000000014c]
J 4860 c1 com.sun.javafx.application.PlatformImpl.lambda$runLater$11(Ljava/lang/Runnable;Ljava/security/AccessControlContext;)V javafx.graphics (41 bytes) @ 0x000002418097c0c4 [0x000002418097bac0+0x0000000000000604]
J 4859 c1 com.sun.javafx.application.PlatformImpl$$Lambda+0x0000024190086cc0.run()V javafx.graphics (12 bytes) @ 0x000002418097a954 [0x000002418097a8c0+0x0000000000000094]
J 4502 c1 com.sun.glass.ui.InvokeLaterDispatcher$Future.run()V javafx.graphics (91 bytes) @ 0x00000241808a239c [0x00000241808a2280+0x000000000000011c]
v  ~StubRoutines::call_stub 0x000002418745100d
j  com.sun.glass.ui.win.WinApplication._enterNestedEventLoopImpl()Ljava/lang/Object;+0 javafx.graphics
j  com.sun.glass.ui.win.WinApplication._enterNestedEventLoop()Ljava/lang/Object;+15 javafx.graphics
j  com.sun.glass.ui.Application.enterNestedEventLoop()Ljava/lang/Object;+14 javafx.graphics
j  com.sun.glass.ui.EventLoop.enter()Ljava/lang/Object;+42 javafx.graphics
j  com.sun.javafx.tk.quantum.QuantumToolkit.enterNestedEventLoop(Ljava/lang/Object;)Ljava/lang/Object;+95 javafx.graphics
j  javafx.stage.Stage.showAndWait()V+93 javafx.graphics
j  javafx.scene.control.HeavyweightDialog.showAndWait()V+22 javafx.controls
j  javafx.scene.control.Dialog.showAndWait()Ljava/util/Optional;+86 javafx.controls
j  com.example.livecycle.controllers.auth.FaceAuthController.showAlert(Ljava/lang/String;Ljava/lang/String;)V+27 com.example.livecycle
j  com.example.livecycle.controllers.auth.FaceAuthController.lambda$handleFaceLogin$12(Ljava/lang/Exception;)V+24 com.example.livecycle
j  com.example.livecycle.controllers.auth.FaceAuthController$$Lambda+0x00000241904a5290.run()V+8 com.example.livecycle
J 4862 c1 com.sun.javafx.application.PlatformImpl$$Lambda+0x0000024190087d10.run()Ljava/lang/Object; javafx.graphics (8 bytes) @ 0x000002418097b18c [0x000002418097b040+0x000000000000014c]
J 4860 c1 com.sun.javafx.application.PlatformImpl.lambda$runLater$11(Ljava/lang/Runnable;Ljava/security/AccessControlContext;)V javafx.graphics (41 bytes) @ 0x000002418097c0c4 [0x000002418097bac0+0x0000000000000604]
J 4859 c1 com.sun.javafx.application.PlatformImpl$$Lambda+0x0000024190086cc0.run()V javafx.graphics (12 bytes) @ 0x000002418097a954 [0x000002418097a8c0+0x0000000000000094]
J 4502 c1 com.sun.glass.ui.InvokeLaterDispatcher$Future.run()V javafx.graphics (91 bytes) @ 0x00000241808a239c [0x00000241808a2280+0x000000000000011c]
v  ~StubRoutines::call_stub 0x000002418745100d
j  com.sun.glass.ui.win.WinApplication._enterNestedEventLoopImpl()Ljava/lang/Object;+0 javafx.graphics
j  com.sun.glass.ui.win.WinApplication._enterNestedEventLoop()Ljava/lang/Object;+15 javafx.graphics
j  com.sun.glass.ui.Application.enterNestedEventLoop()Ljava/lang/Object;+14 javafx.graphics
j  com.sun.glass.ui.EventLoop.enter()Ljava/lang/Object;+42 javafx.graphics
j  com.sun.javafx.tk.quantum.QuantumToolkit.enterNestedEventLoop(Ljava/lang/Object;)Ljava/lang/Object;+95 javafx.graphics
j  javafx.stage.Stage.showAndWait()V+93 javafx.graphics
j  javafx.scene.control.HeavyweightDialog.showAndWait()V+22 javafx.controls
j  javafx.scene.control.Dialog.showAndWait()Ljava/util/Optional;+86 javafx.controls
j  com.example.livecycle.controllers.auth.FaceAuthController.showAlert(Ljava/lang/String;Ljava/lang/String;)V+27 com.example.livecycle
j  com.example.livecycle.controllers.auth.FaceAuthController.lambda$handleFaceLogin$12(Ljava/lang/Exception;)V+24 com.example.livecycle
j  com.example.livecycle.controllers.auth.FaceAuthController$$Lambda+0x00000241904a5290.run()V+8 com.example.livecycle
J 4862 c1 com.sun.javafx.application.PlatformImpl$$Lambda+0x0000024190087d10.run()Ljava/lang/Object; javafx.graphics (8 bytes) @ 0x000002418097b18c [0x000002418097b040+0x000000000000014c]
J 4860 c1 com.sun.javafx.application.PlatformImpl.lambda$runLater$11(Ljava/lang/Runnable;Ljava/security/AccessControlContext;)V javafx.graphics (41 bytes) @ 0x000002418097c0c4 [0x000002418097bac0+0x0000000000000604]
J 4859 c1 com.sun.javafx.application.PlatformImpl$$Lambda+0x0000024190086cc0.run()V javafx.graphics (12 bytes) @ 0x000002418097a954 [0x000002418097a8c0+0x0000000000000094]
J 4502 c1 com.sun.glass.ui.InvokeLaterDispatcher$Future.run()V javafx.graphics (91 bytes) @ 0x00000241808a239c [0x00000241808a2280+0x000000000000011c]
v  ~StubRoutines::call_stub 0x000002418745100d
j  com.sun.glass.ui.win.WinApplication._enterNestedEventLoopImpl()Ljava/lang/Object;+0 javafx.graphics
j  com.sun.glass.ui.win.WinApplication._enterNestedEventLoop()Ljava/lang/Object;+15 javafx.graphics
j  com.sun.glass.ui.Application.enterNestedEventLoop()Ljava/lang/Object;+14 javafx.graphics
j  com.sun.glass.ui.EventLoop.enter()Ljava/lang/Object;+42 javafx.graphics
j  com.sun.javafx.tk.quantum.QuantumToolkit.enterNestedEventLoop(Ljava/lang/Object;)Ljava/lang/Object;+95 javafx.graphics
j  javafx.stage.Stage.showAndWait()V+93 javafx.graphics
j  javafx.scene.control.HeavyweightDialog.showAndWait()V+22 javafx.controls
j  javafx.scene.control.Dialog.showAndWait()Ljava/util/Optional;+86 javafx.controls
j  com.example.livecycle.controllers.auth.FaceAuthController.showAlert(Ljava/lang/String;Ljava/lang/String;)V+27 com.example.livecycle
j  com.example.livecycle.controllers.auth.FaceAuthController.lambda$handleFaceLogin$12(Ljava/lang/Exception;)V+24 com.example.livecycle
j  com.example.livecycle.controllers.auth.FaceAuthController$$Lambda+0x00000241904a5290.run()V+8 com.example.livecycle
J 4862 c1 com.sun.javafx.application.PlatformImpl$$Lambda+0x0000024190087d10.run()Ljava/lang/Object; javafx.graphics (8 bytes) @ 0x000002418097b18c [0x000002418097b040+0x000000000000014c]
J 4860 c1 com.sun.javafx.application.PlatformImpl.lambda$runLater$11(Ljava/lang/Runnable;Ljava/security/AccessControlContext;)V javafx.graphics (41 bytes) @ 0x000002418097c0c4 [0x000002418097bac0+0x0000000000000604]
J 4859 c1 com.sun.javafx.application.PlatformImpl$$Lambda+0x0000024190086cc0.run()V javafx.graphics (12 bytes) @ 0x000002418097a954 [0x000002418097a8c0+0x0000000000000094]
J 4502 c1 com.sun.glass.ui.InvokeLaterDispatcher$Future.run()V javafx.graphics (91 bytes) @ 0x00000241808a239c [0x00000241808a2280+0x000000000000011c]
v  ~StubRoutines::call_stub 0x000002418745100d
j  com.sun.glass.ui.win.WinApplication._enterNestedEventLoopImpl()Ljava/lang/Object;+0 javafx.graphics
j  com.sun.glass.ui.win.WinApplication._enterNestedEventLoop()Ljava/lang/Object;+15 javafx.graphics
j  com.sun.glass.ui.Application.enterNestedEventLoop()Ljava/lang/Object;+14 javafx.graphics
j  com.sun.glass.ui.EventLoop.enter()Ljava/lang/Object;+42 javafx.graphics
j  com.sun.javafx.tk.quantum.QuantumToolkit.enterNestedEventLoop(Ljava/lang/Object;)Ljava/lang/Object;+95 javafx.graphics
j  javafx.stage.Stage.showAndWait()V+93 javafx.graphics
j  javafx.scene.control.HeavyweightDialog.showAndWait()V+22 javafx.controls
j  javafx.scene.control.Dialog.showAndWait()Ljava/util/Optional;+86 javafx.controls
j  com.example.livecycle.controllers.auth.FaceAuthController.showAlert(Ljava/lang/String;Ljava/lang/String;)V+27 com.example.livecycle
j  com.example.livecycle.controllers.auth.FaceAuthController.lambda$handleFaceLogin$12(Ljava/lang/Exception;)V+24 com.example.livecycle
j  com.example.livecycle.controllers.auth.FaceAuthController$$Lambda+0x00000241904a5290.run()V+8 com.example.livecycle
J 4862 c1 com.sun.javafx.application.PlatformImpl$$Lambda+0x0000024190087d10.run()Ljava/lang/Object; javafx.graphics (8 bytes) @ 0x000002418097b18c [0x000002418097b040+0x000000000000014c]
J 4860 c1 com.sun.javafx.application.PlatformImpl.lambda$runLater$11(Ljava/lang/Runnable;Ljava/security/AccessControlContext;)V javafx.graphics (41 bytes) @ 0x000002418097c0c4 [0x000002418097bac0+0x0000000000000604]
J 4859 c1 com.sun.javafx.application.PlatformImpl$$Lambda+0x0000024190086cc0.run()V javafx.graphics (12 bytes) @ 0x000002418097a954 [0x000002418097a8c0+0x0000000000000094]
J 4502 c1 com.sun.glass.ui.InvokeLaterDispatcher$Future.run()V javafx.graphics (91 bytes) @ 0x00000241808a239c [0x00000241808a2280+0x000000000000011c]
v  ~StubRoutines::call_stub 0x000002418745100d
j  com.sun.glass.ui.win.WinApplication._enterNestedEventLoopImpl()Ljava/lang/Object;+0 javafx.graphics
j  com.sun.glass.ui.win.WinApplication._enterNestedEventLoop()Ljava/lang/Object;+15 javafx.graphics
j  com.sun.glass.ui.Application.enterNestedEventLoop()Ljava/lang/Object;+14 javafx.graphics
j  com.sun.glass.ui.EventLoop.enter()Ljava/lang/Object;+42 javafx.graphics
j  com.sun.javafx.tk.quantum.QuantumToolkit.enterNestedEventLoop(Ljava/lang/Object;)Ljava/lang/Object;+95 javafx.graphics
j  javafx.stage.Stage.showAndWait()V+93 javafx.graphics
j  javafx.scene.control.HeavyweightDialog.showAndWait()V+22 javafx.controls
j  javafx.scene.control.Dialog.showAndWait()Ljava/util/Optional;+86 javafx.controls
j  com.example.livecycle.controllers.auth.FaceAuthController.showAlert(Ljava/lang/String;Ljava/lang/String;)V+27 com.example.livecycle
j  com.example.livecycle.controllers.auth.FaceAuthController.lambda$handleFaceLogin$12(Ljava/lang/Exception;)V+24 com.example.livecycle
j  com.example.livecycle.controllers.auth.FaceAuthController$$Lambda+0x00000241904a5290.run()V+8 com.example.livecycle
J 4862 c1 com.sun.javafx.application.PlatformImpl$$Lambda+0x0000024190087d10.run()Ljava/lang/Object; javafx.graphics (8 bytes) @ 0x000002418097b18c [0x000002418097b040+0x000000000000014c]
J 4860 c1 com.sun.javafx.application.PlatformImpl.lambda$runLater$11(Ljava/lang/Runnable;Ljava/security/AccessControlContext;)V javafx.graphics (41 bytes) @ 0x000002418097c0c4 [0x000002418097bac0+0x0000000000000604]
J 4859 c1 com.sun.javafx.application.PlatformImpl$$Lambda+0x0000024190086cc0.run()V javafx.graphics (12 bytes) @ 0x000002418097a954 [0x000002418097a8c0+0x0000000000000094]
J 4502 c1 com.sun.glass.ui.InvokeLaterDispatcher$Future.run()V javafx.graphics (91 bytes) @ 0x00000241808a239c [0x00000241808a2280+0x000000000000011c]
v  ~StubRoutines::call_stub 0x000002418745100d
j  com.sun.glass.ui.win.WinApplication._enterNestedEventLoopImpl()Ljava/lang/Object;+0 javafx.graphics
j  com.sun.glass.ui.win.WinApplication._enterNestedEventLoop()Ljava/lang/Object;+15 javafx.graphics
j  com.sun.glass.ui.Application.enterNestedEventLoop()Ljava/lang/Object;+14 javafx.graphics
j  com.sun.glass.ui.EventLoop.enter()Ljava/lang/Object;+42 javafx.graphics
j  com.sun.javafx.tk.quantum.QuantumToolkit.enterNestedEventLoop(Ljava/lang/Object;)Ljava/lang/Object;+95 javafx.graphics
j  javafx.stage.Stage.showAndWait()V+93 javafx.graphics
j  javafx.scene.control.HeavyweightDialog.showAndWait()V+22 javafx.controls
j  javafx.scene.control.Dialog.showAndWait()Ljava/util/Optional;+86 javafx.controls
j  com.example.livecycle.controllers.auth.FaceAuthController.showAlert(Ljava/lang/String;Ljava/lang/String;)V+27 com.example.livecycle
j  com.example.livecycle.controllers.auth.FaceAuthController.lambda$handleFaceLogin$12(Ljava/lang/Exception;)V+24 com.example.livecycle
j  com.example.livecycle.controllers.auth.FaceAuthController$$Lambda+0x00000241904a5290.run()V+8 com.example.livecycle
J 4862 c1 com.sun.javafx.application.PlatformImpl$$Lambda+0x0000024190087d10.run()Ljava/lang/Object; javafx.graphics (8 bytes) @ 0x000002418097b18c [0x000002418097b040+0x000000000000014c]
J 4860 c1 com.sun.javafx.application.PlatformImpl.lambda$runLater$11(Ljava/lang/Runnable;Ljava/security/AccessControlContext;)V javafx.graphics (41 bytes) @ 0x000002418097c0c4 [0x000002418097bac0+0x0000000000000604]
J 4859 c1 com.sun.javafx.application.PlatformImpl$$Lambda+0x0000024190086cc0.run()V javafx.graphics (12 bytes) @ 0x000002418097a954 [0x000002418097a8c0+0x0000000000000094]
J 4502 c1 com.sun.glass.ui.InvokeLaterDispatcher$Future.run()V javafx.graphics (91 bytes) @ 0x00000241808a239c [0x00000241808a2280+0x000000000000011c]
v  ~StubRoutines::call_stub 0x000002418745100d
j  com.sun.glass.ui.win.WinApplication._enterNestedEventLoopImpl()Ljava/lang/Object;+0 javafx.graphics
j  com.sun.glass.ui.win.WinApplication._enterNestedEventLoop()Ljava/lang/Object;+15 javafx.graphics
j  com.sun.glass.ui.Application.enterNestedEventLoop()Ljava/lang/Object;+14 javafx.graphics
j  com.sun.glass.ui.EventLoop.enter()Ljava/lang/Object;+42 javafx.graphics
j  com.sun.javafx.tk.quantum.QuantumToolkit.enterNestedEventLoop(Ljava/lang/Object;)Ljava/lang/Object;+95 javafx.graphics
j  javafx.stage.Stage.showAndWait()V+93 javafx.graphics
j  javafx.scene.control.HeavyweightDialog.showAndWait()V+22 javafx.controls
j  javafx.scene.control.Dialog.showAndWait()Ljava/util/Optional;+86 javafx.controls
j  com.example.livecycle.controllers.auth.FaceAuthController.showAlert(Ljava/lang/String;Ljava/lang/String;)V+27 com.example.livecycle
j  com.example.livecycle.controllers.auth.FaceAuthController.lambda$handleFaceLogin$12(Ljava/lang/Exception;)V+24 com.example.livecycle
j  com.example.livecycle.controllers.auth.FaceAuthController$$Lambda+0x00000241904a5290.run()V+8 com.example.livecycle
J 4862 c1 com.sun.javafx.application.PlatformImpl$$Lambda+0x0000024190087d10.run()Ljava/lang/Object; javafx.graphics (8 bytes) @ 0x000002418097b18c [0x000002418097b040+0x000000000000014c]
J 4860 c1 com.sun.javafx.application.PlatformImpl.lambda$runLater$11(Ljava/lang/Runnable;Ljava/security/AccessControlContext;)V javafx.graphics (41 bytes) @ 0x000002418097c0c4 [0x000002418097bac0+0x0000000000000604]
J 4859 c1 com.sun.javafx.application.PlatformImpl$$Lambda+0x0000024190086cc0.run()V javafx.graphics (12 bytes) @ 0x000002418097a954 [0x000002418097a8c0+0x0000000000000094]
J 4502 c1 com.sun.glass.ui.InvokeLaterDispatcher$Future.run()V javafx.graphics (91 bytes) @ 0x00000241808a239c [0x00000241808a2280+0x000000000000011c]
v  ~StubRoutines::call_stub 0x000002418745100d
j  com.sun.glass.ui.win.WinApplication._enterNestedEventLoopImpl()Ljava/lang/Object;+0 javafx.graphics
j  com.sun.glass.ui.win.WinApplication._enterNestedEventLoop()Ljava/lang/Object;+15 javafx.graphics
j  com.sun.glass.ui.Application.enterNestedEventLoop()Ljava/lang/Object;+14 javafx.graphics
j  com.sun.glass.ui.EventLoop.enter()Ljava/lang/Object;+42 javafx.graphics
j  com.sun.javafx.tk.quantum.QuantumToolkit.enterNestedEventLoop(Ljava/lang/Object;)Ljava/lang/Object;+95 javafx.graphics
j  javafx.stage.Stage.showAndWait()V+93 javafx.graphics
j  javafx.scene.control.HeavyweightDialog.showAndWait()V+22 javafx.controls
j  javafx.scene.control.Dialog.showAndWait()Ljava/util/Optional;+86 javafx.controls
j  com.example.livecycle.controllers.auth.FaceAuthController.showAlert(Ljava/lang/String;Ljava/lang/String;)V+27 com.example.livecycle
j  com.example.livecycle.controllers.auth.FaceAuthController.lambda$handleFaceLogin$12(Ljava/lang/Exception;)V+24 com.example.livecycle
j  com.example.livecycle.controllers.auth.FaceAuthController$$Lambda+0x00000241904a5290.run()V+8 com.example.livecycle
J 4862 c1 com.sun.javafx.application.PlatformImpl$$Lambda+0x0000024190087d10.run()Ljava/lang/Object; javafx.graphics (8 bytes) @ 0x000002418097b18c [0x000002418097b040+0x000000000000014c]
J 4860 c1 com.sun.javafx.application.PlatformImpl.lambda$runLater$11(Ljava/lang/Runnable;Ljava/security/AccessControlContext;)V javafx.graphics (41 bytes) @ 0x000002418097c0c4 [0x000002418097bac0+0x0000000000000604]
J 4859 c1 com.sun.javafx.application.PlatformImpl$$Lambda+0x0000024190086cc0.run()V javafx.graphics (12 bytes) @ 0x000002418097a954 [0x000002418097a8c0+0x0000000000000094]
J 4502 c1 com.sun.glass.ui.InvokeLaterDispatcher$Future.run()V javafx.graphics (91 bytes) @ 0x00000241808a239c [0x00000241808a2280+0x000000000000011c]
v  ~StubRoutines::call_stub 0x000002418745100d
j  com.sun.glass.ui.win.WinApplication._enterNestedEventLoopImpl()Ljava/lang/Object;+0 javafx.graphics
j  com.sun.glass.ui.win.WinApplication._enterNestedEventLoop()Ljava/lang/Object;+15 javafx.graphics
j  com.sun.glass.ui.Application.enterNestedEventLoop()Ljava/lang/Object;+14 javafx.graphics
j  com.sun.glass.ui.EventLoop.enter()Ljava/lang/Object;+42 javafx.graphics
j  com.sun.javafx.tk.quantum.QuantumToolkit.enterNestedEventLoop(Ljava/lang/Object;)Ljava/lang/Object;+95 javafx.graphics
j  javafx.stage.Stage.showAndWait()V+93 javafx.graphics
j  javafx.scene.control.HeavyweightDialog.showAndWait()V+22 javafx.controls
j  javafx.scene.control.Dialog.showAndWait()Ljava/util/Optional;+86 javafx.controls
j  com.example.livecycle.controllers.auth.FaceAuthController.showAlert(Ljava/lang/String;Ljava/lang/String;)V+27 com.example.livecycle
j  com.example.livecycle.controllers.auth.FaceAuthController.lambda$handleFaceLogin$12(Ljava/lang/Exception;)V+24 com.example.livecycle
j  com.example.livecycle.controllers.auth.FaceAuthController$$Lambda+0x00000241904a5290.run()V+8 com.example.livecycle
J 4862 c1 com.sun.javafx.application.PlatformImpl$$Lambda+0x0000024190087d10.run()Ljava/lang/Object; javafx.graphics (8 bytes) @ 0x000002418097b18c [0x000002418097b040+0x000000000000014c]
J 4860 c1 com.sun.javafx.application.PlatformImpl.lambda$runLater$11(Ljava/lang/Runnable;Ljava/security/AccessControlContext;)V javafx.graphics (41 bytes) @ 0x000002418097c0c4 [0x000002418097bac0+0x0000000000000604]
J 4859 c1 com.sun.javafx.application.PlatformImpl$$Lambda+0x0000024190086cc0.run()V javafx.graphics (12 bytes) @ 0x000002418097a954 [0x000002418097a8c0+0x0000000000000094]
J 4502 c1 com.sun.glass.ui.InvokeLaterDispatcher$Future.run()V javafx.graphics (91 bytes) @ 0x00000241808a239c [0x00000241808a2280+0x000000000000011c]
v  ~StubRoutines::call_stub 0x000002418745100d
j  com.sun.glass.ui.win.WinApplication._enterNestedEventLoopImpl()Ljava/lang/Object;+0 javafx.graphics
j  com.sun.glass.ui.win.WinApplication._enterNestedEventLoop()Ljava/lang/Object;+15 javafx.graphics
j  com.sun.glass.ui.Application.enterNestedEventLoop()Ljava/lang/Object;+14 javafx.graphics
j  com.sun.glass.ui.EventLoop.enter()Ljava/lang/Object;+42 javafx.graphics
j  com.sun.javafx.tk.quantum.QuantumToolkit.enterNestedEventLoop(Ljava/lang/Object;)Ljava/lang/Object;+95 javafx.graphics
j  javafx.stage.Stage.showAndWait()V+93 javafx.graphics
j  javafx.scene.control.HeavyweightDialog.showAndWait()V+22 javafx.controls
j  javafx.scene.control.Dialog.showAndWait()Ljava/util/Optional;+86 javafx.controls
j  com.example.livecycle.controllers.auth.FaceAuthController.showAlert(Ljava/lang/String;Ljava/lang/String;)V+27 com.example.livecycle
j  com.example.livecycle.controllers.auth.FaceAuthController.lambda$handleFaceLogin$12(Ljava/lang/Exception;)V+24 com.example.livecycle
j  com.example.livecycle.controllers.auth.FaceAuthController$$Lambda+0x00000241904a5290.run()V+8 com.example.livecycle
J 4862 c1 com.sun.javafx.application.PlatformImpl$$Lambda+0x0000024190087d10.run()Ljava/lang/Object; javafx.graphics (8 bytes) @ 0x000002418097b18c [0x000002418097b040+0x000000000000014c]
J 4860 c1 com.sun.javafx.application.PlatformImpl.lambda$runLater$11(Ljava/lang/Runnable;Ljava/security/AccessControlContext;)V javafx.graphics (41 bytes) @ 0x000002418097c0c4 [0x000002418097bac0+0x0000000000000604]
J 4859 c1 com.sun.javafx.application.PlatformImpl$$Lambda+0x0000024190086cc0.run()V javafx.graphics (12 bytes) @ 0x000002418097a954 [0x000002418097a8c0+0x0000000000000094]
J 4502 c1 com.sun.glass.ui.InvokeLaterDispatcher$Future.run()V javafx.graphics (91 bytes) @ 0x00000241808a239c [0x00000241808a2280+0x000000000000011c]
v  ~StubRoutines::call_stub 0x000002418745100d
j  com.sun.glass.ui.win.WinApplication._enterNestedEventLoopImpl()Ljava/lang/Object;+0 javafx.graphics
j  com.sun.glass.ui.win.WinApplication._enterNestedEventLoop()Ljava/lang/Object;+15 javafx.graphics
j  com.sun.glass.ui.Application.enterNestedEventLoop()Ljava/lang/Object;+14 javafx.graphics
j  com.sun.glass.ui.EventLoop.enter()Ljava/lang/Object;+42 javafx.graphics
j  com.sun.javafx.tk.quantum.QuantumToolkit.enterNestedEventLoop(Ljava/lang/Object;)Ljava/lang/Object;+95 javafx.graphics
j  javafx.stage.Stage.showAndWait()V+93 javafx.graphics
j  javafx.scene.control.HeavyweightDialog.showAndWait()V+22 javafx.controls
j  javafx.scene.control.Dialog.showAndWait()Ljava/util/Optional;+86 javafx.controls
j  com.example.livecycle.controllers.auth.FaceAuthController.showAlert(Ljava/lang/String;Ljava/lang/String;)V+27 com.example.livecycle
j  com.example.livecycle.controllers.auth.FaceAuthController.lambda$handleFaceLogin$12(Ljava/lang/Exception;)V+24 com.example.livecycle
j  com.example.livecycle.controllers.auth.FaceAuthController$$Lambda+0x00000241904a5290.run()V+8 com.example.livecycle
J 4862 c1 com.sun.javafx.application.PlatformImpl$$Lambda+0x0000024190087d10.run()Ljava/lang/Object; javafx.graphics (8 bytes) @ 0x000002418097b18c [0x000002418097b040+0x000000000000014c]
J 4860 c1 com.sun.javafx.application.PlatformImpl.lambda$runLater$11(Ljava/lang/Runnable;Ljava/security/AccessControlContext;)V javafx.graphics (41 bytes) @ 0x000002418097c0c4 [0x000002418097bac0+0x0000000000000604]
J 4859 c1 com.sun.javafx.application.PlatformImpl$$Lambda+0x0000024190086cc0.run()V javafx.graphics (12 bytes) @ 0x000002418097a954 [0x000002418097a8c0+0x0000000000000094]
J 4502 c1 com.sun.glass.ui.InvokeLaterDispatcher$Future.run()V javafx.graphics (91 bytes) @ 0x00000241808a239c [0x00000241808a2280+0x000000000000011c]
v  ~StubRoutines::call_stub 0x000002418745100d
j  com.sun.glass.ui.win.WinApplication._enterNestedEventLoopImpl()Ljava/lang/Object;+0 javafx.graphics
j  com.sun.glass.ui.win.WinApplication._enterNestedEventLoop()Ljava/lang/Object;+15 javafx.graphics
j  com.sun.glass.ui.Application.enterNestedEventLoop()Ljava/lang/Object;+14 javafx.graphics
j  com.sun.glass.ui.EventLoop.enter()Ljava/lang/Object;+42 javafx.graphics
j  com.sun.javafx.tk.quantum.QuantumToolkit.enterNestedEventLoop(Ljava/lang/Object;)Ljava/lang/Object;+95 javafx.graphics
j  javafx.stage.Stage.showAndWait()V+93 javafx.graphics
j  javafx.scene.control.HeavyweightDialog.showAndWait()V+22 javafx.controls
j  javafx.scene.control.Dialog.showAndWait()Ljava/util/Optional;+86 javafx.controls
j  com.example.livecycle.controllers.auth.FaceAuthController.showAlert(Ljava/lang/String;Ljava/lang/String;)V+27 com.example.livecycle
j  com.example.livecycle.controllers.auth.FaceAuthController.lambda$handleFaceLogin$12(Ljava/lang/Exception;)V+24 com.example.livecycle
j  com.example.livecycle.controllers.auth.FaceAuthController$$Lambda+0x00000241904a5290.run()V+8 com.example.livecycle
J 4862 c1 com.sun.javafx.application.PlatformImpl$$Lambda+0x0000024190087d10.run()Ljava/lang/Object; javafx.graphics (8 bytes) @ 0x000002418097b18c [0x000002418097b040+0x000000000000014c]
J 4860 c1 com.sun.javafx.application.PlatformImpl.lambda$runLater$11(Ljava/lang/Runnable;Ljava/security/AccessControlContext;)V javafx.graphics (41 bytes) @ 0x000002418097c0c4 [0x000002418097bac0+0x0000000000000604]
J 4859 c1 com.sun.javafx.application.PlatformImpl$$Lambda+0x0000024190086cc0.run()V javafx.graphics (12 bytes) @ 0x000002418097a954 [0x000002418097a8c0+0x0000000000000094]
J 4502 c1 com.sun.glass.ui.InvokeLaterDispatcher$Future.run()V javafx.graphics (91 bytes) @ 0x00000241808a239c [0x00000241808a2280+0x000000000000011c]
v  ~StubRoutines::call_stub 0x000002418745100d
j  com.sun.glass.ui.win.WinApplication._enterNestedEventLoopImpl()Ljava/lang/Object;+0 javafx.graphics
j  com.sun.glass.ui.win.WinApplication._enterNestedEventLoop()Ljava/lang/Object;+15 javafx.graphics
j  com.sun.glass.ui.Application.enterNestedEventLoop()Ljava/lang/Object;+14 javafx.graphics
j  com.sun.glass.ui.EventLoop.enter()Ljava/lang/Object;+42 javafx.graphics
j  com.sun.javafx.tk.quantum.QuantumToolkit.enterNestedEventLoop(Ljava/lang/Object;)Ljava/lang/Object;+95 javafx.graphics
j  javafx.stage.Stage.showAndWait()V+93 javafx.graphics
j  javafx.scene.control.HeavyweightDialog.showAndWait()V+22 javafx.controls
j  javafx.scene.control.Dialog.showAndWait()Ljava/util/Optional;+86 javafx.controls
j  com.example.livecycle.controllers.auth.FaceAuthController.showAlert(Ljava/lang/String;Ljava/lang/String;)V+27 com.example.livecycle
j  com.example.livecycle.controllers.auth.FaceAuthController.lambda$handleFaceLogin$12(Ljava/lang/Exception;)V+24 com.example.livecycle
j  com.example.livecycle.controllers.auth.FaceAuthController$$Lambda+0x00000241904a5290.run()V+8 com.example.livecycle
J 4862 c1 com.sun.javafx.application.PlatformImpl$$Lambda+0x0000024190087d10.run()Ljava/lang/Object; javafx.graphics (8 bytes) @ 0x000002418097b18c [0x000002418097b040+0x000000000000014c]
J 4860 c1 com.sun.javafx.application.PlatformImpl.lambda$runLater$11(Ljava/lang/Runnable;Ljava/security/AccessControlContext;)V javafx.graphics (41 bytes) @ 0x000002418097c0c4 [0x000002418097bac0+0x0000000000000604]
J 4859 c1 com.sun.javafx.application.PlatformImpl$$Lambda+0x0000024190086cc0.run()V javafx.graphics (12 bytes) @ 0x000002418097a954 [0x000002418097a8c0+0x0000000000000094]
J 4502 c1 com.sun.glass.ui.InvokeLaterDispatcher$Future.run()V javafx.graphics (91 bytes) @ 0x00000241808a239c [0x00000241808a2280+0x000000000000011c]
v  ~StubRoutines::call_stub 0x000002418745100d
j  com.sun.glass.ui.win.WinApplication._enterNestedEventLoopImpl()Ljava/lang/Object;+0 javafx.graphics
j  com.sun.glass.ui.win.WinApplication._enterNestedEventLoop()Ljava/lang/Object;+15 javafx.graphics
j  com.sun.glass.ui.Application.enterNestedEventLoop()Ljava/lang/Object;+14 javafx.graphics
j  com.sun.glass.ui.EventLoop.enter()Ljava/lang/Object;+42 javafx.graphics
j  com.sun.javafx.tk.quantum.QuantumToolkit.enterNestedEventLoop(Ljava/lang/Object;)Ljava/lang/Object;+95 javafx.graphics
j  javafx.stage.Stage.showAndWait()V+93 javafx.graphics
j  javafx.scene.control.HeavyweightDialog.showAndWait()V+22 javafx.controls
j  javafx.scene.control.Dialog.showAndWait()Ljava/util/Optional;+86 javafx.controls
j  com.example.livecycle.controllers.auth.FaceAuthController.showAlert(Ljava/lang/String;Ljava/lang/String;)V+27 com.example.livecycle
j  com.example.livecycle.controllers.auth.FaceAuthController.lambda$handleFaceLogin$12(Ljava/lang/Exception;)V+24 com.example.livecycle
j  com.example.livecycle.controllers.auth.FaceAuthController$$Lambda+0x00000241904a5290.run()V+8 com.example.livecycle
J 4862 c1 com.sun.javafx.application.PlatformImpl$$Lambda+0x0000024190087d10.run()Ljava/lang/Object; javafx.graphics (8 bytes) @ 0x000002418097b18c [0x000002418097b040+0x000000000000014c]
J 4860 c1 com.sun.javafx.application.PlatformImpl.lambda$runLater$11(Ljava/lang/Runnable;Ljava/security/AccessControlContext;)V javafx.graphics (41 bytes) @ 0x000002418097c0c4 [0x000002418097bac0+0x0000000000000604]
J 4859 c1 com.sun.javafx.application.PlatformImpl$$Lambda+0x0000024190086cc0.run()V javafx.graphics (12 bytes) @ 0x000002418097a954 [0x000002418097a8c0+0x0000000000000094]
J 4502 c1 com.sun.glass.ui.InvokeLaterDispatcher$Future.run()V javafx.graphics (91 bytes) @ 0x00000241808a239c [0x00000241808a2280+0x000000000000011c]
v  ~StubRoutines::call_stub 0x000002418745100d
j  com.sun.glass.ui.win.WinApplication._enterNestedEventLoopImpl()Ljava/lang/Object;+0 javafx.graphics
j  com.sun.glass.ui.win.WinApplication._enterNestedEventLoop()Ljava/lang/Object;+15 javafx.graphics
j  com.sun.glass.ui.Application.enterNestedEventLoop()Ljava/lang/Object;+14 javafx.graphics
j  com.sun.glass.ui.EventLoop.enter()Ljava/lang/Object;+42 javafx.graphics
j  com.sun.javafx.tk.quantum.QuantumToolkit.enterNestedEventLoop(Ljava/lang/Object;)Ljava/lang/Object;+95 javafx.graphics
j  javafx.stage.Stage.showAndWait()V+93 javafx.graphics
j  javafx.scene.control.HeavyweightDialog.showAndWait()V+22 javafx.controls
j  javafx.scene.control.Dialog.showAndWait()Ljava/util/Optional;+86 javafx.controls
j  com.example.livecycle.controllers.auth.FaceAuthController.showAlert(Ljava/lang/String;Ljava/lang/String;)V+27 com.example.livecycle
j  com.example.livecycle.controllers.auth.FaceAuthController.lambda$handleFaceLogin$12(Ljava/lang/Exception;)V+24 com.example.livecycle
j  com.example.livecycle.controllers.auth.FaceAuthController$$Lambda+0x00000241904a5290.run()V+8 com.example.livecycle
J 4862 c1 com.sun.javafx.application.PlatformImpl$$Lambda+0x0000024190087d10.run()Ljava/lang/Object; javafx.graphics (8 bytes) @ 0x000002418097b18c [0x000002418097b040+0x000000000000014c]
J 4860 c1 com.sun.javafx.application.PlatformImpl.lambda$runLater$11(Ljava/lang/Runnable;Ljava/security/AccessControlContext;)V javafx.graphics (41 bytes) @ 0x000002418097c0c4 [0x000002418097bac0+0x0000000000000604]
J 4859 c1 com.sun.javafx.application.PlatformImpl$$Lambda+0x0000024190086cc0.run()V javafx.graphics (12 bytes) @ 0x000002418097a954 [0x000002418097a8c0+0x0000000000000094]
J 4502 c1 com.sun.glass.ui.InvokeLaterDispatcher$Future.run()V javafx.graphics (91 bytes) @ 0x00000241808a239c [0x00000241808a2280+0x000000000000011c]
v  ~StubRoutines::call_stub 0x000002418745100d
j  com.sun.glass.ui.win.WinApplication._enterNestedEventLoopImpl()Ljava/lang/Object;+0 javafx.graphics
j  com.sun.glass.ui.win.WinApplication._enterNestedEventLoop()Ljava/lang/Object;+15 javafx.graphics
j  com.sun.glass.ui.Application.enterNestedEventLoop()Ljava/lang/Object;+14 javafx.graphics
j  com.sun.glass.ui.EventLoop.enter()Ljava/lang/Object;+42 javafx.graphics
j  com.sun.javafx.tk.quantum.QuantumToolkit.enterNestedEventLoop(Ljava/lang/Object;)Ljava/lang/Object;+95 javafx.graphics
j  javafx.stage.Stage.showAndWait()V+93 javafx.graphics
j  javafx.scene.control.HeavyweightDialog.showAndWait()V+22 javafx.controls
j  javafx.scene.control.Dialog.showAndWait()Ljava/util/Optional;+86 javafx.controls
j  com.example.livecycle.controllers.auth.FaceAuthController.showAlert(Ljava/lang/String;Ljava/lang/String;)V+27 com.example.livecycle
j  com.example.livecycle.controllers.auth.FaceAuthController.lambda$handleFaceLogin$12(Ljava/lang/Exception;)V+24 com.example.livecycle
j  com.example.livecycle.controllers.auth.FaceAuthController$$Lambda+0x00000241904a5290.run()V+8 com.example.livecycle
J 4862 c1 com.sun.javafx.application.PlatformImpl$$Lambda+0x0000024190087d10.run()Ljava/lang/Object; javafx.graphics (8 bytes) @ 0x000002418097b18c [0x000002418097b040+0x000000000000014c]
J 4860 c1 com.sun.javafx.application.PlatformImpl.lambda$runLater$11(Ljava/lang/Runnable;Ljava/security/AccessControlContext;)V javafx.graphics (41 bytes) @ 0x000002418097c0c4 [0x000002418097bac0+0x0000000000000604]
J 4859 c1 com.sun.javafx.application.PlatformImpl$$Lambda+0x0000024190086cc0.run()V javafx.graphics (12 bytes) @ 0x000002418097a954 [0x000002418097a8c0+0x0000000000000094]
J 4502 c1 com.sun.glass.ui.InvokeLaterDispatcher$Future.run()V javafx.graphics (91 bytes) @ 0x00000241808a239c [0x00000241808a2280+0x000000000000011c]
v  ~StubRoutines::call_stub 0x000002418745100d
j  com.sun.glass.ui.win.WinApplication._enterNestedEventLoopImpl()Ljava/lang/Object;+0 javafx.graphics
j  com.sun.glass.ui.win.WinApplication._enterNestedEventLoop()Ljava/lang/Object;+15 javafx.graphics
j  com.sun.glass.ui.Application.enterNestedEventLoop()Ljava/lang/Object;+14 javafx.graphics
j  com.sun.glass.ui.EventLoop.enter()Ljava/lang/Object;+42 javafx.graphics
j  com.sun.javafx.tk.quantum.QuantumToolkit.enterNestedEventLoop(Ljava/lang/Object;)Ljava/lang/Object;+95 javafx.graphics
j  javafx.stage.Stage.showAndWait()V+93 javafx.graphics
j  javafx.scene.control.HeavyweightDialog.showAndWait()V+22 javafx.controls
j  javafx.scene.control.Dialog.showAndWait()Ljava/util/Optional;+86 javafx.controls
j  com.example.livecycle.controllers.auth.FaceAuthController.showAlert(Ljava/lang/String;Ljava/lang/String;)V+27 com.example.livecycle
j  com.example.livecycle.controllers.auth.FaceAuthController.lambda$handleFaceLogin$12(Ljava/lang/Exception;)V+24 com.example.livecycle
j  com.example.livecycle.controllers.auth.FaceAuthController$$Lambda+0x00000241904a5290.run()V+8 com.example.livecycle
J 4862 c1 com.sun.javafx.application.PlatformImpl$$Lambda+0x0000024190087d10.run()Ljava/lang/Object; javafx.graphics (8 bytes) @ 0x000002418097b18c [0x000002418097b040+0x000000000000014c]
J 4860 c1 com.sun.javafx.application.PlatformImpl.lambda$runLater$11(Ljava/lang/Runnable;Ljava/security/AccessControlContext;)V javafx.graphics (41 bytes) @ 0x000002418097c0c4 [0x000002418097bac0+0x0000000000000604]
J 4859 c1 com.sun.javafx.application.PlatformImpl$$Lambda+0x0000024190086cc0.run()V javafx.graphics (12 bytes) @ 0x000002418097a954 [0x000002418097a8c0+0x0000000000000094]
J 4502 c1 com.sun.glass.ui.InvokeLaterDispatcher$Future.run()V javafx.graphics (91 bytes) @ 0x00000241808a239c [0x00000241808a2280+0x000000000000011c]
v  ~StubRoutines::call_stub 0x000002418745100d
j  com.sun.glass.ui.win.WinApplication._enterNestedEventLoopImpl()Ljava/lang/Object;+0 javafx.graphics
j  com.sun.glass.ui.win.WinApplication._enterNestedEventLoop()Ljava/lang/Object;+15 javafx.graphics
j  com.sun.glass.ui.Application.enterNestedEventLoop()Ljava/lang/Object;+14 javafx.graphics
j  com.sun.glass.ui.EventLoop.enter()Ljava/lang/Object;+42 javafx.graphics
j  com.sun.javafx.tk.quantum.QuantumToolkit.enterNestedEventLoop(Ljava/lang/Object;)Ljava/lang/Object;+95 javafx.graphics
j  javafx.stage.Stage.showAndWait()V+93 javafx.graphics
j  javafx.scene.control.HeavyweightDialog.showAndWait()V+22 javafx.controls
j  javafx.scene.control.Dialog.showAndWait()Ljava/util/Optional;+86 javafx.controls
j  com.example.livecycle.controllers.auth.FaceAuthController.showAlert(Ljava/lang/String;Ljava/lang/String;)V+27 com.example.livecycle
j  com.example.livecycle.controllers.auth.FaceAuthController.lambda$handleFaceLogin$12(Ljava/lang/Exception;)V+24 com.example.livecycle
j  com.example.livecycle.controllers.auth.FaceAuthController$$Lambda+0x00000241904a5290.run()V+8 com.example.livecycle
J 4862 c1 com.sun.javafx.application.PlatformImpl$$Lambda+0x0000024190087d10.run()Ljava/lang/Object; javafx.graphics (8 bytes) @ 0x000002418097b18c [0x000002418097b040+0x000000000000014c]
J 4860 c1 com.sun.javafx.application.PlatformImpl.lambda$runLater$11(Ljava/lang/Runnable;Ljava/security/AccessControlContext;)V javafx.graphics (41 bytes) @ 0x000002418097c0c4 [0x000002418097bac0+0x0000000000000604]
J 4859 c1 com.sun.javafx.application.PlatformImpl$$Lambda+0x0000024190086cc0.run()V javafx.graphics (12 bytes) @ 0x000002418097a954 [0x000002418097a8c0+0x0000000000000094]
J 4502 c1 com.sun.glass.ui.InvokeLaterDispatcher$Future.run()V javafx.graphics (91 bytes) @ 0x00000241808a239c [0x00000241808a2280+0x000000000000011c]
v  ~StubRoutines::call_stub 0x000002418745100d
j  com.sun.glass.ui.win.WinApplication._enterNestedEventLoopImpl()Ljava/lang/Object;+0 javafx.graphics
j  com.sun.glass.ui.win.WinApplication._enterNestedEventLoop()Ljava/lang/Object;+15 javafx.graphics
j  com.sun.glass.ui.Application.enterNestedEventLoop()Ljava/lang/Object;+14 javafx.graphics
j  com.sun.glass.ui.EventLoop.enter()Ljava/lang/Object;+42 javafx.graphics
j  com.sun.javafx.tk.quantum.QuantumToolkit.enterNestedEventLoop(Ljava/lang/Object;)Ljava/lang/Object;+95 javafx.graphics
j  javafx.stage.Stage.showAndWait()V+93 javafx.graphics
j  javafx.scene.control.HeavyweightDialog.showAndWait()V+22 javafx.controls
j  javafx.scene.control.Dialog.showAndWait()Ljava/util/Optional;+86 javafx.controls
j  com.example.livecycle.controllers.auth.FaceAuthController.showAlert(Ljava/lang/String;Ljava/lang/String;)V+27 com.example.livecycle
j  com.example.livecycle.controllers.auth.FaceAuthController.lambda$handleFaceLogin$12(Ljava/lang/Exception;)V+24 com.example.livecycle
j  com.example.livecycle.controllers.auth.FaceAuthController$$Lambda+0x00000241904a5290.run()V+8 com.example.livecycle
J 4862 c1 com.sun.javafx.application.PlatformImpl$$Lambda+0x0000024190087d10.run()Ljava/lang/Object; javafx.graphics (8 bytes) @ 0x000002418097b18c [0x000002418097b040+0x000000000000014c]
J 4860 c1 com.sun.javafx.application.PlatformImpl.lambda$runLater$11(Ljava/lang/Runnable;Ljava/security/AccessControlContext;)V javafx.graphics (41 bytes) @ 0x000002418097c0c4 [0x000002418097bac0+0x0000000000000604]
J 4859 c1 com.sun.javafx.application.PlatformImpl$$Lambda+0x0000024190086cc0.run()V javafx.graphics (12 bytes) @ 0x000002418097a954 [0x000002418097a8c0+0x0000000000000094]
J 4502 c1 com.sun.glass.ui.InvokeLaterDispatcher$Future.run()V javafx.graphics (91 bytes) @ 0x00000241808a239c [0x00000241808a2280+0x000000000000011c]
v  ~StubRoutines::call_stub 0x000002418745100d
j  com.sun.glass.ui.win.WinApplication._enterNestedEventLoopImpl()Ljava/lang/Object;+0 javafx.graphics
j  com.sun.glass.ui.win.WinApplication._enterNestedEventLoop()Ljava/lang/Object;+15 javafx.graphics
j  com.sun.glass.ui.Application.enterNestedEventLoop()Ljava/lang/Object;+14 javafx.graphics
j  com.sun.glass.ui.EventLoop.enter()Ljava/lang/Object;+42 javafx.graphics
j  com.sun.javafx.tk.quantum.QuantumToolkit.enterNestedEventLoop(Ljava/lang/Object;)Ljava/lang/Object;+95 javafx.graphics
j  javafx.stage.Stage.showAndWait()V+93 javafx.graphics
j  javafx.scene.control.HeavyweightDialog.showAndWait()V+22 javafx.controls
j  javafx.scene.control.Dialog.showAndWait()Ljava/util/Optional;+86 javafx.controls
j  com.example.livecycle.controllers.auth.FaceAuthController.showAlert(Ljava/lang/String;Ljava/lang/String;)V+27 com.example.livecycle
j  com.example.livecycle.controllers.auth.FaceAuthController.lambda$handleFaceLogin$12(Ljava/lang/Exception;)V+24 com.example.livecycle
j  com.example.livecycle.controllers.auth.FaceAuthController$$Lambda+0x00000241904a5290.run()V+8 com.example.livecycle
J 4862 c1 com.sun.javafx.application.PlatformImpl$$Lambda+0x0000024190087d10.run()Ljava/lang/Object; javafx.graphics (8 bytes) @ 0x000002418097b18c [0x000002418097b040+0x000000000000014c]
J 4860 c1 com.sun.javafx.application.PlatformImpl.lambda$runLater$11(Ljava/lang/Runnable;Ljava/security/AccessControlContext;)V javafx.graphics (41 bytes) @ 0x000002418097c0c4 [0x000002418097bac0+0x0000000000000604]
J 4859 c1 com.sun.javafx.application.PlatformImpl$$Lambda+0x0000024190086cc0.run()V javafx.graphics (12 bytes) @ 0x000002418097a954 [0x000002418097a8c0+0x0000000000000094]
J 4502 c1 com.sun.glass.ui.InvokeLaterDispatcher$Future.run()V javafx.graphics (91 bytes) @ 0x00000241808a239c [0x00000241808a2280+0x000000000000011c]
v  ~StubRoutines::call_stub 0x000002418745100d
j  com.sun.glass.ui.win.WinApplication._enterNestedEventLoopImpl()Ljava/lang/Object;+0 javafx.graphics
j  com.sun.glass.ui.win.WinApplication._enterNestedEventLoop()Ljava/lang/Object;+15 javafx.graphics
j  com.sun.glass.ui.Application.enterNestedEventLoop()Ljava/lang/Object;+14 javafx.graphics
j  com.sun.glass.ui.EventLoop.enter()Ljava/lang/Object;+42 javafx.graphics
j  com.sun.javafx.tk.quantum.QuantumToolkit.enterNestedEventLoop(Ljava/lang/Object;)Ljava/lang/Object;+95 javafx.graphics
j  javafx.stage.Stage.showAndWait()V+93 javafx.graphics
j  javafx.scene.control.HeavyweightDialog.showAndWait()V+22 javafx.controls
j  javafx.scene.control.Dialog.showAndWait()Ljava/util/Optional;+86 javafx.controls
j  com.example.livecycle.controllers.auth.FaceAuthController.showAlert(Ljava/lang/String;Ljava/lang/String;)V+27 com.example.livecycle
j  com.example.livecycle.controllers.auth.FaceAuthController.lambda$handleFaceLogin$12(Ljava/lang/Exception;)V+24 com.example.livecycle
j  com.example.livecycle.controllers.auth.FaceAuthController$$Lambda+0x00000241904a5290.run()V+8 com.example.livecycle
J 4862 c1 com.sun.javafx.application.PlatformImpl$$Lambda+0x0000024190087d10.run()Ljava/lang/Object; javafx.graphics (8 bytes) @ 0x000002418097b18c [0x000002418097b040+0x000000000000014c]
J 4860 c1 com.sun.javafx.application.PlatformImpl.lambda$runLater$11(Ljava/lang/Runnable;Ljava/security/AccessControlContext;)V javafx.graphics (41 bytes) @ 0x000002418097c0c4 [0x000002418097bac0+0x0000000000000604]
J 4859 c1 com.sun.javafx.application.PlatformImpl$$Lambda+0x0000024190086cc0.run()V javafx.graphics (12 bytes) @ 0x000002418097a954 [0x000002418097a8c0+0x0000000000000094]
J 4502 c1 com.sun.glass.ui.InvokeLaterDispatcher$Future.run()V javafx.graphics (91 bytes) @ 0x00000241808a239c [0x00000241808a2280+0x000000000000011c]
v  ~StubRoutines::call_stub 0x000002418745100d
j  com.sun.glass.ui.win.WinApplication._enterNestedEventLoopImpl()Ljava/lang/Object;+0 javafx.graphics
j  com.sun.glass.ui.win.WinApplication._enterNestedEventLoop()Ljava/lang/Object;+15 javafx.graphics
j  com.sun.glass.ui.Application.enterNestedEventLoop()Ljava/lang/Object;+14 javafx.graphics
j  com.sun.glass.ui.EventLoop.enter()Ljava/lang/Object;+42 javafx.graphics
j  com.sun.javafx.tk.quantum.QuantumToolkit.enterNestedEventLoop(Ljava/lang/Object;)Ljava/lang/Object;+95 javafx.graphics
j  javafx.stage.Stage.showAndWait()V+93 javafx.graphics
j  javafx.scene.control.HeavyweightDialog.showAndWait()V+22 javafx.controls
j  javafx.scene.control.Dialog.showAndWait()Ljava/util/Optional;+86 javafx.controls
j  com.example.livecycle.controllers.auth.FaceAuthController.showAlert(Ljava/lang/String;Ljava/lang/String;)V+27 com.example.livecycle
j  com.example.livecycle.controllers.auth.FaceAuthController.lambda$handleFaceLogin$12(Ljava/lang/Exception;)V+24 com.example.livecycle
j  com.example.livecycle.controllers.auth.FaceAuthController$$Lambda+0x00000241904a5290.run()V+8 com.example.livecycle
J 4862 c1 com.sun.javafx.application.PlatformImpl$$Lambda+0x0000024190087d10.run()Ljava/lang/Object; javafx.graphics (8 bytes) @ 0x000002418097b18c [0x000002418097b040+0x000000000000014c]
J 4860 c1 com.sun.javafx.application.PlatformImpl.lambda$runLater$11(Ljava/lang/Runnable;Ljava/security/AccessControlContext;)V javafx.graphics (41 bytes) @ 0x000002418097c0c4 [0x000002418097bac0+0x0000000000000604]
J 4859 c1 com.sun.javafx.application.PlatformImpl$$Lambda+0x0000024190086cc0.run()V javafx.graphics (12 bytes) @ 0x000002418097a954 [0x000002418097a8c0+0x0000000000000094]
J 4502 c1 com.sun.glass.ui.InvokeLaterDispatcher$Future.run()V javafx.graphics (91 bytes) @ 0x00000241808a239c [0x00000241808a2280+0x000000000000011c]
v  ~StubRoutines::call_stub 0x000002418745100d
j  com.sun.glass.ui.win.WinApplication._enterNestedEventLoopImpl()Ljava/lang/Object;+0 javafx.graphics
j  com.sun.glass.ui.win.WinApplication._enterNestedEventLoop()Ljava/lang/Object;+15 javafx.graphics
j  com.sun.glass.ui.Application.enterNestedEventLoop()Ljava/lang/Object;+14 javafx.graphics
j  com.sun.glass.ui.EventLoop.enter()Ljava/lang/Object;+42 javafx.graphics
j  com.sun.javafx.tk.quantum.QuantumToolkit.enterNestedEventLoop(Ljava/lang/Object;)Ljava/lang/Object;+95 javafx.graphics
j  javafx.stage.Stage.showAndWait()V+93 javafx.graphics
j  javafx.scene.control.HeavyweightDialog.showAndWait()V+22 javafx.controls
j  javafx.scene.control.Dialog.showAndWait()Ljava/util/Optional;+86 javafx.controls
j  com.example.livecycle.controllers.auth.FaceAuthController.showAlert(Ljava/lang/String;Ljava/lang/String;)V+27 com.example.livecycle
j  com.example.livecycle.controllers.auth.FaceAuthController.lambda$handleFaceLogin$12(Ljava/lang/Exception;)V+24 com.example.livecycle
j  com.example.livecycle.controllers.auth.FaceAuthController$$Lambda+0x00000241904a5290.run()V+8 com.example.livecycle
J 4862 c1 com.sun.javafx.application.PlatformImpl$$Lambda+0x0000024190087d10.run()Ljava/lang/Object; javafx.graphics (8 bytes) @ 0x000002418097b18c [0x000002418097b040+0x000000000000014c]
J 4860 c1 com.sun.javafx.application.PlatformImpl.lambda$runLater$11(Ljava/lang/Runnable;Ljava/security/AccessControlContext;)V javafx.graphics (41 bytes) @ 0x000002418097c0c4 [0x000002418097bac0+0x0000000000000604]
J 4859 c1 com.sun.javafx.application.PlatformImpl$$Lambda+0x0000024190086cc0.run()V javafx.graphics (12 bytes) @ 0x000002418097a954 [0x000002418097a8c0+0x0000000000000094]
J 4502 c1 com.sun.glass.ui.InvokeLaterDispatcher$Future.run()V javafx.graphics (91 bytes) @ 0x00000241808a239c [0x00000241808a2280+0x000000000000011c]
v  ~StubRoutines::call_stub 0x000002418745100d
j  com.sun.glass.ui.win.WinApplication._enterNestedEventLoopImpl()Ljava/lang/Object;+0 javafx.graphics
j  com.sun.glass.ui.win.WinApplication._enterNestedEventLoop()Ljava/lang/Object;+15 javafx.graphics
j  com.sun.glass.ui.Application.enterNestedEventLoop()Ljava/lang/Object;+14 javafx.graphics
j  com.sun.glass.ui.EventLoop.enter()Ljava/lang/Object;+42 javafx.graphics
j  com.sun.javafx.tk.quantum.QuantumToolkit.enterNestedEventLoop(Ljava/lang/Object;)Ljava/lang/Object;+95 javafx.graphics
j  javafx.stage.Stage.showAndWait()V+93 javafx.graphics
j  javafx.scene.control.HeavyweightDialog.showAndWait()V+22 javafx.controls
j  javafx.scene.control.Dialog.showAndWait()Ljava/util/Optional;+86 javafx.controls
j  com.example.livecycle.controllers.auth.FaceAuthController.showAlert(Ljava/lang/String;Ljava/lang/String;)V+27 com.example.livecycle
j  com.example.livecycle.controllers.auth.FaceAuthController.lambda$handleFaceLogin$12(Ljava/lang/Exception;)V+24 com.example.livecycle
j  com.example.livecycle.controllers.auth.FaceAuthController$$Lambda+0x00000241904a5290.run()V+8 com.example.livecycle
J 4862 c1 com.sun.javafx.application.PlatformImpl$$Lambda+0x0000024190087d10.run()Ljava/lang/Object; javafx.graphics (8 bytes) @ 0x000002418097b18c [0x000002418097b040+0x000000000000014c]
J 4860 c1 com.sun.javafx.application.PlatformImpl.lambda$runLater$11(Ljava/lang/Runnable;Ljava/security/AccessControlContext;)V javafx.graphics (41 bytes) @ 0x000002418097c0c4 [0x000002418097bac0+0x0000000000000604]
J 4859 c1 com.sun.javafx.application.PlatformImpl$$Lambda+0x0000024190086cc0.run()V javafx.graphics (12 bytes) @ 0x000002418097a954 [0x000002418097a8c0+0x0000000000000094]
J 4502 c1 com.sun.glass.ui.InvokeLaterDispatcher$Future.run()V javafx.graphics (91 bytes) @ 0x00000241808a239c [0x00000241808a2280+0x000000000000011c]
v  ~StubRoutines::call_stub 0x000002418745100d
j  com.sun.glass.ui.win.WinApplication._enterNestedEventLoopImpl()Ljava/lang/Object;+0 javafx.graphics
j  com.sun.glass.ui.win.WinApplication._enterNestedEventLoop()Ljava/lang/Object;+15 javafx.graphics
j  com.sun.glass.ui.Application.enterNestedEventLoop()Ljava/lang/Object;+14 javafx.graphics
j  com.sun.glass.ui.EventLoop.enter()Ljava/lang/Object;+42 javafx.graphics
j  com.sun.javafx.tk.quantum.QuantumToolkit.enterNestedEventLoop(Ljava/lang/Object;)Ljava/lang/Object;+95 javafx.graphics
j  javafx.stage.Stage.showAndWait()V+93 javafx.graphics
j  javafx.scene.control.HeavyweightDialog.showAndWait()V+22 javafx.controls
j  javafx.scene.control.Dialog.showAndWait()Ljava/util/Optional;+86 javafx.controls
j  com.example.livecycle.controllers.auth.FaceAuthController.showAlert(Ljava/lang/String;Ljava/lang/String;)V+27 com.example.livecycle
j  com.example.livecycle.controllers.auth.FaceAuthController.lambda$handleFaceLogin$12(Ljava/lang/Exception;)V+24 com.example.livecycle
j  com.example.livecycle.controllers.auth.FaceAuthController$$Lambda+0x00000241904a5290.run()V+8 com.example.livecycle
J 4862 c1 com.sun.javafx.application.PlatformImpl$$Lambda+0x0000024190087d10.run()Ljava/lang/Object; javafx.graphics (8 bytes) @ 0x000002418097b18c [0x000002418097b040+0x000000000000014c]
J 4860 c1 com.sun.javafx.application.PlatformImpl.lambda$runLater$11(Ljava/lang/Runnable;Ljava/security/AccessControlContext;)V javafx.graphics (41 bytes) @ 0x000002418097c0c4 [0x000002418097bac0+0x0000000000000604]
J 4859 c1 com.sun.javafx.application.PlatformImpl$$Lambda+0x0000024190086cc0.run()V javafx.graphics (12 bytes) @ 0x000002418097a954 [0x000002418097a8c0+0x0000000000000094]
J 4502 c1 com.sun.glass.ui.InvokeLaterDispatcher$Future.run()V javafx.graphics (91 bytes) @ 0x00000241808a239c [0x00000241808a2280+0x000000000000011c]
v  ~StubRoutines::call_stub 0x000002418745100d
j  com.sun.glass.ui.win.WinApplication._enterNestedEventLoopImpl()Ljava/lang/Object;+0 javafx.graphics
j  com.sun.glass.ui.win.WinApplication._enterNestedEventLoop()Ljava/lang/Object;+15 javafx.graphics
j  com.sun.glass.ui.Application.enterNestedEventLoop()Ljava/lang/Object;+14 javafx.graphics
j  com.sun.glass.ui.EventLoop.enter()Ljava/lang/Object;+42 javafx.graphics
j  com.sun.javafx.tk.quantum.QuantumToolkit.enterNestedEventLoop(Ljava/lang/Object;)Ljava/lang/Object;+95 javafx.graphics
j  javafx.stage.Stage.showAndWait()V+93 javafx.graphics
j  javafx.scene.control.HeavyweightDialog.showAndWait()V+22 javafx.controls
j  javafx.scene.control.Dialog.showAndWait()Ljava/util/Optional;+86 javafx.controls
j  com.example.livecycle.controllers.auth.FaceAuthController.showAlert(Ljava/lang/String;Ljava/lang/String;)V+27 com.example.livecycle
j  com.example.livecycle.controllers.auth.FaceAuthController.lambda$handleFaceLogin$12(Ljava/lang/Exception;)V+24 com.example.livecycle
j  com.example.livecycle.controllers.auth.FaceAuthController$$Lambda+0x00000241904a5290.run()V+8 com.example.livecycle
J 4862 c1 com.sun.javafx.application.PlatformImpl$$Lambda+0x0000024190087d10.run()Ljava/lang/Object; javafx.graphics (8 bytes) @ 0x000002418097b18c [0x000002418097b040+0x000000000000014c]
J 4860 c1 com.sun.javafx.application.PlatformImpl.lambda$runLater$11(Ljava/lang/Runnable;Ljava/security/AccessControlContext;)V javafx.graphics (41 bytes) @ 0x000002418097c0c4 [0x000002418097bac0+0x0000000000000604]
J 4859 c1 com.sun.javafx.application.PlatformImpl$$Lambda+0x0000024190086cc0.run()V javafx.graphics (12 bytes) @ 0x000002418097a954 [0x000002418097a8c0+0x0000000000000094]
J 4502 c1 com.sun.glass.ui.InvokeLaterDispatcher$Future.run()V javafx.graphics (91 bytes) @ 0x00000241808a239c [0x00000241808a2280+0x000000000000011c]
v  ~StubRoutines::call_stub 0x000002418745100d
j  com.sun.glass.ui.win.WinApplication._enterNestedEventLoopImpl()Ljava/lang/Object;+0 javafx.graphics
j  com.sun.glass.ui.win.WinApplication._enterNestedEventLoop()Ljava/lang/Object;+15 javafx.graphics
j  com.sun.glass.ui.Application.enterNestedEventLoop()Ljava/lang/Object;+14 javafx.graphics
j  com.sun.glass.ui.EventLoop.enter()Ljava/lang/Object;+42 javafx.graphics
j  com.sun.javafx.tk.quantum.QuantumToolkit.enterNestedEventLoop(Ljava/lang/Object;)Ljava/lang/Object;+95 javafx.graphics
j  javafx.stage.Stage.showAndWait()V+93 javafx.graphics
j  javafx.scene.control.HeavyweightDialog.showAndWait()V+22 javafx.controls
j  javafx.scene.control.Dialog.showAndWait()Ljava/util/Optional;+86 javafx.controls
j  com.example.livecycle.controllers.auth.FaceAuthController.showAlert(Ljava/lang/String;Ljava/lang/String;)V+27 com.example.livecycle
j  com.example.livecycle.controllers.auth.FaceAuthController.lambda$handleFaceLogin$12(Ljava/lang/Exception;)V+24 com.example.livecycle
j  com.example.livecycle.controllers.auth.FaceAuthController$$Lambda+0x00000241904a5290.run()V+8 com.example.livecycle
J 4862 c1 com.sun.javafx.application.PlatformImpl$$Lambda+0x0000024190087d10.run()Ljava/lang/Object; javafx.graphics (8 bytes) @ 0x000002418097b18c [0x000002418097b040+0x000000000000014c]
J 4860 c1 com.sun.javafx.application.PlatformImpl.lambda$runLater$11(Ljava/lang/Runnable;Ljava/security/AccessControlContext;)V javafx.graphics (41 bytes) @ 0x000002418097c0c4 [0x000002418097bac0+0x0000000000000604]
J 4859 c1 com.sun.javafx.application.PlatformImpl$$Lambda+0x0000024190086cc0.run()V javafx.graphics (12 bytes) @ 0x000002418097a954 [0x000002418097a8c0+0x0000000000000094]
J 4502 c1 com.sun.glass.ui.InvokeLaterDispatcher$Future.run()V javafx.graphics (91 bytes) @ 0x00000241808a239c [0x00000241808a2280+0x000000000000011c]
v  ~StubRoutines::call_stub 0x000002418745100d
j  com.sun.glass.ui.win.WinApplication._enterNestedEventLoopImpl()Ljava/lang/Object;+0 javafx.graphics
j  com.sun.glass.ui.win.WinApplication._enterNestedEventLoop()Ljava/lang/Object;+15 javafx.graphics
j  com.sun.glass.ui.Application.enterNestedEventLoop()Ljava/lang/Object;+14 javafx.graphics
j  com.sun.glass.ui.EventLoop.enter()Ljava/lang/Object;+42 javafx.graphics
j  com.sun.javafx.tk.quantum.QuantumToolkit.enterNestedEventLoop(Ljava/lang/Object;)Ljava/lang/Object;+95 javafx.graphics
j  javafx.stage.Stage.showAndWait()V+93 javafx.graphics
j  javafx.scene.control.HeavyweightDialog.showAndWait()V+22 javafx.controls
j  javafx.scene.control.Dialog.showAndWait()Ljava/util/Optional;+86 javafx.controls
j  com.example.livecycle.controllers.auth.FaceAuthController.showAlert(Ljava/lang/String;Ljava/lang/String;)V+27 com.example.livecycle
j  com.example.livecycle.controllers.auth.FaceAuthController.lambda$handleFaceLogin$12(Ljava/lang/Exception;)V+24 com.example.livecycle
j  com.example.livecycle.controllers.auth.FaceAuthController$$Lambda+0x00000241904a5290.run()V+8 com.example.livecycle
J 4862 c1 com.sun.javafx.application.PlatformImpl$$Lambda+0x0000024190087d10.run()Ljava/lang/Object; javafx.graphics (8 bytes) @ 0x000002418097b18c [0x000002418097b040+0x000000000000014c]
J 4860 c1 com.sun.javafx.application.PlatformImpl.lambda$runLater$11(Ljava/lang/Runnable;Ljava/security/AccessControlContext;)V javafx.graphics (41 bytes) @ 0x000002418097c0c4 [0x000002418097bac0+0x0000000000000604]
J 4859 c1 com.sun.javafx.application.PlatformImpl$$Lambda+0x0000024190086cc0.run()V javafx.graphics (12 bytes) @ 0x000002418097a954 [0x000002418097a8c0+0x0000000000000094]
J 4502 c1 com.sun.glass.ui.InvokeLaterDispatcher$Future.run()V javafx.graphics (91 bytes) @ 0x00000241808a239c [0x00000241808a2280+0x000000000000011c]
v  ~StubRoutines::call_stub 0x000002418745100d
j  com.sun.glass.ui.win.WinApplication._enterNestedEventLoopImpl()Ljava/lang/Object;+0 javafx.graphics
j  com.sun.glass.ui.win.WinApplication._enterNestedEventLoop()Ljava/lang/Object;+15 javafx.graphics
j  com.sun.glass.ui.Application.enterNestedEventLoop()Ljava/lang/Object;+14 javafx.graphics
j  com.sun.glass.ui.EventLoop.enter()Ljava/lang/Object;+42 javafx.graphics
j  com.sun.javafx.tk.quantum.QuantumToolkit.enterNestedEventLoop(Ljava/lang/Object;)Ljava/lang/Object;+95 javafx.graphics
j  javafx.stage.Stage.showAndWait()V+93 javafx.graphics
j  javafx.scene.control.HeavyweightDialog.showAndWait()V+22 javafx.controls
j  javafx.scene.control.Dialog.showAndWait()Ljava/util/Optional;+86 javafx.controls
j  com.example.livecycle.controllers.auth.FaceAuthController.showAlert(Ljava/lang/String;Ljava/lang/String;)V+27 com.example.livecycle
j  com.example.livecycle.controllers.auth.FaceAuthController.lambda$handleFaceLogin$12(Ljava/lang/Exception;)V+24 com.example.livecycle
j  com.example.livecycle.controllers.auth.FaceAuthController$$Lambda+0x00000241904a5290.run()V+8 com.example.livecycle
J 4862 c1 com.sun.javafx.application.PlatformImpl$$Lambda+0x0000024190087d10.run()Ljava/lang/Object; javafx.graphics (8 bytes) @ 0x000002418097b18c [0x000002418097b040+0x000000000000014c]
J 4860 c1 com.sun.javafx.application.PlatformImpl.lambda$runLater$11(Ljava/lang/Runnable;Ljava/security/AccessControlContext;)V javafx.graphics (41 bytes) @ 0x000002418097c0c4 [0x000002418097bac0+0x0000000000000604]
J 4859 c1 com.sun.javafx.application.PlatformImpl$$Lambda+0x0000024190086cc0.run()V javafx.graphics (12 bytes) @ 0x000002418097a954 [0x000002418097a8c0+0x0000000000000094]
J 4502 c1 com.sun.glass.ui.InvokeLaterDispatcher$Future.run()V javafx.graphics (91 bytes) @ 0x00000241808a239c [0x00000241808a2280+0x000000000000011c]
v  ~StubRoutines::call_stub 0x000002418745100d
j  com.sun.glass.ui.win.WinApplication._enterNestedEventLoopImpl()Ljava/lang/Object;+0 javafx.graphics
j  com.sun.glass.ui.win.WinApplication._enterNestedEventLoop()Ljava/lang/Object;+15 javafx.graphics
j  com.sun.glass.ui.Application.enterNestedEventLoop()Ljava/lang/Object;+14 javafx.graphics
j  com.sun.glass.ui.EventLoop.enter()Ljava/lang/Object;+42 javafx.graphics
j  com.sun.javafx.tk.quantum.QuantumToolkit.enterNestedEventLoop(Ljava/lang/Object;)Ljava/lang/Object;+95 javafx.graphics
j  javafx.stage.Stage.showAndWait()V+93 javafx.graphics
j  javafx.scene.control.HeavyweightDialog.showAndWait()V+22 javafx.controls
j  javafx.scene.control.Dialog.showAndWait()Ljava/util/Optional;+86 javafx.controls
j  com.example.livecycle.controllers.auth.FaceAuthController.showAlert(Ljava/lang/String;Ljava/lang/String;)V+27 com.example.livecycle
j  com.example.livecycle.controllers.auth.FaceAuthController.lambda$handleFaceLogin$12(Ljava/lang/Exception;)V+24 com.example.livecycle
j  com.example.livecycle.controllers.auth.FaceAuthController$$Lambda+0x00000241904a5290.run()V+8 com.example.livecycle
J 4862 c1 com.sun.javafx.application.PlatformImpl$$Lambda+0x0000024190087d10.run()Ljava/lang/Object; javafx.graphics (8 bytes) @ 0x000002418097b18c [0x000002418097b040+0x000000000000014c]
J 4860 c1 com.sun.javafx.application.PlatformImpl.lambda$runLater$11(Ljava/lang/Runnable;Ljava/security/AccessControlContext;)V javafx.graphics (41 bytes) @ 0x000002418097c0c4 [0x000002418097bac0+0x0000000000000604]
J 4859 c1 com.sun.javafx.application.PlatformImpl$$Lambda+0x0000024190086cc0.run()V javafx.graphics (12 bytes) @ 0x000002418097a954 [0x000002418097a8c0+0x0000000000000094]
J 4502 c1 com.sun.glass.ui.InvokeLaterDispatcher$Future.run()V javafx.graphics (91 bytes) @ 0x00000241808a239c [0x00000241808a2280+0x000000000000011c]
v  ~StubRoutines::call_stub 0x000002418745100d
j  com.sun.glass.ui.win.WinApplication._enterNestedEventLoopImpl()Ljava/lang/Object;+0 javafx.graphics
j  com.sun.glass.ui.win.WinApplication._enterNestedEventLoop()Ljava/lang/Object;+15 javafx.graphics
j  com.sun.glass.ui.Application.enterNestedEventLoop()Ljava/lang/Object;+14 javafx.graphics
j  com.sun.glass.ui.EventLoop.enter()Ljava/lang/Object;+42 javafx.graphics
j  com.sun.javafx.tk.quantum.QuantumToolkit.enterNestedEventLoop(Ljava/lang/Object;)Ljava/lang/Object;+95 javafx.graphics
j  javafx.stage.Stage.showAndWait()V+93 javafx.graphics
j  javafx.scene.control.HeavyweightDialog.showAndWait()V+22 javafx.controls
j  javafx.scene.control.Dialog.showAndWait()Ljava/util/Optional;+86 javafx.controls
j  com.example.livecycle.controllers.auth.FaceAuthController.showAlert(Ljava/lang/String;Ljava/lang/String;)V+27 com.example.livecycle
j  com.example.livecycle.controllers.auth.FaceAuthController.lambda$handleFaceLogin$12(Ljava/lang/Exception;)V+24 com.example.livecycle
j  com.example.livecycle.controllers.auth.FaceAuthController$$Lambda+0x00000241904a5290.run()V+8 com.example.livecycle
J 4862 c1 com.sun.javafx.application.PlatformImpl$$Lambda+0x0000024190087d10.run()Ljava/lang/Object; javafx.graphics (8 bytes) @ 0x000002418097b18c [0x000002418097b040+0x000000000000014c]
J 4860 c1 com.sun.javafx.application.PlatformImpl.lambda$runLater$11(Ljava/lang/Runnable;Ljava/security/AccessControlContext;)V javafx.graphics (41 bytes) @ 0x000002418097c0c4 [0x000002418097bac0+0x0000000000000604]
J 4859 c1 com.sun.javafx.application.PlatformImpl$$Lambda+0x0000024190086cc0.run()V javafx.graphics (12 bytes) @ 0x000002418097a954 [0x000002418097a8c0+0x0000000000000094]
J 4502 c1 com.sun.glass.ui.InvokeLaterDispatcher$Future.run()V javafx.graphics (91 bytes) @ 0x00000241808a239c [0x00000241808a2280+0x000000000000011c]
v  ~StubRoutines::call_stub 0x000002418745100d
j  com.sun.glass.ui.win.WinApplication._enterNestedEventLoopImpl()Ljava/lang/Object;+0 javafx.graphics
j  com.sun.glass.ui.win.WinApplication._enterNestedEventLoop()Ljava/lang/Object;+15 javafx.graphics
j  com.sun.glass.ui.Application.enterNestedEventLoop()Ljava/lang/Object;+14 javafx.graphics
j  com.sun.glass.ui.EventLoop.enter()Ljava/lang/Object;+42 javafx.graphics
j  com.sun.javafx.tk.quantum.QuantumToolkit.enterNestedEventLoop(Ljava/lang/Object;)Ljava/lang/Object;+95 javafx.graphics
j  javafx.stage.Stage.showAndWait()V+93 javafx.graphics
j  javafx.scene.control.HeavyweightDialog.showAndWait()V+22 javafx.controls
j  javafx.scene.control.Dialog.showAndWait()Ljava/util/Optional;+86 javafx.controls
j  com.example.livecycle.controllers.auth.FaceAuthController.showAlert(Ljava/lang/String;Ljava/lang/String;)V+27 com.example.livecycle
j  com.example.livecycle.controllers.auth.FaceAuthController.lambda$handleFaceLogin$12(Ljava/lang/Exception;)V+24 com.example.livecycle
j  com.example.livecycle.controllers.auth.FaceAuthController$$Lambda+0x00000241904a5290.run()V+8 com.example.livecycle
J 4862 c1 com.sun.javafx.application.PlatformImpl$$Lambda+0x0000024190087d10.run()Ljava/lang/Object; javafx.graphics (8 bytes) @ 0x000002418097b18c [0x000002418097b040+0x000000000000014c]
J 4860 c1 com.sun.javafx.application.PlatformImpl.lambda$runLater$11(Ljava/lang/Runnable;Ljava/security/AccessControlContext;)V javafx.graphics (41 bytes) @ 0x000002418097c0c4 [0x000002418097bac0+0x0000000000000604]
J 4859 c1 com.sun.javafx.application.PlatformImpl$$Lambda+0x0000024190086cc0.run()V javafx.graphics (12 bytes) @ 0x000002418097a954 [0x000002418097a8c0+0x0000000000000094]
J 4502 c1 com.sun.glass.ui.InvokeLaterDispatcher$Future.run()V javafx.graphics (91 bytes) @ 0x00000241808a239c [0x00000241808a2280+0x000000000000011c]
v  ~StubRoutines::call_stub 0x000002418745100d
j  com.sun.glass.ui.win.WinApplication._enterNestedEventLoopImpl()Ljava/lang/Object;+0 javafx.graphics
j  com.sun.glass.ui.win.WinApplication._enterNestedEventLoop()Ljava/lang/Object;+15 javafx.graphics
j  com.sun.glass.ui.Application.enterNestedEventLoop()Ljava/lang/Object;+14 javafx.graphics
j  com.sun.glass.ui.EventLoop.enter()Ljava/lang/Object;+42 javafx.graphics
j  com.sun.javafx.tk.quantum.QuantumToolkit.enterNestedEventLoop(Ljava/lang/Object;)Ljava/lang/Object;+95 javafx.graphics
j  javafx.stage.Stage.showAndWait()V+93 javafx.graphics
j  javafx.scene.control.HeavyweightDialog.showAndWait()V+22 javafx.controls
j  javafx.scene.control.Dialog.showAndWait()Ljava/util/Optional;+86 javafx.controls
j  com.example.livecycle.controllers.auth.FaceAuthController.showAlert(Ljava/lang/String;Ljava/lang/String;)V+27 com.example.livecycle
j  com.example.livecycle.controllers.auth.FaceAuthController.lambda$handleFaceLogin$12(Ljava/lang/Exception;)V+24 com.example.livecycle
j  com.example.livecycle.controllers.auth.FaceAuthController$$Lambda+0x00000241904a5290.run()V+8 com.example.livecycle
J 4862 c1 com.sun.javafx.application.PlatformImpl$$Lambda+0x0000024190087d10.run()Ljava/lang/Object; javafx.graphics (8 bytes) @ 0x000002418097b18c [0x000002418097b040+0x000000000000014c]
J 4860 c1 com.sun.javafx.application.PlatformImpl.lambda$runLater$11(Ljava/lang/Runnable;Ljava/security/AccessControlContext;)V javafx.graphics (41 bytes) @ 0x000002418097c0c4 [0x000002418097bac0+0x0000000000000604]
J 4859 c1 com.sun.javafx.application.PlatformImpl$$Lambda+0x0000024190086cc0.run()V javafx.graphics (12 bytes) @ 0x000002418097a954 [0x000002418097a8c0+0x0000000000000094]
J 4502 c1 com.sun.glass.ui.InvokeLaterDispatcher$Future.run()V javafx.graphics (91 bytes) @ 0x00000241808a239c [0x00000241808a2280+0x000000000000011c]
v  ~StubRoutines::call_stub 0x000002418745100d
j  com.sun.glass.ui.win.WinApplication._enterNestedEventLoopImpl()Ljava/lang/Object;+0 javafx.graphics
j  com.sun.glass.ui.win.WinApplication._enterNestedEventLoop()Ljava/lang/Object;+15 javafx.graphics
j  com.sun.glass.ui.Application.enterNestedEventLoop()Ljava/lang/Object;+14 javafx.graphics
j  com.sun.glass.ui.EventLoop.enter()Ljava/lang/Object;+42 javafx.graphics
j  com.sun.javafx.tk.quantum.QuantumToolkit.enterNestedEventLoop(Ljava/lang/Object;)Ljava/lang/Object;+95 javafx.graphics
j  javafx.stage.Stage.showAndWait()V+93 javafx.graphics
j  javafx.scene.control.HeavyweightDialog.showAndWait()V+22 javafx.controls
j  javafx.scene.control.Dialog.showAndWait()Ljava/util/Optional;+86 javafx.controls
j  com.example.livecycle.controllers.auth.FaceAuthController.showAlert(Ljava/lang/String;Ljava/lang/String;)V+27 com.example.livecycle
j  com.example.livecycle.controllers.auth.FaceAuthController.lambda$handleFaceLogin$12(Ljava/lang/Exception;)V+24 com.example.livecycle
j  com.example.livecycle.controllers.auth.FaceAuthController$$Lambda+0x00000241904a5290.run()V+8 com.example.livecycle
J 4862 c1 com.sun.javafx.application.PlatformImpl$$Lambda+0x0000024190087d10.run()Ljava/lang/Object; javafx.graphics (8 bytes) @ 0x000002418097b18c [0x000002418097b040+0x000000000000014c]
J 4860 c1 com.sun.javafx.application.PlatformImpl.lambda$runLater$11(Ljava/lang/Runnable;Ljava/security/AccessControlContext;)V javafx.graphics (41 bytes) @ 0x000002418097c0c4 [0x000002418097bac0+0x0000000000000604]
J 4859 c1 com.sun.javafx.application.PlatformImpl$$Lambda+0x0000024190086cc0.run()V javafx.graphics (12 bytes) @ 0x000002418097a954 [0x000002418097a8c0+0x0000000000000094]
J 4502 c1 com.sun.glass.ui.InvokeLaterDispatcher$Future.run()V javafx.graphics (91 bytes) @ 0x00000241808a239c [0x00000241808a2280+0x000000000000011c]
v  ~StubRoutines::call_stub 0x000002418745100d
j  com.sun.glass.ui.win.WinApplication._enterNestedEventLoopImpl()Ljava/lang/Object;+0 javafx.graphics
j  com.sun.glass.ui.win.WinApplication._enterNestedEventLoop()Ljava/lang/Object;+15 javafx.graphics
j  com.sun.glass.ui.Application.enterNestedEventLoop()Ljava/lang/Object;+14 javafx.graphics
j  com.sun.glass.ui.EventLoop.enter()Ljava/lang/Object;+42 javafx.graphics
j  com.sun.javafx.tk.quantum.QuantumToolkit.enterNestedEventLoop(Ljava/lang/Object;)Ljava/lang/Object;+95 javafx.graphics
j  javafx.stage.Stage.showAndWait()V+93 javafx.graphics
j  javafx.scene.control.HeavyweightDialog.showAndWait()V+22 javafx.controls
j  javafx.scene.control.Dialog.showAndWait()Ljava/util/Optional;+86 javafx.controls
j  com.example.livecycle.controllers.auth.FaceAuthController.showAlert(Ljava/lang/String;Ljava/lang/String;)V+27 com.example.livecycle
j  com.example.livecycle.controllers.auth.FaceAuthController.lambda$handleFaceLogin$12(Ljava/lang/Exception;)V+24 com.example.livecycle
j  com.example.livecycle.controllers.auth.FaceAuthController$$Lambda+0x00000241904a5290.run()V+8 com.example.livecycle
J 4862 c1 com.sun.javafx.application.PlatformImpl$$Lambda+0x0000024190087d10.run()Ljava/lang/Object; javafx.graphics (8 bytes) @ 0x000002418097b18c [0x000002418097b040+0x000000000000014c]
J 4860 c1 com.sun.javafx.application.PlatformImpl.lambda$runLater$11(Ljava/lang/Runnable;Ljava/security/AccessControlContext;)V javafx.graphics (41 bytes) @ 0x000002418097c0c4 [0x000002418097bac0+0x0000000000000604]
J 4859 c1 com.sun.javafx.application.PlatformImpl$$Lambda+0x0000024190086cc0.run()V javafx.graphics (12 bytes) @ 0x000002418097a954 [0x000002418097a8c0+0x0000000000000094]
J 4502 c1 com.sun.glass.ui.InvokeLaterDispatcher$Future.run()V javafx.graphics (91 bytes) @ 0x00000241808a239c [0x00000241808a2280+0x000000000000011c]
v  ~StubRoutines::call_stub 0x000002418745100d
j  com.sun.glass.ui.win.WinApplication._enterNestedEventLoopImpl()Ljava/lang/Object;+0 javafx.graphics
j  com.sun.glass.ui.win.WinApplication._enterNestedEventLoop()Ljava/lang/Object;+15 javafx.graphics
j  com.sun.glass.ui.Application.enterNestedEventLoop()Ljava/lang/Object;+14 javafx.graphics
j  com.sun.glass.ui.EventLoop.enter()Ljava/lang/Object;+42 javafx.graphics
j  com.sun.javafx.tk.quantum.QuantumToolkit.enterNestedEventLoop(Ljava/lang/Object;)Ljava/lang/Object;+95 javafx.graphics
j  javafx.stage.Stage.showAndWait()V+93 javafx.graphics
j  javafx.scene.control.HeavyweightDialog.showAndWait()V+22 javafx.controls
j  javafx.scene.control.Dialog.showAndWait()Ljava/util/Optional;+86 javafx.controls
j  com.example.livecycle.controllers.auth.FaceAuthController.showAlert(Ljava/lang/String;Ljava/lang/String;)V+27 com.example.livecycle
j  com.example.livecycle.controllers.auth.FaceAuthController.lambda$handleFaceLogin$12(Ljava/lang/Exception;)V+24 com.example.livecycle
j  com.example.livecycle.controllers.auth.FaceAuthController$$Lambda+0x00000241904a5290.run()V+8 com.example.livecycle
J 4862 c1 com.sun.javafx.application.PlatformImpl$$Lambda+0x0000024190087d10.run()Ljava/lang/Object; javafx.graphics (8 bytes) @ 0x000002418097b18c [0x000002418097b040+0x000000000000014c]
J 4860 c1 com.sun.javafx.application.PlatformImpl.lambda$runLater$11(Ljava/lang/Runnable;Ljava/security/AccessControlContext;)V javafx.graphics (41 bytes) @ 0x000002418097c0c4 [0x000002418097bac0+0x0000000000000604]
J 4859 c1 com.sun.javafx.application.PlatformImpl$$Lambda+0x0000024190086cc0.run()V javafx.graphics (12 bytes) @ 0x000002418097a954 [0x000002418097a8c0+0x0000000000000094]
J 4502 c1 com.sun.glass.ui.InvokeLaterDispatcher$Future.run()V javafx.graphics (91 bytes) @ 0x00000241808a239c [0x00000241808a2280+0x000000000000011c]
v  ~StubRoutines::call_stub 0x000002418745100d
j  com.sun.glass.ui.win.WinApplication._enterNestedEventLoopImpl()Ljava/lang/Object;+0 javafx.graphics
j  com.sun.glass.ui.win.WinApplication._enterNestedEventLoop()Ljava/lang/Object;+15 javafx.graphics
j  com.sun.glass.ui.Application.enterNestedEventLoop()Ljava/lang/Object;+14 javafx.graphics
j  com.sun.glass.ui.EventLoop.enter()Ljava/lang/Object;+42 javafx.graphics
j  com.sun.javafx.tk.quantum.QuantumToolkit.enterNestedEventLoop(Ljava/lang/Object;)Ljava/lang/Object;+95 javafx.graphics
j  javafx.stage.Stage.showAndWait()V+93 javafx.graphics
j  javafx.scene.control.HeavyweightDialog.showAndWait()V+22 javafx.controls
j  javafx.scene.control.Dialog.showAndWait()Ljava/util/Optional;+86 javafx.controls
j  com.example.livecycle.controllers.auth.FaceAuthController.showAlert(Ljava/lang/String;Ljava/lang/String;)V+27 com.example.livecycle
j  com.example.livecycle.controllers.auth.FaceAuthController.lambda$handleFaceLogin$12(Ljava/lang/Exception;)V+24 com.example.livecycle
j  com.example.livecycle.controllers.auth.FaceAuthController$$Lambda+0x00000241904a5290.run()V+8 com.example.livecycle
J 4862 c1 com.sun.javafx.application.PlatformImpl$$Lambda+0x0000024190087d10.run()Ljava/lang/Object; javafx.graphics (8 bytes) @ 0x000002418097b18c [0x000002418097b040+0x000000000000014c]
J 4860 c1 com.sun.javafx.application.PlatformImpl.lambda$runLater$11(Ljava/lang/Runnable;Ljava/security/AccessControlContext;)V javafx.graphics (41 bytes) @ 0x000002418097c0c4 [0x000002418097bac0+0x0000000000000604]
J 4859 c1 com.sun.javafx.application.PlatformImpl$$Lambda+0x0000024190086cc0.run()V javafx.graphics (12 bytes) @ 0x000002418097a954 [0x000002418097a8c0+0x0000000000000094]
J 4502 c1 com.sun.glass.ui.InvokeLaterDispatcher$Future.run()V javafx.graphics (91 bytes) @ 0x00000241808a239c [0x00000241808a2280+0x000000000000011c]
v  ~StubRoutines::call_stub 0x000002418745100d
j  com.sun.glass.ui.win.WinApplication._enterNestedEventLoopImpl()Ljava/lang/Object;+0 javafx.graphics
j  com.sun.glass.ui.win.WinApplication._enterNestedEventLoop()Ljava/lang/Object;+15 javafx.graphics
j  com.sun.glass.ui.Application.enterNestedEventLoop()Ljava/lang/Object;+14 javafx.graphics
j  com.sun.glass.ui.EventLoop.enter()Ljava/lang/Object;+42 javafx.graphics
j  com.sun.javafx.tk.quantum.QuantumToolkit.enterNestedEventLoop(Ljava/lang/Object;)Ljava/lang/Object;+95 javafx.graphics
j  javafx.stage.Stage.showAndWait()V+93 javafx.graphics
j  javafx.scene.control.HeavyweightDialog.showAndWait()V+22 javafx.controls
j  javafx.scene.control.Dialog.showAndWait()Ljava/util/Optional;+86 javafx.controls
j  com.example.livecycle.controllers.auth.FaceAuthController.showAlert(Ljava/lang/String;Ljava/lang/String;)V+27 com.example.livecycle
j  com.example.livecycle.controllers.auth.FaceAuthController.lambda$handleFaceLogin$12(Ljava/lang/Exception;)V+24 com.example.livecycle
j  com.example.livecycle.controllers.auth.FaceAuthController$$Lambda+0x00000241904a5290.run()V+8 com.example.livecycle
J 4862 c1 com.sun.javafx.application.PlatformImpl$$Lambda+0x0000024190087d10.run()Ljava/lang/Object; javafx.graphics (8 bytes) @ 0x000002418097b18c [0x000002418097b040+0x000000000000014c]
J 4860 c1 com.sun.javafx.application.PlatformImpl.lambda$runLater$11(Ljava/lang/Runnable;Ljava/security/AccessControlContext;)V javafx.graphics (41 bytes) @ 0x000002418097c0c4 [0x000002418097bac0+0x0000000000000604]
J 4859 c1 com.sun.javafx.application.PlatformImpl$$Lambda+0x0000024190086cc0.run()V javafx.graphics (12 bytes) @ 0x000002418097a954 [0x000002418097a8c0+0x0000000000000094]
J 4502 c1 com.sun.glass.ui.InvokeLaterDispatcher$Future.run()V javafx.graphics (91 bytes) @ 0x00000241808a239c [0x00000241808a2280+0x000000000000011c]
v  ~StubRoutines::call_stub 0x000002418745100d
j  com.sun.glass.ui.win.WinApplication._enterNestedEventLoopImpl()Ljava/lang/Object;+0 javafx.graphics
j  com.sun.glass.ui.win.WinApplication._enterNestedEventLoop()Ljava/lang/Object;+15 javafx.graphics
j  com.sun.glass.ui.Application.enterNestedEventLoop()Ljava/lang/Object;+14 javafx.graphics
j  com.sun.glass.ui.EventLoop.enter()Ljava/lang/Object;+42 javafx.graphics
j  com.sun.javafx.tk.quantum.QuantumToolkit.enterNestedEventLoop(Ljava/lang/Object;)Ljava/lang/Object;+95 javafx.graphics
j  javafx.stage.Stage.showAndWait()V+93 javafx.graphics
j  javafx.scene.control.HeavyweightDialog.showAndWait()V+22 javafx.controls
j  javafx.scene.control.Dialog.showAndWait()Ljava/util/Optional;+86 javafx.controls
j  com.example.livecycle.controllers.auth.FaceAuthController.showAlert(Ljava/lang/String;Ljava/lang/String;)V+27 com.example.livecycle
j  com.example.livecycle.controllers.auth.FaceAuthController.lambda$handleFaceLogin$12(Ljava/lang/Exception;)V+24 com.example.livecycle
j  com.example.livecycle.controllers.auth.FaceAuthController$$Lambda+0x00000241904a5290.run()V+8 com.example.livecycle
J 4862 c1 com.sun.javafx.application.PlatformImpl$$Lambda+0x0000024190087d10.run()Ljava/lang/Object; javafx.graphics (8 bytes) @ 0x000002418097b18c [0x000002418097b040+0x000000000000014c]
J 4860 c1 com.sun.javafx.application.PlatformImpl.lambda$runLater$11(Ljava/lang/Runnable;Ljava/security/AccessControlContext;)V javafx.graphics (41 bytes) @ 0x000002418097c0c4 [0x000002418097bac0+0x0000000000000604]
J 4859 c1 com.sun.javafx.application.PlatformImpl$$Lambda+0x0000024190086cc0.run()V javafx.graphics (12 bytes) @ 0x000002418097a954 [0x000002418097a8c0+0x0000000000000094]
J 4502 c1 com.sun.glass.ui.InvokeLaterDispatcher$Future.run()V javafx.graphics (91 bytes) @ 0x00000241808a239c [0x00000241808a2280+0x000000000000011c]
v  ~StubRoutines::call_stub 0x000002418745100d
j  com.sun.glass.ui.win.WinApplication._enterNestedEventLoopImpl()Ljava/lang/Object;+0 javafx.graphics
j  com.sun.glass.ui.win.WinApplication._enterNestedEventLoop()Ljava/lang/Object;+15 javafx.graphics
j  com.sun.glass.ui.Application.enterNestedEventLoop()Ljava/lang/Object;+14 javafx.graphics
j  com.sun.glass.ui.EventLoop.enter()Ljava/lang/Object;+42 javafx.graphics
j  com.sun.javafx.tk.quantum.QuantumToolkit.enterNestedEventLoop(Ljava/lang/Object;)Ljava/lang/Object;+95 javafx.graphics
j  javafx.stage.Stage.showAndWait()V+93 javafx.graphics
j  javafx.scene.control.HeavyweightDialog.showAndWait()V+22 javafx.controls
j  javafx.scene.control.Dialog.showAndWait()Ljava/util/Optional;+86 javafx.controls
j  com.example.livecycle.controllers.auth.FaceAuthController.showAlert(Ljava/lang/String;Ljava/lang/String;)V+27 com.example.livecycle
j  com.example.livecycle.controllers.auth.FaceAuthController.lambda$handleFaceLogin$12(Ljava/lang/Exception;)V+24 com.example.livecycle
j  com.example.livecycle.controllers.auth.FaceAuthController$$Lambda+0x00000241904a5290.run()V+8 com.example.livecycle
J 4862 c1 com.sun.javafx.application.PlatformImpl$$Lambda+0x0000024190087d10.run()Ljava/lang/Object; javafx.graphics (8 bytes) @ 0x000002418097b18c [0x000002418097b040+0x000000000000014c]
J 4860 c1 com.sun.javafx.application.PlatformImpl.lambda$runLater$11(Ljava/lang/Runnable;Ljava/security/AccessControlContext;)V javafx.graphics (41 bytes) @ 0x000002418097c0c4 [0x000002418097bac0+0x0000000000000604]
J 4859 c1 com.sun.javafx.application.PlatformImpl$$Lambda+0x0000024190086cc0.run()V javafx.graphics (12 bytes) @ 0x000002418097a954 [0x000002418097a8c0+0x0000000000000094]
J 4502 c1 com.sun.glass.ui.InvokeLaterDispatcher$Future.run()V javafx.graphics (91 bytes) @ 0x00000241808a239c [0x00000241808a2280+0x000000000000011c]
v  ~StubRoutines::call_stub 0x000002418745100d
j  com.sun.glass.ui.win.WinApplication._enterNestedEventLoopImpl()Ljava/lang/Object;+0 javafx.graphics
j  com.sun.glass.ui.win.WinApplication._enterNestedEventLoop()Ljava/lang/Object;+15 javafx.graphics
j  com.sun.glass.ui.Application.enterNestedEventLoop()Ljava/lang/Object;+14 javafx.graphics
j  com.sun.glass.ui.EventLoop.enter()Ljava/lang/Object;+42 javafx.graphics
j  com.sun.javafx.tk.quantum.QuantumToolkit.enterNestedEventLoop(Ljava/lang/Object;)Ljava/lang/Object;+95 javafx.graphics
j  javafx.stage.Stage.showAndWait()V+93 javafx.graphics
j  javafx.scene.control.HeavyweightDialog.showAndWait()V+22 javafx.controls
j  javafx.scene.control.Dialog.showAndWait()Ljava/util/Optional;+86 javafx.controls
j  com.example.livecycle.controllers.auth.FaceAuthController.showAlert(Ljava/lang/String;Ljava/lang/String;)V+27 com.example.livecycle
j  com.example.livecycle.controllers.auth.FaceAuthController.lambda$handleFaceLogin$12(Ljava/lang/Exception;)V+24 com.example.livecycle
j  com.example.livecycle.controllers.auth.FaceAuthController$$Lambda+0x00000241904a5290.run()V+8 com.example.livecycle
J 4862 c1 com.sun.javafx.application.PlatformImpl$$Lambda+0x0000024190087d10.run()Ljava/lang/Object; javafx.graphics (8 bytes) @ 0x000002418097b18c [0x000002418097b040+0x000000000000014c]
J 4860 c1 com.sun.javafx.application.PlatformImpl.lambda$runLater$11(Ljava/lang/Runnable;Ljava/security/AccessControlContext;)V javafx.graphics (41 bytes) @ 0x000002418097c0c4 [0x000002418097bac0+0x0000000000000604]
J 4859 c1 com.sun.javafx.application.PlatformImpl$$Lambda+0x0000024190086cc0.run()V javafx.graphics (12 bytes) @ 0x000002418097a954 [0x000002418097a8c0+0x0000000000000094]
J 4502 c1 com.sun.glass.ui.InvokeLaterDispatcher$Future.run()V javafx.graphics (91 bytes) @ 0x00000241808a239c [0x00000241808a2280+0x000000000000011c]
v  ~StubRoutines::call_stub 0x000002418745100d
j  com.sun.glass.ui.win.WinApplication._enterNestedEventLoopImpl()Ljava/lang/Object;+0 javafx.graphics
j  com.sun.glass.ui.win.WinApplication._enterNestedEventLoop()Ljava/lang/Object;+15 javafx.graphics
j  com.sun.glass.ui.Application.enterNestedEventLoop()Ljava/lang/Object;+14 javafx.graphics
j  com.sun.glass.ui.EventLoop.enter()Ljava/lang/Object;+42 javafx.graphics
j  com.sun.javafx.tk.quantum.QuantumToolkit.enterNestedEventLoop(Ljava/lang/Object;)Ljava/lang/Object;+95 javafx.graphics
j  javafx.stage.Stage.showAndWait()V+93 javafx.graphics
j  javafx.scene.control.HeavyweightDialog.showAndWait()V+22 javafx.controls
j  javafx.scene.control.Dialog.showAndWait()Ljava/util/Optional;+86 javafx.controls
j  com.example.livecycle.controllers.auth.FaceAuthController.showAlert(Ljava/lang/String;Ljava/lang/String;)V+27 com.example.livecycle
j  com.example.livecycle.controllers.auth.FaceAuthController.lambda$handleFaceLogin$12(Ljava/lang/Exception;)V+24 com.example.livecycle
j  com.example.livecycle.controllers.auth.FaceAuthController$$Lambda+0x00000241904a5290.run()V+8 com.example.livecycle
J 4862 c1 com.sun.javafx.application.PlatformImpl$$Lambda+0x0000024190087d10.run()Ljava/lang/Object; javafx.graphics (8 bytes) @ 0x000002418097b18c [0x000002418097b040+0x000000000000014c]
J 4860 c1 com.sun.javafx.application.PlatformImpl.lambda$runLater$11(Ljava/lang/Runnable;Ljava/security/AccessControlContext;)V javafx.graphics (41 bytes) @ 0x000002418097c0c4 [0x000002418097bac0+0x0000000000000604]
J 4859 c1 com.sun.javafx.application.PlatformImpl$$Lambda+0x0000024190086cc0.run()V javafx.graphics (12 bytes) @ 0x000002418097a954 [0x000002418097a8c0+0x0000000000000094]
J 4502 c1 com.sun.glass.ui.InvokeLaterDispatcher$Future.run()V javafx.graphics (91 bytes) @ 0x00000241808a239c [0x00000241808a2280+0x000000000000011c]
v  ~StubRoutines::call_stub 0x000002418745100d
j  com.sun.glass.ui.win.WinApplication._enterNestedEventLoopImpl()Ljava/lang/Object;+0 javafx.graphics
j  com.sun.glass.ui.win.WinApplication._enterNestedEventLoop()Ljava/lang/Object;+15 javafx.graphics
j  com.sun.glass.ui.Application.enterNestedEventLoop()Ljava/lang/Object;+14 javafx.graphics
j  com.sun.glass.ui.EventLoop.enter()Ljava/lang/Object;+42 javafx.graphics
j  com.sun.javafx.tk.quantum.QuantumToolkit.enterNestedEventLoop(Ljava/lang/Object;)Ljava/lang/Object;+95 javafx.graphics
j  javafx.stage.Stage.showAndWait()V+93 javafx.graphics
j  javafx.scene.control.HeavyweightDialog.showAndWait()V+22 javafx.controls
j  javafx.scene.control.Dialog.showAndWait()Ljava/util/Optional;+86 javafx.controls
j  com.example.livecycle.controllers.auth.FaceAuthController.showAlert(Ljava/lang/String;Ljava/lang/String;)V+27 com.example.livecycle
j  com.example.livecycle.controllers.auth.FaceAuthController.lambda$handleFaceLogin$12(Ljava/lang/Exception;)V+24 com.example.livecycle
j  com.example.livecycle.controllers.auth.FaceAuthController$$Lambda+0x00000241904a5290.run()V+8 com.example.livecycle
J 4862 c1 com.sun.javafx.application.PlatformImpl$$Lambda+0x0000024190087d10.run()Ljava/lang/Object; javafx.graphics (8 bytes) @ 0x000002418097b18c [0x000002418097b040+0x000000000000014c]
J 4860 c1 com.sun.javafx.application.PlatformImpl.lambda$runLater$11(Ljava/lang/Runnable;Ljava/security/AccessControlContext;)V javafx.graphics (41 bytes) @ 0x000002418097c0c4 [0x000002418097bac0+0x0000000000000604]
J 4859 c1 com.sun.javafx.application.PlatformImpl$$Lambda+0x0000024190086cc0.run()V javafx.graphics (12 bytes) @ 0x000002418097a954 [0x000002418097a8c0+0x0000000000000094]
J 4502 c1 com.sun.glass.ui.InvokeLaterDispatcher$Future.run()V javafx.graphics (91 bytes) @ 0x00000241808a239c [0x00000241808a2280+0x000000000000011c]
v  ~StubRoutines::call_stub 0x000002418745100d
j  com.sun.glass.ui.win.WinApplication._enterNestedEventLoopImpl()Ljava/lang/Object;+0 javafx.graphics
j  com.sun.glass.ui.win.WinApplication._enterNestedEventLoop()Ljava/lang/Object;+15 javafx.graphics
j  com.sun.glass.ui.Application.enterNestedEventLoop()Ljava/lang/Object;+14 javafx.graphics
j  com.sun.glass.ui.EventLoop.enter()Ljava/lang/Object;+42 javafx.graphics
j  com.sun.javafx.tk.quantum.QuantumToolkit.enterNestedEventLoop(Ljava/lang/Object;)Ljava/lang/Object;+95 javafx.graphics
j  javafx.stage.Stage.showAndWait()V+93 javafx.graphics
j  javafx.scene.control.HeavyweightDialog.showAndWait()V+22 javafx.controls
j  javafx.scene.control.Dialog.showAndWait()Ljava/util/Optional;+86 javafx.controls
j  com.example.livecycle.controllers.auth.FaceAuthController.showAlert(Ljava/lang/String;Ljava/lang/String;)V+27 com.example.livecycle
j  com.example.livecycle.controllers.auth.FaceAuthController.lambda$handleFaceLogin$12(Ljava/lang/Exception;)V+24 com.example.livecycle
j  com.example.livecycle.controllers.auth.FaceAuthController$$Lambda+0x00000241904a5290.run()V+8 com.example.livecycle
J 4862 c1 com.sun.javafx.application.PlatformImpl$$Lambda+0x0000024190087d10.run()Ljava/lang/Object; javafx.graphics (8 bytes) @ 0x000002418097b18c [0x000002418097b040+0x000000000000014c]
J 4860 c1 com.sun.javafx.application.PlatformImpl.lambda$runLater$11(Ljava/lang/Runnable;Ljava/security/AccessControlContext;)V javafx.graphics (41 bytes) @ 0x000002418097c0c4 [0x000002418097bac0+0x0000000000000604]
J 4859 c1 com.sun.javafx.application.PlatformImpl$$Lambda+0x0000024190086cc0.run()V javafx.graphics (12 bytes) @ 0x000002418097a954 [0x000002418097a8c0+0x0000000000000094]
J 4502 c1 com.sun.glass.ui.InvokeLaterDispatcher$Future.run()V javafx.graphics (91 bytes) @ 0x00000241808a239c [0x00000241808a2280+0x000000000000011c]
v  ~StubRoutines::call_stub 0x000002418745100d
j  com.sun.glass.ui.win.WinApplication._enterNestedEventLoopImpl()Ljava/lang/Object;+0 javafx.graphics
j  com.sun.glass.ui.win.WinApplication._enterNestedEventLoop()Ljava/lang/Object;+15 javafx.graphics
j  com.sun.glass.ui.Application.enterNestedEventLoop()Ljava/lang/Object;+14 javafx.graphics
j  com.sun.glass.ui.EventLoop.enter()Ljava/lang/Object;+42 javafx.graphics
j  com.sun.javafx.tk.quantum.QuantumToolkit.enterNestedEventLoop(Ljava/lang/Object;)Ljava/lang/Object;+95 javafx.graphics
j  javafx.stage.Stage.showAndWait()V+93 javafx.graphics
j  javafx.scene.control.HeavyweightDialog.showAndWait()V+22 javafx.controls
j  javafx.scene.control.Dialog.showAndWait()Ljava/util/Optional;+86 javafx.controls
j  com.example.livecycle.controllers.auth.FaceAuthController.showAlert(Ljava/lang/String;Ljava/lang/String;)V+27 com.example.livecycle
j  com.example.livecycle.controllers.auth.FaceAuthController.lambda$handleFaceLogin$12(Ljava/lang/Exception;)V+24 com.example.livecycle
j  com.example.livecycle.controllers.auth.FaceAuthController$$Lambda+0x00000241904a5290.run()V+8 com.example.livecycle
J 4862 c1 com.sun.javafx.application.PlatformImpl$$Lambda+0x0000024190087d10.run()Ljava/lang/Object; javafx.graphics (8 bytes) @ 0x000002418097b18c [0x000002418097b040+0x000000000000014c]
J 4860 c1 com.sun.javafx.application.PlatformImpl.lambda$runLater$11(Ljava/lang/Runnable;Ljava/security/AccessControlContext;)V javafx.graphics (41 bytes) @ 0x000002418097c0c4 [0x000002418097bac0+0x0000000000000604]
J 4859 c1 com.sun.javafx.application.PlatformImpl$$Lambda+0x0000024190086cc0.run()V javafx.graphics (12 bytes) @ 0x000002418097a954 [0x000002418097a8c0+0x0000000000000094]
J 4502 c1 com.sun.glass.ui.InvokeLaterDispatcher$Future.run()V javafx.graphics (91 bytes) @ 0x00000241808a239c [0x00000241808a2280+0x000000000000011c]
v  ~StubRoutines::call_stub 0x000002418745100d
j  com.sun.glass.ui.win.WinApplication._enterNestedEventLoopImpl()Ljava/lang/Object;+0 javafx.graphics
j  com.sun.glass.ui.win.WinApplication._enterNestedEventLoop()Ljava/lang/Object;+15 javafx.graphics
j  com.sun.glass.ui.Application.enterNestedEventLoop()Ljava/lang/Object;+14 javafx.graphics
j  com.sun.glass.ui.EventLoop.enter()Ljava/lang/Object;+42 javafx.graphics
j  com.sun.javafx.tk.quantum.QuantumToolkit.enterNestedEventLoop(Ljava/lang/Object;)Ljava/lang/Object;+95 javafx.graphics
j  javafx.stage.Stage.showAndWait()V+93 javafx.graphics
j  javafx.scene.control.HeavyweightDialog.showAndWait()V+22 javafx.controls
j  javafx.scene.control.Dialog.showAndWait()Ljava/util/Optional;+86 javafx.controls
j  com.example.livecycle.controllers.auth.FaceAuthController.showAlert(Ljava/lang/String;Ljava/lang/String;)V+27 com.example.livecycle
j  com.example.livecycle.controllers.auth.FaceAuthController.lambda$handleFaceLogin$12(Ljava/lang/Exception;)V+24 com.example.livecycle
j  com.example.livecycle.controllers.auth.FaceAuthController$$Lambda+0x00000241904a5290.run()V+8 com.example.livecycle
J 4862 c1 com.sun.javafx.application.PlatformImpl$$Lambda+0x0000024190087d10.run()Ljava/lang/Object; javafx.graphics (8 bytes) @ 0x000002418097b18c [0x000002418097b040+0x000000000000014c]
J 4860 c1 com.sun.javafx.application.PlatformImpl.lambda$runLater$11(Ljava/lang/Runnable;Ljava/security/AccessControlContext;)V javafx.graphics (41 bytes) @ 0x000002418097c0c4 [0x000002418097bac0+0x0000000000000604]
J 4859 c1 com.sun.javafx.application.PlatformImpl$$Lambda+0x0000024190086cc0.run()V javafx.graphics (12 bytes) @ 0x000002418097a954 [0x000002418097a8c0+0x0000000000000094]
J 4502 c1 com.sun.glass.ui.InvokeLaterDispatcher$Future.run()V javafx.graphics (91 bytes) @ 0x00000241808a239c [0x00000241808a2280+0x000000000000011c]
v  ~StubRoutines::call_stub 0x000002418745100d
j  com.sun.glass.ui.win.WinApplication._enterNestedEventLoopImpl()Ljava/lang/Object;+0 javafx.graphics
j  com.sun.glass.ui.win.WinApplication._enterNestedEventLoop()Ljava/lang/Object;+15 javafx.graphics
j  com.sun.glass.ui.Application.enterNestedEventLoop()Ljava/lang/Object;+14 javafx.graphics
j  com.sun.glass.ui.EventLoop.enter()Ljava/lang/Object;+42 javafx.graphics
j  com.sun.javafx.tk.quantum.QuantumToolkit.enterNestedEventLoop(Ljava/lang/Object;)Ljava/lang/Object;+95 javafx.graphics
j  javafx.stage.Stage.showAndWait()V+93 javafx.graphics
j  javafx.scene.control.HeavyweightDialog.showAndWait()V+22 javafx.controls
j  javafx.scene.control.Dialog.showAndWait()Ljava/util/Optional;+86 javafx.controls
j  com.example.livecycle.controllers.auth.FaceAuthController.showAlert(Ljava/lang/String;Ljava/lang/String;)V+27 com.example.livecycle
j  com.example.livecycle.controllers.auth.FaceAuthController.lambda$handleFaceLogin$12(Ljava/lang/Exception;)V+24 com.example.livecycle
j  com.example.livecycle.controllers.auth.FaceAuthController$$Lambda+0x00000241904a5290.run()V+8 com.example.livecycle
J 4862 c1 com.sun.javafx.application.PlatformImpl$$Lambda+0x0000024190087d10.run()Ljava/lang/Object; javafx.graphics (8 bytes) @ 0x000002418097b18c [0x000002418097b040+0x000000000000014c]
J 4860 c1 com.sun.javafx.application.PlatformImpl.lambda$runLater$11(Ljava/lang/Runnable;Ljava/security/AccessControlContext;)V javafx.graphics (41 bytes) @ 0x000002418097c0c4 [0x000002418097bac0+0x0000000000000604]
J 4859 c1 com.sun.javafx.application.PlatformImpl$$Lambda+0x0000024190086cc0.run()V javafx.graphics (12 bytes) @ 0x000002418097a954 [0x000002418097a8c0+0x0000000000000094]
J 4502 c1 com.sun.glass.ui.InvokeLaterDispatcher$Future.run()V javafx.graphics (91 bytes) @ 0x00000241808a239c [0x00000241808a2280+0x000000000000011c]
v  ~StubRoutines::call_stub 0x000002418745100d
j  com.sun.glass.ui.win.WinApplication._enterNestedEventLoopImpl()Ljava/lang/Object;+0 javafx.graphics
j  com.sun.glass.ui.win.WinApplication._enterNestedEventLoop()Ljava/lang/Object;+15 javafx.graphics
j  com.sun.glass.ui.Application.enterNestedEventLoop()Ljava/lang/Object;+14 javafx.graphics
j  com.sun.glass.ui.EventLoop.enter()Ljava/lang/Object;+42 javafx.graphics
j  com.sun.javafx.tk.quantum.QuantumToolkit.enterNestedEventLoop(Ljava/lang/Object;)Ljava/lang/Object;+95 javafx.graphics
j  javafx.stage.Stage.showAndWait()V+93 javafx.graphics
j  javafx.scene.control.HeavyweightDialog.showAndWait()V+22 javafx.controls
j  javafx.scene.control.Dialog.showAndWait()Ljava/util/Optional;+86 javafx.controls
j  com.example.livecycle.controllers.auth.FaceAuthController.showAlert(Ljava/lang/String;Ljava/lang/String;)V+27 com.example.livecycle
j  com.example.livecycle.controllers.auth.FaceAuthController.lambda$handleFaceLogin$12(Ljava/lang/Exception;)V+24 com.example.livecycle
j  com.example.livecycle.controllers.auth.FaceAuthController$$Lambda+0x00000241904a5290.run()V+8 com.example.livecycle
J 4862 c1 com.sun.javafx.application.PlatformImpl$$Lambda+0x0000024190087d10.run()Ljava/lang/Object; javafx.graphics (8 bytes) @ 0x000002418097b18c [0x000002418097b040+0x000000000000014c]
J 4860 c1 com.sun.javafx.application.PlatformImpl.lambda$runLater$11(Ljava/lang/Runnable;Ljava/security/AccessControlContext;)V javafx.graphics (41 bytes) @ 0x000002418097c0c4 [0x000002418097bac0+0x0000000000000604]
J 4859 c1 com.sun.javafx.application.PlatformImpl$$Lambda+0x0000024190086cc0.run()V javafx.graphics (12 bytes) @ 0x000002418097a954 [0x000002418097a8c0+0x0000000000000094]
J 4502 c1 com.sun.glass.ui.InvokeLaterDispatcher$Future.run()V javafx.graphics (91 bytes) @ 0x00000241808a239c [0x00000241808a2280+0x000000000000011c]
v  ~StubRoutines::call_stub 0x000002418745100d
j  com.sun.glass.ui.win.WinApplication._enterNestedEventLoopImpl()Ljava/lang/Object;+0 javafx.graphics
j  com.sun.glass.ui.win.WinApplication._enterNestedEventLoop()Ljava/lang/Object;+15 javafx.graphics
j  com.sun.glass.ui.Application.enterNestedEventLoop()Ljava/lang/Object;+14 javafx.graphics
j  com.sun.glass.ui.EventLoop.enter()Ljava/lang/Object;+42 javafx.graphics
j  com.sun.javafx.tk.quantum.QuantumToolkit.enterNestedEventLoop(Ljava/lang/Object;)Ljava/lang/Object;+95 javafx.graphics
j  javafx.stage.Stage.showAndWait()V+93 javafx.graphics
j  javafx.scene.control.HeavyweightDialog.showAndWait()V+22 javafx.controls
j  javafx.scene.control.Dialog.showAndWait()Ljava/util/Optional;+86 javafx.controls
j  com.example.livecycle.controllers.auth.FaceAuthController.showAlert(Ljava/lang/String;Ljava/lang/String;)V+27 com.example.livecycle
j  com.example.livecycle.controllers.auth.FaceAuthController.lambda$handleFaceLogin$12(Ljava/lang/Exception;)V+24 com.example.livecycle
j  com.example.livecycle.controllers.auth.FaceAuthController$$Lambda+0x00000241904a5290.run()V+8 com.example.livecycle
J 4862 c1 com.sun.javafx.application.PlatformImpl$$Lambda+0x0000024190087d10.run()Ljava/lang/Object; javafx.graphics (8 bytes) @ 0x000002418097b18c [0x000002418097b040+0x000000000000014c]
J 4860 c1 com.sun.javafx.application.PlatformImpl.lambda$runLater$11(Ljava/lang/Runnable;Ljava/security/AccessControlContext;)V javafx.graphics (41 bytes) @ 0x000002418097c0c4 [0x000002418097bac0+0x0000000000000604]
J 4859 c1 com.sun.javafx.application.PlatformImpl$$Lambda+0x0000024190086cc0.run()V javafx.graphics (12 bytes) @ 0x000002418097a954 [0x000002418097a8c0+0x0000000000000094]
J 4502 c1 com.sun.glass.ui.InvokeLaterDispatcher$Future.run()V javafx.graphics (91 bytes) @ 0x00000241808a239c [0x00000241808a2280+0x000000000000011c]
v  ~StubRoutines::call_stub 0x000002418745100d
j  com.sun.glass.ui.win.WinApplication._enterNestedEventLoopImpl()Ljava/lang/Object;+0 javafx.graphics
j  com.sun.glass.ui.win.WinApplication._enterNestedEventLoop()Ljava/lang/Object;+15 javafx.graphics
j  com.sun.glass.ui.Application.enterNestedEventLoop()Ljava/lang/Object;+14 javafx.graphics
j  com.sun.glass.ui.EventLoop.enter()Ljava/lang/Object;+42 javafx.graphics
j  com.sun.javafx.tk.quantum.QuantumToolkit.enterNestedEventLoop(Ljava/lang/Object;)Ljava/lang/Object;+95 javafx.graphics
j  javafx.stage.Stage.showAndWait()V+93 javafx.graphics
j  javafx.scene.control.HeavyweightDialog.showAndWait()V+22 javafx.controls
j  javafx.scene.control.Dialog.showAndWait()Ljava/util/Optional;+86 javafx.controls
j  com.example.livecycle.controllers.auth.FaceAuthController.showAlert(Ljava/lang/String;Ljava/lang/String;)V+27 com.example.livecycle
j  com.example.livecycle.controllers.auth.FaceAuthController.lambda$handleFaceLogin$12(Ljava/lang/Exception;)V+24 com.example.livecycle
j  com.example.livecycle.controllers.auth.FaceAuthController$$Lambda+0x00000241904a5290.run()V+8 com.example.livecycle
J 4862 c1 com.sun.javafx.application.PlatformImpl$$Lambda+0x0000024190087d10.run()Ljava/lang/Object; javafx.graphics (8 bytes) @ 0x000002418097b18c [0x000002418097b040+0x000000000000014c]
J 4860 c1 com.sun.javafx.application.PlatformImpl.lambda$runLater$11(Ljava/lang/Runnable;Ljava/security/AccessControlContext;)V javafx.graphics (41 bytes) @ 0x000002418097c0c4 [0x000002418097bac0+0x0000000000000604]
J 4859 c1 com.sun.javafx.application.PlatformImpl$$Lambda+0x0000024190086cc0.run()V javafx.graphics (12 bytes) @ 0x000002418097a954 [0x000002418097a8c0+0x0000000000000094]
J 4502 c1 com.sun.glass.ui.InvokeLaterDispatcher$Future.run()V javafx.graphics (91 bytes) @ 0x00000241808a239c [0x00000241808a2280+0x000000000000011c]
v  ~StubRoutines::call_stub 0x000002418745100d
j  com.sun.glass.ui.win.WinApplication._enterNestedEventLoopImpl()Ljava/lang/Object;+0 javafx.graphics
j  com.sun.glass.ui.win.WinApplication._enterNestedEventLoop()Ljava/lang/Object;+15 javafx.graphics
j  com.sun.glass.ui.Application.enterNestedEventLoop()Ljava/lang/Object;+14 javafx.graphics
j  com.sun.glass.ui.EventLoop.enter()Ljava/lang/Object;+42 javafx.graphics
j  com.sun.javafx.tk.quantum.QuantumToolkit.enterNestedEventLoop(Ljava/lang/Object;)Ljava/lang/Object;+95 javafx.graphics
j  javafx.stage.Stage.showAndWait()V+93 javafx.graphics
j  javafx.scene.control.HeavyweightDialog.showAndWait()V+22 javafx.controls
j  javafx.scene.control.Dialog.showAndWait()Ljava/util/Optional;+86 javafx.controls
j  com.example.livecycle.controllers.auth.FaceAuthController.showAlert(Ljava/lang/String;Ljava/lang/String;)V+27 com.example.livecycle
j  com.example.livecycle.controllers.auth.FaceAuthController.lambda$handleFaceLogin$12(Ljava/lang/Exception;)V+24 com.example.livecycle
j  com.example.livecycle.controllers.auth.FaceAuthController$$Lambda+0x00000241904a5290.run()V+8 com.example.livecycle
J 4862 c1 com.sun.javafx.application.PlatformImpl$$Lambda+0x0000024190087d10.run()Ljava/lang/Object; javafx.graphics (8 bytes) @ 0x000002418097b18c [0x000002418097b040+0x000000000000014c]
J 4860 c1 com.sun.javafx.application.PlatformImpl.lambda$runLater$11(Ljava/lang/Runnable;Ljava/security/AccessControlContext;)V javafx.graphics (41 bytes) @ 0x000002418097c0c4 [0x000002418097bac0+0x0000000000000604]
J 4859 c1 com.sun.javafx.application.PlatformImpl$$Lambda+0x0000024190086cc0.run()V javafx.graphics (12 bytes) @ 0x000002418097a954 [0x000002418097a8c0+0x0000000000000094]
J 4502 c1 com.sun.glass.ui.InvokeLaterDispatcher$Future.run()V javafx.graphics (91 bytes) @ 0x00000241808a239c [0x00000241808a2280+0x000000000000011c]
v  ~StubRoutines::call_stub 0x000002418745100d
j  com.sun.glass.ui.win.WinApplication._enterNestedEventLoopImpl()Ljava/lang/Object;+0 javafx.graphics
j  com.sun.glass.ui.win.WinApplication._enterNestedEventLoop()Ljava/lang/Object;+15 javafx.graphics
j  com.sun.glass.ui.Application.enterNestedEventLoop()Ljava/lang/Object;+14 javafx.graphics
j  com.sun.glass.ui.EventLoop.enter()Ljava/lang/Object;+42 javafx.graphics
j  com.sun.javafx.tk.quantum.QuantumToolkit.enterNestedEventLoop(Ljava/lang/Object;)Ljava/lang/Object;+95 javafx.graphics
j  javafx.stage.Stage.showAndWait()V+93 javafx.graphics
j  javafx.scene.control.HeavyweightDialog.showAndWait()V+22 javafx.controls
j  javafx.scene.control.Dialog.showAndWait()Ljava/util/Optional;+86 javafx.controls
j  com.example.livecycle.controllers.auth.FaceAuthController.showAlert(Ljava/lang/String;Ljava/lang/String;)V+27 com.example.livecycle
j  com.example.livecycle.controllers.auth.FaceAuthController.lambda$handleFaceLogin$12(Ljava/lang/Exception;)V+24 com.example.livecycle
j  com.example.livecycle.controllers.auth.FaceAuthController$$Lambda+0x00000241904a5290.run()V+8 com.example.livecycle
J 4862 c1 com.sun.javafx.application.PlatformImpl$$Lambda+0x0000024190087d10.run()Ljava/lang/Object; javafx.graphics (8 bytes) @ 0x000002418097b18c [0x000002418097b040+0x000000000000014c]
J 4860 c1 com.sun.javafx.application.PlatformImpl.lambda$runLater$11(Ljava/lang/Runnable;Ljava/security/AccessControlContext;)V javafx.graphics (41 bytes) @ 0x000002418097c0c4 [0x000002418097bac0+0x0000000000000604]
J 4859 c1 com.sun.javafx.application.PlatformImpl$$Lambda+0x0000024190086cc0.run()V javafx.graphics (12 bytes) @ 0x000002418097a954 [0x000002418097a8c0+0x0000000000000094]
J 4502 c1 com.sun.glass.ui.InvokeLaterDispatcher$Future.run()V javafx.graphics (91 bytes) @ 0x00000241808a239c [0x00000241808a2280+0x000000000000011c]
v  ~StubRoutines::call_stub 0x000002418745100d
j  com.sun.glass.ui.win.WinApplication._enterNestedEventLoopImpl()Ljava/lang/Object;+0 javafx.graphics
j  com.sun.glass.ui.win.WinApplication._enterNestedEventLoop()Ljava/lang/Object;+15 javafx.graphics
j  com.sun.glass.ui.Application.enterNestedEventLoop()Ljava/lang/Object;+14 javafx.graphics
j  com.sun.glass.ui.EventLoop.enter()Ljava/lang/Object;+42 javafx.graphics
j  com.sun.javafx.tk.quantum.QuantumToolkit.enterNestedEventLoop(Ljava/lang/Object;)Ljava/lang/Object;+95 javafx.graphics
j  javafx.stage.Stage.showAndWait()V+93 javafx.graphics
j  javafx.scene.control.HeavyweightDialog.showAndWait()V+22 javafx.controls
j  javafx.scene.control.Dialog.showAndWait()Ljava/util/Optional;+86 javafx.controls
j  com.example.livecycle.controllers.auth.FaceAuthController.showAlert(Ljava/lang/String;Ljava/lang/String;)V+27 com.example.livecycle
j  com.example.livecycle.controllers.auth.FaceAuthController.lambda$handleFaceLogin$12(Ljava/lang/Exception;)V+24 com.example.livecycle
j  com.example.livecycle.controllers.auth.FaceAuthController$$Lambda+0x00000241904a5290.run()V+8 com.example.livecycle
J 4862 c1 com.sun.javafx.application.PlatformImpl$$Lambda+0x0000024190087d10.run()Ljava/lang/Object; javafx.graphics (8 bytes) @ 0x000002418097b18c [0x000002418097b040+0x000000000000014c]
J 4860 c1 com.sun.javafx.application.PlatformImpl.lambda$runLater$11(Ljava/lang/Runnable;Ljava/security/AccessControlContext;)V javafx.graphics (41 bytes) @ 0x000002418097c0c4 [0x000002418097bac0+0x0000000000000604]
J 4859 c1 com.sun.javafx.application.PlatformImpl$$Lambda+0x0000024190086cc0.run()V javafx.graphics (12 bytes) @ 0x000002418097a954 [0x000002418097a8c0+0x0000000000000094]
J 4502 c1 com.sun.glass.ui.InvokeLaterDispatcher$Future.run()V javafx.graphics (91 bytes) @ 0x00000241808a239c [0x00000241808a2280+0x000000000000011c]
v  ~StubRoutines::call_stub 0x000002418745100d
j  com.sun.glass.ui.win.WinApplication._enterNestedEventLoopImpl()Ljava/lang/Object;+0 javafx.graphics
j  com.sun.glass.ui.win.WinApplication._enterNestedEventLoop()Ljava/lang/Object;+15 javafx.graphics
j  com.sun.glass.ui.Application.enterNestedEventLoop()Ljava/lang/Object;+14 javafx.graphics
j  com.sun.glass.ui.EventLoop.enter()Ljava/lang/Object;+42 javafx.graphics
j  com.sun.javafx.tk.quantum.QuantumToolkit.enterNestedEventLoop(Ljava/lang/Object;)Ljava/lang/Object;+95 javafx.graphics
j  javafx.stage.Stage.showAndWait()V+93 javafx.graphics
j  javafx.scene.control.HeavyweightDialog.showAndWait()V+22 javafx.controls
j  javafx.scene.control.Dialog.showAndWait()Ljava/util/Optional;+86 javafx.controls
j  com.example.livecycle.controllers.auth.FaceAuthController.showAlert(Ljava/lang/String;Ljava/lang/String;)V+27 com.example.livecycle
j  com.example.livecycle.controllers.auth.FaceAuthController.lambda$handleFaceLogin$12(Ljava/lang/Exception;)V+24 com.example.livecycle
j  com.example.livecycle.controllers.auth.FaceAuthController$$Lambda+0x00000241904a5290.run()V+8 com.example.livecycle
J 4862 c1 com.sun.javafx.application.PlatformImpl$$Lambda+0x0000024190087d10.run()Ljava/lang/Object; javafx.graphics (8 bytes) @ 0x000002418097b18c [0x000002418097b040+0x000000000000014c]
J 4860 c1 com.sun.javafx.application.PlatformImpl.lambda$runLater$11(Ljava/lang/Runnable;Ljava/security/AccessControlContext;)V javafx.graphics (41 bytes) @ 0x000002418097c0c4 [0x000002418097bac0+0x0000000000000604]
J 4859 c1 com.sun.javafx.application.PlatformImpl$$Lambda+0x0000024190086cc0.run()V javafx.graphics (12 bytes) @ 0x000002418097a954 [0x000002418097a8c0+0x0000000000000094]
J 4502 c1 com.sun.glass.ui.InvokeLaterDispatcher$Future.run()V javafx.graphics (91 bytes) @ 0x00000241808a239c [0x00000241808a2280+0x000000000000011c]
v  ~StubRoutines::call_stub 0x000002418745100d
j  com.sun.glass.ui.win.WinApplication._enterNestedEventLoopImpl()Ljava/lang/Object;+0 javafx.graphics
j  com.sun.glass.ui.win.WinApplication._enterNestedEventLoop()Ljava/lang/Object;+15 javafx.graphics
j  com.sun.glass.ui.Application.enterNestedEventLoop()Ljava/lang/Object;+14 javafx.graphics
j  com.sun.glass.ui.EventLoop.enter()Ljava/lang/Object;+42 javafx.graphics
j  com.sun.javafx.tk.quantum.QuantumToolkit.enterNestedEventLoop(Ljava/lang/Object;)Ljava/lang/Object;+95 javafx.graphics
j  javafx.stage.Stage.showAndWait()V+93 javafx.graphics
j  javafx.scene.control.HeavyweightDialog.showAndWait()V+22 javafx.controls
j  javafx.scene.control.Dialog.showAndWait()Ljava/util/Optional;+86 javafx.controls
j  com.example.livecycle.controllers.auth.FaceAuthController.showAlert(Ljava/lang/String;Ljava/lang/String;)V+27 com.example.livecycle
j  com.example.livecycle.controllers.auth.FaceAuthController.lambda$handleFaceLogin$12(Ljava/lang/Exception;)V+24 com.example.livecycle
j  com.example.livecycle.controllers.auth.FaceAuthController$$Lambda+0x00000241904a5290.run()V+8 com.example.livecycle
J 4862 c1 com.sun.javafx.application.PlatformImpl$$Lambda+0x0000024190087d10.run()Ljava/lang/Object; javafx.graphics (8 bytes) @ 0x000002418097b18c [0x000002418097b040+0x000000000000014c]
J 4860 c1 com.sun.javafx.application.PlatformImpl.lambda$runLater$11(Ljava/lang/Runnable;Ljava/security/AccessControlContext;)V javafx.graphics (41 bytes) @ 0x000002418097c0c4 [0x000002418097bac0+0x0000000000000604]
J 4859 c1 com.sun.javafx.application.PlatformImpl$$Lambda+0x0000024190086cc0.run()V javafx.graphics (12 bytes) @ 0x000002418097a954 [0x000002418097a8c0+0x0000000000000094]
J 4502 c1 com.sun.glass.ui.InvokeLaterDispatcher$Future.run()V javafx.graphics (91 bytes) @ 0x00000241808a239c [0x00000241808a2280+0x000000000000011c]
v  ~StubRoutines::call_stub 0x000002418745100d
j  com.sun.glass.ui.win.WinApplication._enterNestedEventLoopImpl()Ljava/lang/Object;+0 javafx.graphics
j  com.sun.glass.ui.win.WinApplication._enterNestedEventLoop()Ljava/lang/Object;+15 javafx.graphics
j  com.sun.glass.ui.Application.enterNestedEventLoop()Ljava/lang/Object;+14 javafx.graphics
j  com.sun.glass.ui.EventLoop.enter()Ljava/lang/Object;+42 javafx.graphics
j  com.sun.javafx.tk.quantum.QuantumToolkit.enterNestedEventLoop(Ljava/lang/Object;)Ljava/lang/Object;+95 javafx.graphics
j  javafx.stage.Stage.showAndWait()V+93 javafx.graphics
j  javafx.scene.control.HeavyweightDialog.showAndWait()V+22 javafx.controls
j  javafx.scene.control.Dialog.showAndWait()Ljava/util/Optional;+86 javafx.controls
j  com.example.livecycle.controllers.auth.FaceAuthController.showAlert(Ljava/lang/String;Ljava/lang/String;)V+27 com.example.livecycle
j  com.example.livecycle.controllers.auth.FaceAuthController.lambda$handleFaceLogin$12(Ljava/lang/Exception;)V+24 com.example.livecycle
j  com.example.livecycle.controllers.auth.FaceAuthController$$Lambda+0x00000241904a5290.run()V+8 com.example.livecycle
J 4862 c1 com.sun.javafx.application.PlatformImpl$$Lambda+0x0000024190087d10.run()Ljava/lang/Object; javafx.graphics (8 bytes) @ 0x000002418097b18c [0x000002418097b040+0x000000000000014c]
J 4860 c1 com.sun.javafx.application.PlatformImpl.lambda$runLater$11(Ljava/lang/Runnable;Ljava/security/AccessControlContext;)V javafx.graphics (41 bytes) @ 0x000002418097c0c4 [0x000002418097bac0+0x0000000000000604]
J 4859 c1 com.sun.javafx.application.PlatformImpl$$Lambda+0x0000024190086cc0.run()V javafx.graphics (12 bytes) @ 0x000002418097a954 [0x000002418097a8c0+0x0000000000000094]
J 4502 c1 com.sun.glass.ui.InvokeLaterDispatcher$Future.run()V javafx.graphics (91 bytes) @ 0x00000241808a239c [0x00000241808a2280+0x000000000000011c]
v  ~StubRoutines::call_stub 0x000002418745100d
j  com.sun.glass.ui.win.WinApplication._enterNestedEventLoopImpl()Ljava/lang/Object;+0 javafx.graphics
j  com.sun.glass.ui.win.WinApplication._enterNestedEventLoop()Ljava/lang/Object;+15 javafx.graphics
j  com.sun.glass.ui.Application.enterNestedEventLoop()Ljava/lang/Object;+14 javafx.graphics
j  com.sun.glass.ui.EventLoop.enter()Ljava/lang/Object;+42 javafx.graphics
j  com.sun.javafx.tk.quantum.QuantumToolkit.enterNestedEventLoop(Ljava/lang/Object;)Ljava/lang/Object;+95 javafx.graphics
j  javafx.stage.Stage.showAndWait()V+93 javafx.graphics
j  javafx.scene.control.HeavyweightDialog.showAndWait()V+22 javafx.controls
j  javafx.scene.control.Dialog.showAndWait()Ljava/util/Optional;+86 javafx.controls
j  com.example.livecycle.controllers.auth.FaceAuthController.showAlert(Ljava/lang/String;Ljava/lang/String;)V+27 com.example.livecycle
j  com.example.livecycle.controllers.auth.FaceAuthController.lambda$handleFaceLogin$12(Ljava/lang/Exception;)V+24 com.example.livecycle
j  com.example.livecycle.controllers.auth.FaceAuthController$$Lambda+0x00000241904a5290.run()V+8 com.example.livecycle
J 4862 c1 com.sun.javafx.application.PlatformImpl$$Lambda+0x0000024190087d10.run()Ljava/lang/Object; javafx.graphics (8 bytes) @ 0x000002418097b18c [0x000002418097b040+0x000000000000014c]
J 4860 c1 com.sun.javafx.application.PlatformImpl.lambda$runLater$11(Ljava/lang/Runnable;Ljava/security/AccessControlContext;)V javafx.graphics (41 bytes) @ 0x000002418097c0c4 [0x000002418097bac0+0x0000000000000604]
J 4859 c1 com.sun.javafx.application.PlatformImpl$$Lambda+0x0000024190086cc0.run()V javafx.graphics (12 bytes) @ 0x000002418097a954 [0x000002418097a8c0+0x0000000000000094]
J 4502 c1 com.sun.glass.ui.InvokeLaterDispatcher$Future.run()V javafx.graphics (91 bytes) @ 0x00000241808a239c [0x00000241808a2280+0x000000000000011c]
v  ~StubRoutines::call_stub 0x000002418745100d
j  com.sun.glass.ui.win.WinApplication._enterNestedEventLoopImpl()Ljava/lang/Object;+0 javafx.graphics
j  com.sun.glass.ui.win.WinApplication._enterNestedEventLoop()Ljava/lang/Object;+15 javafx.graphics
j  com.sun.glass.ui.Application.enterNestedEventLoop()Ljava/lang/Object;+14 javafx.graphics
j  com.sun.glass.ui.EventLoop.enter()Ljava/lang/Object;+42 javafx.graphics
j  com.sun.javafx.tk.quantum.QuantumToolkit.enterNestedEventLoop(Ljava/lang/Object;)Ljava/lang/Object;+95 javafx.graphics
j  javafx.stage.Stage.showAndWait()V+93 javafx.graphics
j  javafx.scene.control.HeavyweightDialog.showAndWait()V+22 javafx.controls
j  javafx.scene.control.Dialog.showAndWait()Ljava/util/Optional;+86 javafx.controls
j  com.example.livecycle.controllers.auth.FaceAuthController.showAlert(Ljava/lang/String;Ljava/lang/String;)V+27 com.example.livecycle
j  com.example.livecycle.controllers.auth.FaceAuthController.lambda$handleFaceLogin$12(Ljava/lang/Exception;)V+24 com.example.livecycle
j  com.example.livecycle.controllers.auth.FaceAuthController$$Lambda+0x00000241904a5290.run()V+8 com.example.livecycle
J 4862 c1 com.sun.javafx.application.PlatformImpl$$Lambda+0x0000024190087d10.run()Ljava/lang/Object; javafx.graphics (8 bytes) @ 0x000002418097b18c [0x000002418097b040+0x000000000000014c]
J 4860 c1 com.sun.javafx.application.PlatformImpl.lambda$runLater$11(Ljava/lang/Runnable;Ljava/security/AccessControlContext;)V javafx.graphics (41 bytes) @ 0x000002418097c0c4 [0x000002418097bac0+0x0000000000000604]
J 4859 c1 com.sun.javafx.application.PlatformImpl$$Lambda+0x0000024190086cc0.run()V javafx.graphics (12 bytes) @ 0x000002418097a954 [0x000002418097a8c0+0x0000000000000094]
J 4502 c1 com.sun.glass.ui.InvokeLaterDispatcher$Future.run()V javafx.graphics (91 bytes) @ 0x00000241808a239c [0x00000241808a2280+0x000000000000011c]
v  ~StubRoutines::call_stub 0x000002418745100d
j  com.sun.glass.ui.win.WinApplication._enterNestedEventLoopImpl()Ljava/lang/Object;+0 javafx.graphics
j  com.sun.glass.ui.win.WinApplication._enterNestedEventLoop()Ljava/lang/Object;+15 javafx.graphics
j  com.sun.glass.ui.Application.enterNestedEventLoop()Ljava/lang/Object;+14 javafx.graphics
j  com.sun.glass.ui.EventLoop.enter()Ljava/lang/Object;+42 javafx.graphics
j  com.sun.javafx.tk.quantum.QuantumToolkit.enterNestedEventLoop(Ljava/lang/Object;)Ljava/lang/Object;+95 javafx.graphics
j  javafx.stage.Stage.showAndWait()V+93 javafx.graphics
j  javafx.scene.control.HeavyweightDialog.showAndWait()V+22 javafx.controls
j  javafx.scene.control.Dialog.showAndWait()Ljava/util/Optional;+86 javafx.controls
j  com.example.livecycle.controllers.auth.FaceAuthController.showAlert(Ljava/lang/String;Ljava/lang/String;)V+27 com.example.livecycle
j  com.example.livecycle.controllers.auth.FaceAuthController.lambda$handleFaceLogin$12(Ljava/lang/Exception;)V+24 com.example.livecycle
j  com.example.livecycle.controllers.auth.FaceAuthController$$Lambda+0x00000241904a5290.run()V+8 com.example.livecycle
J 4862 c1 com.sun.javafx.application.PlatformImpl$$Lambda+0x0000024190087d10.run()Ljava/lang/Object; javafx.graphics (8 bytes) @ 0x000002418097b18c [0x000002418097b040+0x000000000000014c]
J 4860 c1 com.sun.javafx.application.PlatformImpl.lambda$runLater$11(Ljava/lang/Runnable;Ljava/security/AccessControlContext;)V javafx.graphics (41 bytes) @ 0x000002418097c0c4 [0x000002418097bac0+0x0000000000000604]
J 4859 c1 com.sun.javafx.application.PlatformImpl$$Lambda+0x0000024190086cc0.run()V javafx.graphics (12 bytes) @ 0x000002418097a954 [0x000002418097a8c0+0x0000000000000094]
J 4502 c1 com.sun.glass.ui.InvokeLaterDispatcher$Future.run()V javafx.graphics (91 bytes) @ 0x00000241808a239c [0x00000241808a2280+0x000000000000011c]
v  ~StubRoutines::call_stub 0x000002418745100d
j  com.sun.glass.ui.win.WinApplication._enterNestedEventLoopImpl()Ljava/lang/Object;+0 javafx.graphics
j  com.sun.glass.ui.win.WinApplication._enterNestedEventLoop()Ljava/lang/Object;+15 javafx.graphics
j  com.sun.glass.ui.Application.enterNestedEventLoop()Ljava/lang/Object;+14 javafx.graphics
j  com.sun.glass.ui.EventLoop.enter()Ljava/lang/Object;+42 javafx.graphics
j  com.sun.javafx.tk.quantum.QuantumToolkit.enterNestedEventLoop(Ljava/lang/Object;)Ljava/lang/Object;+95 javafx.graphics
j  javafx.stage.Stage.showAndWait()V+93 javafx.graphics
j  javafx.scene.control.HeavyweightDialog.showAndWait()V+22 javafx.controls
j  javafx.scene.control.Dialog.showAndWait()Ljava/util/Optional;+86 javafx.controls
j  com.example.livecycle.controllers.auth.FaceAuthController.showAlert(Ljava/lang/String;Ljava/lang/String;)V+27 com.example.livecycle
j  com.example.livecycle.controllers.auth.FaceAuthController.lambda$handleFaceLogin$12(Ljava/lang/Exception;)V+24 com.example.livecycle
j  com.example.livecycle.controllers.auth.FaceAuthController$$Lambda+0x00000241904a5290.run()V+8 com.example.livecycle
J 4862 c1 com.sun.javafx.application.PlatformImpl$$Lambda+0x0000024190087d10.run()Ljava/lang/Object; javafx.graphics (8 bytes) @ 0x000002418097b18c [0x000002418097b040+0x000000000000014c]
J 4860 c1 com.sun.javafx.application.PlatformImpl.lambda$runLater$11(Ljava/lang/Runnable;Ljava/security/AccessControlContext;)V javafx.graphics (41 bytes) @ 0x000002418097c0c4 [0x000002418097bac0+0x0000000000000604]
J 4859 c1 com.sun.javafx.application.PlatformImpl$$Lambda+0x0000024190086cc0.run()V javafx.graphics (12 bytes) @ 0x000002418097a954 [0x000002418097a8c0+0x0000000000000094]
J 4502 c1 com.sun.glass.ui.InvokeLaterDispatcher$Future.run()V javafx.graphics (91 bytes) @ 0x00000241808a239c [0x00000241808a2280+0x000000000000011c]
v  ~StubRoutines::call_stub 0x000002418745100d
j  com.sun.glass.ui.win.WinApplication._enterNestedEventLoopImpl()Ljava/lang/Object;+0 javafx.graphics
j  com.sun.glass.ui.win.WinApplication._enterNestedEventLoop()Ljava/lang/Object;+15 javafx.graphics
j  com.sun.glass.ui.Application.enterNestedEventLoop()Ljava/lang/Object;+14 javafx.graphics
j  com.sun.glass.ui.EventLoop.enter()Ljava/lang/Object;+42 javafx.graphics
j  com.sun.javafx.tk.quantum.QuantumToolkit.enterNestedEventLoop(Ljava/lang/Object;)Ljava/lang/Object;+95 javafx.graphics
j  javafx.stage.Stage.showAndWait()V+93 javafx.graphics
j  javafx.scene.control.HeavyweightDialog.showAndWait()V+22 javafx.controls
j  javafx.scene.control.Dialog.showAndWait()Ljava/util/Optional;+86 javafx.controls
j  com.example.livecycle.controllers.auth.FaceAuthController.showAlert(Ljava/lang/String;Ljava/lang/String;)V+27 com.example.livecycle
j  com.example.livecycle.controllers.auth.FaceAuthController.lambda$handleFaceLogin$12(Ljava/lang/Exception;)V+24 com.example.livecycle
j  com.example.livecycle.controllers.auth.FaceAuthController$$Lambda+0x00000241904a5290.run()V+8 com.example.livecycle
J 4862 c1 com.sun.javafx.application.PlatformImpl$$Lambda+0x0000024190087d10.run()Ljava/lang/Object; javafx.graphics (8 bytes) @ 0x000002418097b18c [0x000002418097b040+0x000000000000014c]
J 4860 c1 com.sun.javafx.application.PlatformImpl.lambda$runLater$11(Ljava/lang/Runnable;Ljava/security/AccessControlContext;)V javafx.graphics (41 bytes) @ 0x000002418097c0c4 [0x000002418097bac0+0x0000000000000604]
J 4859 c1 com.sun.javafx.application.PlatformImpl$$Lambda+0x0000024190086cc0.run()V javafx.graphics (12 bytes) @ 0x000002418097a954 [0x000002418097a8c0+0x0000000000000094]
J 4502 c1 com.sun.glass.ui.InvokeLaterDispatcher$Future.run()V javafx.graphics (91 bytes) @ 0x00000241808a239c [0x00000241808a2280+0x000000000000011c]
v  ~StubRoutines::call_stub 0x000002418745100d
j  com.sun.glass.ui.win.WinApplication._enterNestedEventLoopImpl()Ljava/lang/Object;+0 javafx.graphics
j  com.sun.glass.ui.win.WinApplication._enterNestedEventLoop()Ljava/lang/Object;+15 javafx.graphics
j  com.sun.glass.ui.Application.enterNestedEventLoop()Ljava/lang/Object;+14 javafx.graphics
j  com.sun.glass.ui.EventLoop.enter()Ljava/lang/Object;+42 javafx.graphics
j  com.sun.javafx.tk.quantum.QuantumToolkit.enterNestedEventLoop(Ljava/lang/Object;)Ljava/lang/Object;+95 javafx.graphics
j  javafx.stage.Stage.showAndWait()V+93 javafx.graphics
j  javafx.scene.control.HeavyweightDialog.showAndWait()V+22 javafx.controls
j  javafx.scene.control.Dialog.showAndWait()Ljava/util/Optional;+86 javafx.controls
j  com.example.livecycle.controllers.auth.FaceAuthController.showAlert(Ljava/lang/String;Ljava/lang/String;)V+27 com.example.livecycle
j  com.example.livecycle.controllers.auth.FaceAuthController.lambda$handleFaceLogin$12(Ljava/lang/Exception;)V+24 com.example.livecycle
j  com.example.livecycle.controllers.auth.FaceAuthController$$Lambda+0x00000241904a5290.run()V+8 com.example.livecycle
J 4862 c1 com.sun.javafx.application.PlatformImpl$$Lambda+0x0000024190087d10.run()Ljava/lang/Object; javafx.graphics (8 bytes) @ 0x000002418097b18c [0x000002418097b040+0x000000000000014c]
J 4860 c1 com.sun.javafx.application.PlatformImpl.lambda$runLater$11(Ljava/lang/Runnable;Ljava/security/AccessControlContext;)V javafx.graphics (41 bytes) @ 0x000002418097c0c4 [0x000002418097bac0+0x0000000000000604]
J 4859 c1 com.sun.javafx.application.PlatformImpl$$Lambda+0x0000024190086cc0.run()V javafx.graphics (12 bytes) @ 0x000002418097a954 [0x000002418097a8c0+0x0000000000000094]
J 4502 c1 com.sun.glass.ui.InvokeLaterDispatcher$Future.run()V javafx.graphics (91 bytes) @ 0x00000241808a239c [0x00000241808a2280+0x000000000000011c]
v  ~StubRoutines::call_stub 0x000002418745100d
j  com.sun.glass.ui.win.WinApplication._enterNestedEventLoopImpl()Ljava/lang/Object;+0 javafx.graphics
j  com.sun.glass.ui.win.WinApplication._enterNestedEventLoop()Ljava/lang/Object;+15 javafx.graphics
j  com.sun.glass.ui.Application.enterNestedEventLoop()Ljava/lang/Object;+14 javafx.graphics
j  com.sun.glass.ui.EventLoop.enter()Ljava/lang/Object;+42 javafx.graphics
j  com.sun.javafx.tk.quantum.QuantumToolkit.enterNestedEventLoop(Ljava/lang/Object;)Ljava/lang/Object;+95 javafx.graphics
j  javafx.stage.Stage.showAndWait()V+93 javafx.graphics
j  javafx.scene.control.HeavyweightDialog.showAndWait()V+22 javafx.controls
j  javafx.scene.control.Dialog.showAndWait()Ljava/util/Optional;+86 javafx.controls
j  com.example.livecycle.controllers.auth.FaceAuthController.showAlert(Ljava/lang/String;Ljava/lang/String;)V+27 com.example.livecycle
j  com.example.livecycle.controllers.auth.FaceAuthController.lambda$handleFaceLogin$12(Ljava/lang/Exception;)V+24 com.example.livecycle
j  com.example.livecycle.controllers.auth.FaceAuthController$$Lambda+0x00000241904a5290.run()V+8 com.example.livecycle
J 4862 c1 com.sun.javafx.application.PlatformImpl$$Lambda+0x0000024190087d10.run()Ljava/lang/Object; javafx.graphics (8 bytes) @ 0x000002418097b18c [0x000002418097b040+0x000000000000014c]
J 4860 c1 com.sun.javafx.application.PlatformImpl.lambda$runLater$11(Ljava/lang/Runnable;Ljava/security/AccessControlContext;)V javafx.graphics (41 bytes) @ 0x000002418097c0c4 [0x000002418097bac0+0x0000000000000604]
J 4859 c1 com.sun.javafx.application.PlatformImpl$$Lambda+0x0000024190086cc0.run()V javafx.graphics (12 bytes) @ 0x000002418097a954 [0x000002418097a8c0+0x0000000000000094]
J 4502 c1 com.sun.glass.ui.InvokeLaterDispatcher$Future.run()V javafx.graphics (91 bytes) @ 0x00000241808a239c [0x00000241808a2280+0x000000000000011c]
v  ~StubRoutines::call_stub 0x000002418745100d
j  com.sun.glass.ui.win.WinApplication._enterNestedEventLoopImpl()Ljava/lang/Object;+0 javafx.graphics
j  com.sun.glass.ui.win.WinApplication._enterNestedEventLoop()Ljava/lang/Object;+15 javafx.graphics
j  com.sun.glass.ui.Application.enterNestedEventLoop()Ljava/lang/Object;+14 javafx.graphics
j  com.sun.glass.ui.EventLoop.enter()Ljava/lang/Object;+42 javafx.graphics
j  com.sun.javafx.tk.quantum.QuantumToolkit.enterNestedEventLoop(Ljava/lang/Object;)Ljava/lang/Object;+95 javafx.graphics
j  javafx.stage.Stage.showAndWait()V+93 javafx.graphics
j  javafx.scene.control.HeavyweightDialog.showAndWait()V+22 javafx.controls
j  javafx.scene.control.Dialog.showAndWait()Ljava/util/Optional;+86 javafx.controls
j  com.example.livecycle.controllers.auth.FaceAuthController.showAlert(Ljava/lang/String;Ljava/lang/String;)V+27 com.example.livecycle
j  com.example.livecycle.controllers.auth.FaceAuthController.lambda$handleFaceLogin$12(Ljava/lang/Exception;)V+24 com.example.livecycle
j  com.example.livecycle.controllers.auth.FaceAuthController$$Lambda+0x00000241904a5290.run()V+8 com.example.livecycle
J 4862 c1 com.sun.javafx.application.PlatformImpl$$Lambda+0x0000024190087d10.run()Ljava/lang/Object; javafx.graphics (8 bytes) @ 0x000002418097b18c [0x000002418097b040+0x000000000000014c]
J 4860 c1 com.sun.javafx.application.PlatformImpl.lambda$runLater$11(Ljava/lang/Runnable;Ljava/security/AccessControlContext;)V javafx.graphics (41 bytes) @ 0x000002418097c0c4 [0x000002418097bac0+0x0000000000000604]
J 4859 c1 com.sun.javafx.application.PlatformImpl$$Lambda+0x0000024190086cc0.run()V javafx.graphics (12 bytes) @ 0x000002418097a954 [0x000002418097a8c0+0x0000000000000094]
J 4502 c1 com.sun.glass.ui.InvokeLaterDispatcher$Future.run()V javafx.graphics (91 bytes) @ 0x00000241808a239c [0x00000241808a2280+0x000000000000011c]
v  ~StubRoutines::call_stub 0x000002418745100d
j  com.sun.glass.ui.win.WinApplication._enterNestedEventLoopImpl()Ljava/lang/Object;+0 javafx.graphics
j  com.sun.glass.ui.win.WinApplication._enterNestedEventLoop()Ljava/lang/Object;+15 javafx.graphics
j  com.sun.glass.ui.Application.enterNestedEventLoop()Ljava/lang/Object;+14 javafx.graphics
j  com.sun.glass.ui.EventLoop.enter()Ljava/lang/Object;+42 javafx.graphics
j  com.sun.javafx.tk.quantum.QuantumToolkit.enterNestedEventLoop(Ljava/lang/Object;)Ljava/lang/Object;+95 javafx.graphics
j  javafx.stage.Stage.showAndWait()V+93 javafx.graphics
j  javafx.scene.control.HeavyweightDialog.showAndWait()V+22 javafx.controls
j  javafx.scene.control.Dialog.showAndWait()Ljava/util/Optional;+86 javafx.controls
j  com.example.livecycle.controllers.auth.FaceAuthController.showAlert(Ljava/lang/String;Ljava/lang/String;)V+27 com.example.livecycle
j  com.example.livecycle.controllers.auth.FaceAuthController.lambda$handleFaceLogin$12(Ljava/lang/Exception;)V+24 com.example.livecycle
j  com.example.livecycle.controllers.auth.FaceAuthController$$Lambda+0x00000241904a5290.run()V+8 com.example.livecycle
J 4862 c1 com.sun.javafx.application.PlatformImpl$$Lambda+0x0000024190087d10.run()Ljava/lang/Object; javafx.graphics (8 bytes) @ 0x000002418097b18c [0x000002418097b040+0x000000000000014c]
J 4860 c1 com.sun.javafx.application.PlatformImpl.lambda$runLater$11(Ljava/lang/Runnable;Ljava/security/AccessControlContext;)V javafx.graphics (41 bytes) @ 0x000002418097c0c4 [0x000002418097bac0+0x0000000000000604]
J 4859 c1 com.sun.javafx.application.PlatformImpl$$Lambda+0x0000024190086cc0.run()V javafx.graphics (12 bytes) @ 0x000002418097a954 [0x000002418097a8c0+0x0000000000000094]
J 4502 c1 com.sun.glass.ui.InvokeLaterDispatcher$Future.run()V javafx.graphics (91 bytes) @ 0x00000241808a239c [0x00000241808a2280+0x000000000000011c]
v  ~StubRoutines::call_stub 0x000002418745100d
j  com.sun.glass.ui.win.WinApplication._enterNestedEventLoopImpl()Ljava/lang/Object;+0 javafx.graphics
j  com.sun.glass.ui.win.WinApplication._enterNestedEventLoop()Ljava/lang/Object;+15 javafx.graphics
j  com.sun.glass.ui.Application.enterNestedEventLoop()Ljava/lang/Object;+14 javafx.graphics
j  com.sun.glass.ui.EventLoop.enter()Ljava/lang/Object;+42 javafx.graphics
j  com.sun.javafx.tk.quantum.QuantumToolkit.enterNestedEventLoop(Ljava/lang/Object;)Ljava/lang/Object;+95 javafx.graphics
j  javafx.stage.Stage.showAndWait()V+93 javafx.graphics
j  javafx.scene.control.HeavyweightDialog.showAndWait()V+22 javafx.controls
j  javafx.scene.control.Dialog.showAndWait()Ljava/util/Optional;+86 javafx.controls
j  com.example.livecycle.controllers.auth.FaceAuthController.showAlert(Ljava/lang/String;Ljava/lang/String;)V+27 com.example.livecycle
j  com.example.livecycle.controllers.auth.FaceAuthController.lambda$handleFaceLogin$12(Ljava/lang/Exception;)V+24 com.example.livecycle
j  com.example.livecycle.controllers.auth.FaceAuthController$$Lambda+0x00000241904a5290.run()V+8 com.example.livecycle
J 4862 c1 com.sun.javafx.application.PlatformImpl$$Lambda+0x0000024190087d10.run()Ljava/lang/Object; javafx.graphics (8 bytes) @ 0x000002418097b18c [0x000002418097b040+0x000000000000014c]
J 4860 c1 com.sun.javafx.application.PlatformImpl.lambda$runLater$11(Ljava/lang/Runnable;Ljava/security/AccessControlContext;)V javafx.graphics (41 bytes) @ 0x000002418097c0c4 [0x000002418097bac0+0x0000000000000604]
J 4859 c1 com.sun.javafx.application.PlatformImpl$$Lambda+0x0000024190086cc0.run()V javafx.graphics (12 bytes) @ 0x000002418097a954 [0x000002418097a8c0+0x0000000000000094]
J 4502 c1 com.sun.glass.ui.InvokeLaterDispatcher$Future.run()V javafx.graphics (91 bytes) @ 0x00000241808a239c [0x00000241808a2280+0x000000000000011c]
v  ~StubRoutines::call_stub 0x000002418745100d
j  com.sun.glass.ui.win.WinApplication._enterNestedEventLoopImpl()Ljava/lang/Object;+0 javafx.graphics
j  com.sun.glass.ui.win.WinApplication._enterNestedEventLoop()Ljava/lang/Object;+15 javafx.graphics
j  com.sun.glass.ui.Application.enterNestedEventLoop()Ljava/lang/Object;+14 javafx.graphics
j  com.sun.glass.ui.EventLoop.enter()Ljava/lang/Object;+42 javafx.graphics
j  com.sun.javafx.tk.quantum.QuantumToolkit.enterNestedEventLoop(Ljava/lang/Object;)Ljava/lang/Object;+95 javafx.graphics
j  javafx.stage.Stage.showAndWait()V+93 javafx.graphics
j  javafx.scene.control.HeavyweightDialog.showAndWait()V+22 javafx.controls
j  javafx.scene.control.Dialog.showAndWait()Ljava/util/Optional;+86 javafx.controls
j  com.example.livecycle.controllers.auth.FaceAuthController.showAlert(Ljava/lang/String;Ljava/lang/String;)V+27 com.example.livecycle
j  com.example.livecycle.controllers.auth.FaceAuthController.lambda$handleFaceLogin$12(Ljava/lang/Exception;)V+24 com.example.livecycle
j  com.example.livecycle.controllers.auth.FaceAuthController$$Lambda+0x00000241904a5290.run()V+8 com.example.livecycle
J 4862 c1 com.sun.javafx.application.PlatformImpl$$Lambda+0x0000024190087d10.run()Ljava/lang/Object; javafx.graphics (8 bytes) @ 0x000002418097b18c [0x000002418097b040+0x000000000000014c]
J 4860 c1 com.sun.javafx.application.PlatformImpl.lambda$runLater$11(Ljava/lang/Runnable;Ljava/security/AccessControlContext;)V javafx.graphics (41 bytes) @ 0x000002418097c0c4 [0x000002418097bac0+0x0000000000000604]
J 4859 c1 com.sun.javafx.application.PlatformImpl$$Lambda+0x0000024190086cc0.run()V javafx.graphics (12 bytes) @ 0x000002418097a954 [0x000002418097a8c0+0x0000000000000094]
J 4502 c1 com.sun.glass.ui.InvokeLaterDispatcher$Future.run()V javafx.graphics (91 bytes) @ 0x00000241808a239c [0x00000241808a2280+0x000000000000011c]
v  ~StubRoutines::call_stub 0x000002418745100d
j  com.sun.glass.ui.win.WinApplication._enterNestedEventLoopImpl()Ljava/lang/Object;+0 javafx.graphics
j  com.sun.glass.ui.win.WinApplication._enterNestedEventLoop()Ljava/lang/Object;+15 javafx.graphics
j  com.sun.glass.ui.Application.enterNestedEventLoop()Ljava/lang/Object;+14 javafx.graphics
j  com.sun.glass.ui.EventLoop.enter()Ljava/lang/Object;+42 javafx.graphics
j  com.sun.javafx.tk.quantum.QuantumToolkit.enterNestedEventLoop(Ljava/lang/Object;)Ljava/lang/Object;+95 javafx.graphics
j  javafx.stage.Stage.showAndWait()V+93 javafx.graphics
j  javafx.scene.control.HeavyweightDialog.showAndWait()V+22 javafx.controls
j  javafx.scene.control.Dialog.showAndWait()Ljava/util/Optional;+86 javafx.controls
j  com.example.livecycle.controllers.auth.FaceAuthController.showAlert(Ljava/lang/String;Ljava/lang/String;)V+27 com.example.livecycle
j  com.example.livecycle.controllers.auth.FaceAuthController.lambda$handleFaceLogin$12(Ljava/lang/Exception;)V+24 com.example.livecycle
j  com.example.livecycle.controllers.auth.FaceAuthController$$Lambda+0x00000241904a5290.run()V+8 com.example.livecycle
J 4862 c1 com.sun.javafx.application.PlatformImpl$$Lambda+0x0000024190087d10.run()Ljava/lang/Object; javafx.graphics (8 bytes) @ 0x000002418097b18c [0x000002418097b040+0x000000000000014c]
J 4860 c1 com.sun.javafx.application.PlatformImpl.lambda$runLater$11(Ljava/lang/Runnable;Ljava/security/AccessControlContext;)V javafx.graphics (41 bytes) @ 0x000002418097c0c4 [0x000002418097bac0+0x0000000000000604]
J 4859 c1 com.sun.javafx.application.PlatformImpl$$Lambda+0x0000024190086cc0.run()V javafx.graphics (12 bytes) @ 0x000002418097a954 [0x000002418097a8c0+0x0000000000000094]
J 4502 c1 com.sun.glass.ui.InvokeLaterDispatcher$Future.run()V javafx.graphics (91 bytes) @ 0x00000241808a239c [0x00000241808a2280+0x000000000000011c]
v  ~StubRoutines::call_stub 0x000002418745100d
j  com.sun.glass.ui.win.WinApplication._enterNestedEventLoopImpl()Ljava/lang/Object;+0 javafx.graphics
j  com.sun.glass.ui.win.WinApplication._enterNestedEventLoop()Ljava/lang/Object;+15 javafx.graphics
j  com.sun.glass.ui.Application.enterNestedEventLoop()Ljava/lang/Object;+14 javafx.graphics
j  com.sun.glass.ui.EventLoop.enter()Ljava/lang/Object;+42 javafx.graphics
j  com.sun.javafx.tk.quantum.QuantumToolkit.enterNestedEventLoop(Ljava/lang/Object;)Ljava/lang/Object;+95 javafx.graphics
j  javafx.stage.Stage.showAndWait()V+93 javafx.graphics
j  javafx.scene.control.HeavyweightDialog.showAndWait()V+22 javafx.controls
j  javafx.scene.control.Dialog.showAndWait()Ljava/util/Optional;+86 javafx.controls
j  com.example.livecycle.controllers.auth.FaceAuthController.showAlert(Ljava/lang/String;Ljava/lang/String;)V+27 com.example.livecycle
j  com.example.livecycle.controllers.auth.FaceAuthController.lambda$handleFaceLogin$12(Ljava/lang/Exception;)V+24 com.example.livecycle
j  com.example.livecycle.controllers.auth.FaceAuthController$$Lambda+0x00000241904a5290.run()V+8 com.example.livecycle
J 4862 c1 com.sun.javafx.application.PlatformImpl$$Lambda+0x0000024190087d10.run()Ljava/lang/Object; javafx.graphics (8 bytes) @ 0x000002418097b18c [0x000002418097b040+0x000000000000014c]
J 4860 c1 com.sun.javafx.application.PlatformImpl.lambda$runLater$11(Ljava/lang/Runnable;Ljava/security/AccessControlContext;)V javafx.graphics (41 bytes) @ 0x000002418097c0c4 [0x000002418097bac0+0x0000000000000604]
J 4859 c1 com.sun.javafx.application.PlatformImpl$$Lambda+0x0000024190086cc0.run()V javafx.graphics (12 bytes) @ 0x000002418097a954 [0x000002418097a8c0+0x0000000000000094]
J 4502 c1 com.sun.glass.ui.InvokeLaterDispatcher$Future.run()V javafx.graphics (91 bytes) @ 0x00000241808a239c [0x00000241808a2280+0x000000000000011c]
v  ~StubRoutines::call_stub 0x000002418745100d
j  com.sun.glass.ui.win.WinApplication._enterNestedEventLoopImpl()Ljava/lang/Object;+0 javafx.graphics
j  com.sun.glass.ui.win.WinApplication._enterNestedEventLoop()Ljava/lang/Object;+15 javafx.graphics
j  com.sun.glass.ui.Application.enterNestedEventLoop()Ljava/lang/Object;+14 javafx.graphics
j  com.sun.glass.ui.EventLoop.enter()Ljava/lang/Object;+42 javafx.graphics
j  com.sun.javafx.tk.quantum.QuantumToolkit.enterNestedEventLoop(Ljava/lang/Object;)Ljava/lang/Object;+95 javafx.graphics
j  javafx.stage.Stage.showAndWait()V+93 javafx.graphics
j  javafx.scene.control.HeavyweightDialog.showAndWait()V+22 javafx.controls
j  javafx.scene.control.Dialog.showAndWait()Ljava/util/Optional;+86 javafx.controls
j  com.example.livecycle.controllers.auth.FaceAuthController.showAlert(Ljava/lang/String;Ljava/lang/String;)V+27 com.example.livecycle
j  com.example.livecycle.controllers.auth.FaceAuthController.lambda$handleFaceLogin$12(Ljava/lang/Exception;)V+24 com.example.livecycle
j  com.example.livecycle.controllers.auth.FaceAuthController$$Lambda+0x00000241904a5290.run()V+8 com.example.livecycle
J 4862 c1 com.sun.javafx.application.PlatformImpl$$Lambda+0x0000024190087d10.run()Ljava/lang/Object; javafx.graphics (8 bytes) @ 0x000002418097b18c [0x000002418097b040+0x000000000000014c]
J 4860 c1 com.sun.javafx.application.PlatformImpl.lambda$runLater$11(Ljava/lang/Runnable;Ljava/security/AccessControlContext;)V javafx.graphics (41 bytes) @ 0x000002418097c0c4 [0x000002418097bac0+0x0000000000000604]
J 4859 c1 com.sun.javafx.application.PlatformImpl$$Lambda+0x0000024190086cc0.run()V javafx.graphics (12 bytes) @ 0x000002418097a954 [0x000002418097a8c0+0x0000000000000094]
J 4502 c1 com.sun.glass.ui.InvokeLaterDispatcher$Future.run()V javafx.graphics (91 bytes) @ 0x00000241808a239c [0x00000241808a2280+0x000000000000011c]
v  ~StubRoutines::call_stub 0x000002418745100d
j  com.sun.glass.ui.win.WinApplication._enterNestedEventLoopImpl()Ljava/lang/Object;+0 javafx.graphics
j  com.sun.glass.ui.win.WinApplication._enterNestedEventLoop()Ljava/lang/Object;+15 javafx.graphics
j  com.sun.glass.ui.Application.enterNestedEventLoop()Ljava/lang/Object;+14 javafx.graphics
j  com.sun.glass.ui.EventLoop.enter()Ljava/lang/Object;+42 javafx.graphics
j  com.sun.javafx.tk.quantum.QuantumToolkit.enterNestedEventLoop(Ljava/lang/Object;)Ljava/lang/Object;+95 javafx.graphics
j  javafx.stage.Stage.showAndWait()V+93 javafx.graphics
j  javafx.scene.control.HeavyweightDialog.showAndWait()V+22 javafx.controls
j  javafx.scene.control.Dialog.showAndWait()Ljava/util/Optional;+86 javafx.controls
j  com.example.livecycle.controllers.auth.FaceAuthController.showAlert(Ljava/lang/String;Ljava/lang/String;)V+27 com.example.livecycle
j  com.example.livecycle.controllers.auth.FaceAuthController.lambda$handleFaceLogin$12(Ljava/lang/Exception;)V+24 com.example.livecycle
j  com.example.livecycle.controllers.auth.FaceAuthController$$Lambda+0x00000241904a5290.run()V+8 com.example.livecycle
J 4862 c1 com.sun.javafx.application.PlatformImpl$$Lambda+0x0000024190087d10.run()Ljava/lang/Object; javafx.graphics (8 bytes) @ 0x000002418097b18c [0x000002418097b040+0x000000000000014c]
J 4860 c1 com.sun.javafx.application.PlatformImpl.lambda$runLater$11(Ljava/lang/Runnable;Ljava/security/AccessControlContext;)V javafx.graphics (41 bytes) @ 0x000002418097c0c4 [0x000002418097bac0+0x0000000000000604]
J 4859 c1 com.sun.javafx.application.PlatformImpl$$Lambda+0x0000024190086cc0.run()V javafx.graphics (12 bytes) @ 0x000002418097a954 [0x000002418097a8c0+0x0000000000000094]
J 4502 c1 com.sun.glass.ui.InvokeLaterDispatcher$Future.run()V javafx.graphics (91 bytes) @ 0x00000241808a239c [0x00000241808a2280+0x000000000000011c]
v  ~StubRoutines::call_stub 0x000002418745100d
j  com.sun.glass.ui.win.WinApplication._enterNestedEventLoopImpl()Ljava/lang/Object;+0 javafx.graphics
j  com.sun.glass.ui.win.WinApplication._enterNestedEventLoop()Ljava/lang/Object;+15 javafx.graphics
j  com.sun.glass.ui.Application.enterNestedEventLoop()Ljava/lang/Object;+14 javafx.graphics
j  com.sun.glass.ui.EventLoop.enter()Ljava/lang/Object;+42 javafx.graphics
j  com.sun.javafx.tk.quantum.QuantumToolkit.enterNestedEventLoop(Ljava/lang/Object;)Ljava/lang/Object;+95 javafx.graphics
j  javafx.stage.Stage.showAndWait()V+93 javafx.graphics
j  javafx.scene.control.HeavyweightDialog.showAndWait()V+22 javafx.controls
j  javafx.scene.control.Dialog.showAndWait()Ljava/util/Optional;+86 javafx.controls
j  com.example.livecycle.controllers.auth.FaceAuthController.showAlert(Ljava/lang/String;Ljava/lang/String;)V+27 com.example.livecycle
j  com.example.livecycle.controllers.auth.FaceAuthController.lambda$handleFaceLogin$12(Ljava/lang/Exception;)V+24 com.example.livecycle
j  com.example.livecycle.controllers.auth.FaceAuthController$$Lambda+0x00000241904a5290.run()V+8 com.example.livecycle
J 4862 c1 com.sun.javafx.application.PlatformImpl$$Lambda+0x0000024190087d10.run()Ljava/lang/Object; javafx.graphics (8 bytes) @ 0x000002418097b18c [0x000002418097b040+0x000000000000014c]
J 4860 c1 com.sun.javafx.application.PlatformImpl.lambda$runLater$11(Ljava/lang/Runnable;Ljava/security/AccessControlContext;)V javafx.graphics (41 bytes) @ 0x000002418097c0c4 [0x000002418097bac0+0x0000000000000604]
J 4859 c1 com.sun.javafx.application.PlatformImpl$$Lambda+0x0000024190086cc0.run()V javafx.graphics (12 bytes) @ 0x000002418097a954 [0x000002418097a8c0+0x0000000000000094]
J 4502 c1 com.sun.glass.ui.InvokeLaterDispatcher$Future.run()V javafx.graphics (91 bytes) @ 0x00000241808a239c [0x00000241808a2280+0x000000000000011c]
v  ~StubRoutines::call_stub 0x000002418745100d
j  com.sun.glass.ui.win.WinApplication._enterNestedEventLoopImpl()Ljava/lang/Object;+0 javafx.graphics
j  com.sun.glass.ui.win.WinApplication._enterNestedEventLoop()Ljava/lang/Object;+15 javafx.graphics
j  com.sun.glass.ui.Application.enterNestedEventLoop()Ljava/lang/Object;+14 javafx.graphics
j  com.sun.glass.ui.EventLoop.enter()Ljava/lang/Object;+42 javafx.graphics
j  com.sun.javafx.tk.quantum.QuantumToolkit.enterNestedEventLoop(Ljava/lang/Object;)Ljava/lang/Object;+95 javafx.graphics
j  javafx.stage.Stage.showAndWait()V+93 javafx.graphics
j  javafx.scene.control.HeavyweightDialog.showAndWait()V+22 javafx.controls
j  javafx.scene.control.Dialog.showAndWait()Ljava/util/Optional;+86 javafx.controls
j  com.example.livecycle.controllers.auth.FaceAuthController.showAlert(Ljava/lang/String;Ljava/lang/String;)V+27 com.example.livecycle
j  com.example.livecycle.controllers.auth.FaceAuthController.lambda$handleFaceLogin$12(Ljava/lang/Exception;)V+24 com.example.livecycle
j  com.example.livecycle.controllers.auth.FaceAuthController$$Lambda+0x00000241904a5290.run()V+8 com.example.livecycle
J 4862 c1 com.sun.javafx.application.PlatformImpl$$Lambda+0x0000024190087d10.run()Ljava/lang/Object; javafx.graphics (8 bytes) @ 0x000002418097b18c [0x000002418097b040+0x000000000000014c]
J 4860 c1 com.sun.javafx.application.PlatformImpl.lambda$runLater$11(Ljava/lang/Runnable;Ljava/security/AccessControlContext;)V javafx.graphics (41 bytes) @ 0x000002418097c0c4 [0x000002418097bac0+0x0000000000000604]
J 4859 c1 com.sun.javafx.application.PlatformImpl$$Lambda+0x0000024190086cc0.run()V javafx.graphics (12 bytes) @ 0x000002418097a954 [0x000002418097a8c0+0x0000000000000094]
J 4502 c1 com.sun.glass.ui.InvokeLaterDispatcher$Future.run()V javafx.graphics (91 bytes) @ 0x00000241808a239c [0x00000241808a2280+0x000000000000011c]
v  ~StubRoutines::call_stub 0x000002418745100d
j  com.sun.glass.ui.win.WinApplication._enterNestedEventLoopImpl()Ljava/lang/Object;+0 javafx.graphics
j  com.sun.glass.ui.win.WinApplication._enterNestedEventLoop()Ljava/lang/Object;+15 javafx.graphics
j  com.sun.glass.ui.Application.enterNestedEventLoop()Ljava/lang/Object;+14 javafx.graphics
j  com.sun.glass.ui.EventLoop.enter()Ljava/lang/Object;+42 javafx.graphics
j  com.sun.javafx.tk.quantum.QuantumToolkit.enterNestedEventLoop(Ljava/lang/Object;)Ljava/lang/Object;+95 javafx.graphics
j  javafx.stage.Stage.showAndWait()V+93 javafx.graphics
j  javafx.scene.control.HeavyweightDialog.showAndWait()V+22 javafx.controls
j  javafx.scene.control.Dialog.showAndWait()Ljava/util/Optional;+86 javafx.controls
j  com.example.livecycle.controllers.auth.FaceAuthController.showAlert(Ljava/lang/String;Ljava/lang/String;)V+27 com.example.livecycle
j  com.example.livecycle.controllers.auth.FaceAuthController.lambda$handleFaceLogin$12(Ljava/lang/Exception;)V+24 com.example.livecycle
j  com.example.livecycle.controllers.auth.FaceAuthController$$Lambda+0x00000241904a5290.run()V+8 com.example.livecycle
J 4862 c1 com.sun.javafx.application.PlatformImpl$$Lambda+0x0000024190087d10.run()Ljava/lang/Object; javafx.graphics (8 bytes) @ 0x000002418097b18c [0x000002418097b040+0x000000000000014c]
J 4860 c1 com.sun.javafx.application.PlatformImpl.lambda$runLater$11(Ljava/lang/Runnable;Ljava/security/AccessControlContext;)V javafx.graphics (41 bytes) @ 0x000002418097c0c4 [0x000002418097bac0+0x0000000000000604]
J 4859 c1 com.sun.javafx.application.PlatformImpl$$Lambda+0x0000024190086cc0.run()V javafx.graphics (12 bytes) @ 0x000002418097a954 [0x000002418097a8c0+0x0000000000000094]
J 4502 c1 com.sun.glass.ui.InvokeLaterDispatcher$Future.run()V javafx.graphics (91 bytes) @ 0x00000241808a239c [0x00000241808a2280+0x000000000000011c]
v  ~StubRoutines::call_stub 0x000002418745100d
j  com.sun.glass.ui.win.WinApplication._enterNestedEventLoopImpl()Ljava/lang/Object;+0 javafx.graphics
j  com.sun.glass.ui.win.WinApplication._enterNestedEventLoop()Ljava/lang/Object;+15 javafx.graphics
j  com.sun.glass.ui.Application.enterNestedEventLoop()Ljava/lang/Object;+14 javafx.graphics
j  com.sun.glass.ui.EventLoop.enter()Ljava/lang/Object;+42 javafx.graphics
j  com.sun.javafx.tk.quantum.QuantumToolkit.enterNestedEventLoop(Ljava/lang/Object;)Ljava/lang/Object;+95 javafx.graphics
j  javafx.stage.Stage.showAndWait()V+93 javafx.graphics
j  javafx.scene.control.HeavyweightDialog.showAndWait()V+22 javafx.controls
j  javafx.scene.control.Dialog.showAndWait()Ljava/util/Optional;+86 javafx.controls
j  com.example.livecycle.controllers.auth.FaceAuthController.showAlert(Ljava/lang/String;Ljava/lang/String;)V+27 com.example.livecycle
j  com.example.livecycle.controllers.auth.FaceAuthController.lambda$handleFaceLogin$12(Ljava/lang/Exception;)V+24 com.example.livecycle
j  com.example.livecycle.controllers.auth.FaceAuthController$$Lambda+0x00000241904a5290.run()V+8 com.example.livecycle
J 4862 c1 com.sun.javafx.application.PlatformImpl$$Lambda+0x0000024190087d10.run()Ljava/lang/Object; javafx.graphics (8 bytes) @ 0x000002418097b18c [0x000002418097b040+0x000000000000014c]
J 4860 c1 com.sun.javafx.application.PlatformImpl.lambda$runLater$11(Ljava/lang/Runnable;Ljava/security/AccessControlContext;)V javafx.graphics (41 bytes) @ 0x000002418097c0c4 [0x000002418097bac0+0x0000000000000604]
J 4859 c1 com.sun.javafx.application.PlatformImpl$$Lambda+0x0000024190086cc0.run()V javafx.graphics (12 bytes) @ 0x000002418097a954 [0x000002418097a8c0+0x0000000000000094]
J 4502 c1 com.sun.glass.ui.InvokeLaterDispatcher$Future.run()V javafx.graphics (91 bytes) @ 0x00000241808a239c [0x00000241808a2280+0x000000000000011c]
v  ~StubRoutines::call_stub 0x000002418745100d
j  com.sun.glass.ui.win.WinApplication._enterNestedEventLoopImpl()Ljava/lang/Object;+0 javafx.graphics
j  com.sun.glass.ui.win.WinApplication._enterNestedEventLoop()Ljava/lang/Object;+15 javafx.graphics
j  com.sun.glass.ui.Application.enterNestedEventLoop()Ljava/lang/Object;+14 javafx.graphics
j  com.sun.glass.ui.EventLoop.enter()Ljava/lang/Object;+42 javafx.graphics
j  com.sun.javafx.tk.quantum.QuantumToolkit.enterNestedEventLoop(Ljava/lang/Object;)Ljava/lang/Object;+95 javafx.graphics
j  javafx.stage.Stage.showAndWait()V+93 javafx.graphics
j  javafx.scene.control.HeavyweightDialog.showAndWait()V+22 javafx.controls
j  javafx.scene.control.Dialog.showAndWait()Ljava/util/Optional;+86 javafx.controls
j  com.example.livecycle.controllers.auth.FaceAuthController.showAlert(Ljava/lang/String;Ljava/lang/String;)V+27 com.example.livecycle
j  com.example.livecycle.controllers.auth.FaceAuthController.lambda$handleFaceLogin$12(Ljava/lang/Exception;)V+24 com.example.livecycle
j  com.example.livecycle.controllers.auth.FaceAuthController$$Lambda+0x00000241904a5290.run()V+8 com.example.livecycle
J 4862 c1 com.sun.javafx.application.PlatformImpl$$Lambda+0x0000024190087d10.run()Ljava/lang/Object; javafx.graphics (8 bytes) @ 0x000002418097b18c [0x000002418097b040+0x000000000000014c]
J 4860 c1 com.sun.javafx.application.PlatformImpl.lambda$runLater$11(Ljava/lang/Runnable;Ljava/security/AccessControlContext;)V javafx.graphics (41 bytes) @ 0x000002418097c0c4 [0x000002418097bac0+0x0000000000000604]
J 4859 c1 com.sun.javafx.application.PlatformImpl$$Lambda+0x0000024190086cc0.run()V javafx.graphics (12 bytes) @ 0x000002418097a954 [0x000002418097a8c0+0x0000000000000094]
J 4502 c1 com.sun.glass.ui.InvokeLaterDispatcher$Future.run()V javafx.graphics (91 bytes) @ 0x00000241808a239c [0x00000241808a2280+0x000000000000011c]
v  ~StubRoutines::call_stub 0x000002418745100d
j  com.sun.glass.ui.win.WinApplication._enterNestedEventLoopImpl()Ljava/lang/Object;+0 javafx.graphics
j  com.sun.glass.ui.win.WinApplication._enterNestedEventLoop()Ljava/lang/Object;+15 javafx.graphics
j  com.sun.glass.ui.Application.enterNestedEventLoop()Ljava/lang/Object;+14 javafx.graphics
j  com.sun.glass.ui.EventLoop.enter()Ljava/lang/Object;+42 javafx.graphics
j  com.sun.javafx.tk.quantum.QuantumToolkit.enterNestedEventLoop(Ljava/lang/Object;)Ljava/lang/Object;+95 javafx.graphics
j  javafx.stage.Stage.showAndWait()V+93 javafx.graphics
j  javafx.scene.control.HeavyweightDialog.showAndWait()V+22 javafx.controls
j  javafx.scene.control.Dialog.showAndWait()Ljava/util/Optional;+86 javafx.controls
j  com.example.livecycle.controllers.auth.FaceAuthController.showAlert(Ljava/lang/String;Ljava/lang/String;)V+27 com.example.livecycle
j  com.example.livecycle.controllers.auth.FaceAuthController.lambda$handleFaceLogin$12(Ljava/lang/Exception;)V+24 com.example.livecycle
j  com.example.livecycle.controllers.auth.FaceAuthController$$Lambda+0x00000241904a5290.run()V+8 com.example.livecycle
J 4862 c1 com.sun.javafx.application.PlatformImpl$$Lambda+0x0000024190087d10.run()Ljava/lang/Object; javafx.graphics (8 bytes) @ 0x000002418097b18c [0x000002418097b040+0x000000000000014c]
J 4860 c1 com.sun.javafx.application.PlatformImpl.lambda$runLater$11(Ljava/lang/Runnable;Ljava/security/AccessControlContext;)V javafx.graphics (41 bytes) @ 0x000002418097c0c4 [0x000002418097bac0+0x0000000000000604]
J 4859 c1 com.sun.javafx.application.PlatformImpl$$Lambda+0x0000024190086cc0.run()V javafx.graphics (12 bytes) @ 0x000002418097a954 [0x000002418097a8c0+0x0000000000000094]
J 4502 c1 com.sun.glass.ui.InvokeLaterDispatcher$Future.run()V javafx.graphics (91 bytes) @ 0x00000241808a239c [0x00000241808a2280+0x000000000000011c]
v  ~StubRoutines::call_stub 0x000002418745100d
j  com.sun.glass.ui.win.WinApplication._enterNestedEventLoopImpl()Ljava/lang/Object;+0 javafx.graphics
j  com.sun.glass.ui.win.WinApplication._enterNestedEventLoop()Ljava/lang/Object;+15 javafx.graphics
j  com.sun.glass.ui.Application.enterNestedEventLoop()Ljava/lang/Object;+14 javafx.graphics
j  com.sun.glass.ui.EventLoop.enter()Ljava/lang/Object;+42 javafx.graphics
j  com.sun.javafx.tk.quantum.QuantumToolkit.enterNestedEventLoop(Ljava/lang/Object;)Ljava/lang/Object;+95 javafx.graphics
j  javafx.stage.Stage.showAndWait()V+93 javafx.graphics
j  javafx.scene.control.HeavyweightDialog.showAndWait()V+22 javafx.controls
j  javafx.scene.control.Dialog.showAndWait()Ljava/util/Optional;+86 javafx.controls
j  com.example.livecycle.controllers.auth.FaceAuthController.showAlert(Ljava/lang/String;Ljava/lang/String;)V+27 com.example.livecycle
j  com.example.livecycle.controllers.auth.FaceAuthController.lambda$handleFaceLogin$12(Ljava/lang/Exception;)V+24 com.example.livecycle
j  com.example.livecycle.controllers.auth.FaceAuthController$$Lambda+0x00000241904a5290.run()V+8 com.example.livecycle
J 4862 c1 com.sun.javafx.application.PlatformImpl$$Lambda+0x0000024190087d10.run()Ljava/lang/Object; javafx.graphics (8 bytes) @ 0x000002418097b18c [0x000002418097b040+0x000000000000014c]
J 4860 c1 com.sun.javafx.application.PlatformImpl.lambda$runLater$11(Ljava/lang/Runnable;Ljava/security/AccessControlContext;)V javafx.graphics (41 bytes) @ 0x000002418097c0c4 [0x000002418097bac0+0x0000000000000604]
J 4859 c1 com.sun.javafx.application.PlatformImpl$$Lambda+0x0000024190086cc0.run()V javafx.graphics (12 bytes) @ 0x000002418097a954 [0x000002418097a8c0+0x0000000000000094]
J 4502 c1 com.sun.glass.ui.InvokeLaterDispatcher$Future.run()V javafx.graphics (91 bytes) @ 0x00000241808a239c [0x00000241808a2280+0x000000000000011c]
v  ~StubRoutines::call_stub 0x000002418745100d
j  com.sun.glass.ui.win.WinApplication._enterNestedEventLoopImpl()Ljava/lang/Object;+0 javafx.graphics
j  com.sun.glass.ui.win.WinApplication._enterNestedEventLoop()Ljava/lang/Object;+15 javafx.graphics
j  com.sun.glass.ui.Application.enterNestedEventLoop()Ljava/lang/Object;+14 javafx.graphics
j  com.sun.glass.ui.EventLoop.enter()Ljava/lang/Object;+42 javafx.graphics
j  com.sun.javafx.tk.quantum.QuantumToolkit.enterNestedEventLoop(Ljava/lang/Object;)Ljava/lang/Object;+95 javafx.graphics
j  javafx.stage.Stage.showAndWait()V+93 javafx.graphics
j  javafx.scene.control.HeavyweightDialog.showAndWait()V+22 javafx.controls
j  javafx.scene.control.Dialog.showAndWait()Ljava/util/Optional;+86 javafx.controls
j  com.example.livecycle.controllers.auth.FaceAuthController.showAlert(Ljava/lang/String;Ljava/lang/String;)V+27 com.example.livecycle
j  com.example.livecycle.controllers.auth.FaceAuthController.lambda$handleFaceLogin$12(Ljava/lang/Exception;)V+24 com.example.livecycle
j  com.example.livecycle.controllers.auth.FaceAuthController$$Lambda+0x00000241904a5290.run()V+8 com.example.livecycle
J 4862 c1 com.sun.javafx.application.PlatformImpl$$Lambda+0x0000024190087d10.run()Ljava/lang/Object; javafx.graphics (8 bytes) @ 0x000002418097b18c [0x000002418097b040+0x000000000000014c]
J 4860 c1 com.sun.javafx.application.PlatformImpl.lambda$runLater$11(Ljava/lang/Runnable;Ljava/security/AccessControlContext;)V javafx.graphics (41 bytes) @ 0x000002418097c0c4 [0x000002418097bac0+0x0000000000000604]
J 4859 c1 com.sun.javafx.application.PlatformImpl$$Lambda+0x0000024190086cc0.run()V javafx.graphics (12 bytes) @ 0x000002418097a954 [0x000002418097a8c0+0x0000000000000094]
J 4502 c1 com.sun.glass.ui.InvokeLaterDispatcher$Future.run()V javafx.graphics (91 bytes) @ 0x00000241808a239c [0x00000241808a2280+0x000000000000011c]
v  ~StubRoutines::call_stub 0x000002418745100d
j  com.sun.glass.ui.win.WinApplication._enterNestedEventLoopImpl()Ljava/lang/Object;+0 javafx.graphics
j  com.sun.glass.ui.win.WinApplication._enterNestedEventLoop()Ljava/lang/Object;+15 javafx.graphics
j  com.sun.glass.ui.Application.enterNestedEventLoop()Ljava/lang/Object;+14 javafx.graphics
j  com.sun.glass.ui.EventLoop.enter()Ljava/lang/Object;+42 javafx.graphics
j  com.sun.javafx.tk.quantum.QuantumToolkit.enterNestedEventLoop(Ljava/lang/Object;)Ljava/lang/Object;+95 javafx.graphics
j  javafx.stage.Stage.showAndWait()V+93 javafx.graphics
j  javafx.scene.control.HeavyweightDialog.showAndWait()V+22 javafx.controls
j  javafx.scene.control.Dialog.showAndWait()Ljava/util/Optional;+86 javafx.controls
j  com.example.livecycle.controllers.auth.FaceAuthController.showAlert(Ljava/lang/String;Ljava/lang/String;)V+27 com.example.livecycle
j  com.example.livecycle.controllers.auth.FaceAuthController.lambda$handleFaceLogin$12(Ljava/lang/Exception;)V+24 com.example.livecycle
j  com.example.livecycle.controllers.auth.FaceAuthController$$Lambda+0x00000241904a5290.run()V+8 com.example.livecycle
J 4862 c1 com.sun.javafx.application.PlatformImpl$$Lambda+0x0000024190087d10.run()Ljava/lang/Object; javafx.graphics (8 bytes) @ 0x000002418097b18c [0x000002418097b040+0x000000000000014c]
J 4860 c1 com.sun.javafx.application.PlatformImpl.lambda$runLater$11(Ljava/lang/Runnable;Ljava/security/AccessControlContext;)V javafx.graphics (41 bytes) @ 0x000002418097c0c4 [0x000002418097bac0+0x0000000000000604]
J 4859 c1 com.sun.javafx.application.PlatformImpl$$Lambda+0x0000024190086cc0.run()V javafx.graphics (12 bytes) @ 0x000002418097a954 [0x000002418097a8c0+0x0000000000000094]
J 4502 c1 com.sun.glass.ui.InvokeLaterDispatcher$Future.run()V javafx.graphics (91 bytes) @ 0x00000241808a239c [0x00000241808a2280+0x000000000000011c]
v  ~StubRoutines::call_stub 0x000002418745100d
j  com.sun.glass.ui.win.WinApplication._enterNestedEventLoopImpl()Ljava/lang/Object;+0 javafx.graphics
j  com.sun.glass.ui.win.WinApplication._enterNestedEventLoop()Ljava/lang/Object;+15 javafx.graphics
j  com.sun.glass.ui.Application.enterNestedEventLoop()Ljava/lang/Object;+14 javafx.graphics
j  com.sun.glass.ui.EventLoop.enter()Ljava/lang/Object;+42 javafx.graphics
j  com.sun.javafx.tk.quantum.QuantumToolkit.enterNestedEventLoop(Ljava/lang/Object;)Ljava/lang/Object;+95 javafx.graphics
j  javafx.stage.Stage.showAndWait()V+93 javafx.graphics
j  javafx.scene.control.HeavyweightDialog.showAndWait()V+22 javafx.controls
j  javafx.scene.control.Dialog.showAndWait()Ljava/util/Optional;+86 javafx.controls
j  com.example.livecycle.controllers.auth.FaceAuthController.showAlert(Ljava/lang/String;Ljava/lang/String;)V+27 com.example.livecycle
j  com.example.livecycle.controllers.auth.FaceAuthController.lambda$handleFaceLogin$12(Ljava/lang/Exception;)V+24 com.example.livecycle
j  com.example.livecycle.controllers.auth.FaceAuthController$$Lambda+0x00000241904a5290.run()V+8 com.example.livecycle
J 4862 c1 com.sun.javafx.application.PlatformImpl$$Lambda+0x0000024190087d10.run()Ljava/lang/Object; javafx.graphics (8 bytes) @ 0x000002418097b18c [0x000002418097b040+0x000000000000014c]
J 4860 c1 com.sun.javafx.application.PlatformImpl.lambda$runLater$11(Ljava/lang/Runnable;Ljava/security/AccessControlContext;)V javafx.graphics (41 bytes) @ 0x000002418097c0c4 [0x000002418097bac0+0x0000000000000604]
J 4859 c1 com.sun.javafx.application.PlatformImpl$$Lambda+0x0000024190086cc0.run()V javafx.graphics (12 bytes) @ 0x000002418097a954 [0x000002418097a8c0+0x0000000000000094]
J 4502 c1 com.sun.glass.ui.InvokeLaterDispatcher$Future.run()V javafx.graphics (91 bytes) @ 0x00000241808a239c [0x00000241808a2280+0x000000000000011c]
v  ~StubRoutines::call_stub 0x000002418745100d
j  com.sun.glass.ui.win.WinApplication._enterNestedEventLoopImpl()Ljava/lang/Object;+0 javafx.graphics
j  com.sun.glass.ui.win.WinApplication._enterNestedEventLoop()Ljava/lang/Object;+15 javafx.graphics
j  com.sun.glass.ui.Application.enterNestedEventLoop()Ljava/lang/Object;+14 javafx.graphics
j  com.sun.glass.ui.EventLoop.enter()Ljava/lang/Object;+42 javafx.graphics
j  com.sun.javafx.tk.quantum.QuantumToolkit.enterNestedEventLoop(Ljava/lang/Object;)Ljava/lang/Object;+95 javafx.graphics
j  javafx.stage.Stage.showAndWait()V+93 javafx.graphics
j  javafx.scene.control.HeavyweightDialog.showAndWait()V+22 javafx.controls
j  javafx.scene.control.Dialog.showAndWait()Ljava/util/Optional;+86 javafx.controls
j  com.example.livecycle.controllers.auth.FaceAuthController.showAlert(Ljava/lang/String;Ljava/lang/String;)V+27 com.example.livecycle
j  com.example.livecycle.controllers.auth.FaceAuthController.lambda$handleFaceLogin$12(Ljava/lang/Exception;)V+24 com.example.livecycle
j  com.example.livecycle.controllers.auth.FaceAuthController$$Lambda+0x00000241904a5290.run()V+8 com.example.livecycle
J 4862 c1 com.sun.javafx.application.PlatformImpl$$Lambda+0x0000024190087d10.run()Ljava/lang/Object; javafx.graphics (8 bytes) @ 0x000002418097b18c [0x000002418097b040+0x000000000000014c]
J 4860 c1 com.sun.javafx.application.PlatformImpl.lambda$runLater$11(Ljava/lang/Runnable;Ljava/security/AccessControlContext;)V javafx.graphics (41 bytes) @ 0x000002418097c0c4 [0x000002418097bac0+0x0000000000000604]
J 4859 c1 com.sun.javafx.application.PlatformImpl$$Lambda+0x0000024190086cc0.run()V javafx.graphics (12 bytes) @ 0x000002418097a954 [0x000002418097a8c0+0x0000000000000094]
J 4502 c1 com.sun.glass.ui.InvokeLaterDispatcher$Future.run()V javafx.graphics (91 bytes) @ 0x00000241808a239c [0x00000241808a2280+0x000000000000011c]
v  ~StubRoutines::call_stub 0x000002418745100d
j  com.sun.glass.ui.win.WinApplication._enterNestedEventLoopImpl()Ljava/lang/Object;+0 javafx.graphics
j  com.sun.glass.ui.win.WinApplication._enterNestedEventLoop()Ljava/lang/Object;+15 javafx.graphics
j  com.sun.glass.ui.Application.enterNestedEventLoop()Ljava/lang/Object;+14 javafx.graphics
j  com.sun.glass.ui.EventLoop.enter()Ljava/lang/Object;+42 javafx.graphics
j  com.sun.javafx.tk.quantum.QuantumToolkit.enterNestedEventLoop(Ljava/lang/Object;)Ljava/lang/Object;+95 javafx.graphics
j  javafx.stage.Stage.showAndWait()V+93 javafx.graphics
j  javafx.scene.control.HeavyweightDialog.showAndWait()V+22 javafx.controls
j  javafx.scene.control.Dialog.showAndWait()Ljava/util/Optional;+86 javafx.controls
j  com.example.livecycle.controllers.auth.FaceAuthController.showAlert(Ljava/lang/String;Ljava/lang/String;)V+27 com.example.livecycle
j  com.example.livecycle.controllers.auth.FaceAuthController.lambda$handleFaceLogin$12(Ljava/lang/Exception;)V+24 com.example.livecycle
j  com.example.livecycle.controllers.auth.FaceAuthController$$Lambda+0x00000241904a5290.run()V+8 com.example.livecycle
J 4862 c1 com.sun.javafx.application.PlatformImpl$$Lambda+0x0000024190087d10.run()Ljava/lang/Object; javafx.graphics (8 bytes) @ 0x000002418097b18c [0x000002418097b040+0x000000000000014c]
J 4860 c1 com.sun.javafx.application.PlatformImpl.lambda$runLater$11(Ljava/lang/Runnable;Ljava/security/AccessControlContext;)V javafx.graphics (41 bytes) @ 0x000002418097c0c4 [0x000002418097bac0+0x0000000000000604]
J 4859 c1 com.sun.javafx.application.PlatformImpl$$Lambda+0x0000024190086cc0.run()V javafx.graphics (12 bytes) @ 0x000002418097a954 [0x000002418097a8c0+0x0000000000000094]
J 4502 c1 com.sun.glass.ui.InvokeLaterDispatcher$Future.run()V javafx.graphics (91 bytes) @ 0x00000241808a239c [0x00000241808a2280+0x000000000000011c]
v  ~StubRoutines::call_stub 0x000002418745100d
j  com.sun.glass.ui.win.WinApplication._enterNestedEventLoopImpl()Ljava/lang/Object;+0 javafx.graphics
j  com.sun.glass.ui.win.WinApplication._enterNestedEventLoop()Ljava/lang/Object;+15 javafx.graphics
j  com.sun.glass.ui.Application.enterNestedEventLoop()Ljava/lang/Object;+14 javafx.graphics
j  com.sun.glass.ui.EventLoop.enter()Ljava/lang/Object;+42 javafx.graphics
j  com.sun.javafx.tk.quantum.QuantumToolkit.enterNestedEventLoop(Ljava/lang/Object;)Ljava/lang/Object;+95 javafx.graphics
j  javafx.stage.Stage.showAndWait()V+93 javafx.graphics
j  javafx.scene.control.HeavyweightDialog.showAndWait()V+22 javafx.controls
j  javafx.scene.control.Dialog.showAndWait()Ljava/util/Optional;+86 javafx.controls
j  com.example.livecycle.controllers.auth.FaceAuthController.showAlert(Ljava/lang/String;Ljava/lang/String;)V+27 com.example.livecycle
j  com.example.livecycle.controllers.auth.FaceAuthController.lambda$handleFaceLogin$12(Ljava/lang/Exception;)V+24 com.example.livecycle
j  com.example.livecycle.controllers.auth.FaceAuthController$$Lambda+0x00000241904a5290.run()V+8 com.example.livecycle
J 4862 c1 com.sun.javafx.application.PlatformImpl$$Lambda+0x0000024190087d10.run()Ljava/lang/Object; javafx.graphics (8 bytes) @ 0x000002418097b18c [0x000002418097b040+0x000000000000014c]
J 4860 c1 com.sun.javafx.application.PlatformImpl.lambda$runLater$11(Ljava/lang/Runnable;Ljava/security/AccessControlContext;)V javafx.graphics (41 bytes) @ 0x000002418097c0c4 [0x000002418097bac0+0x0000000000000604]
J 4859 c1 com.sun.javafx.application.PlatformImpl$$Lambda+0x0000024190086cc0.run()V javafx.graphics (12 bytes) @ 0x000002418097a954 [0x000002418097a8c0+0x0000000000000094]
J 4502 c1 com.sun.glass.ui.InvokeLaterDispatcher$Future.run()V javafx.graphics (91 bytes) @ 0x00000241808a239c [0x00000241808a2280+0x000000000000011c]
v  ~StubRoutines::call_stub 0x000002418745100d
j  com.sun.glass.ui.win.WinApplication._enterNestedEventLoopImpl()Ljava/lang/Object;+0 javafx.graphics
j  com.sun.glass.ui.win.WinApplication._enterNestedEventLoop()Ljava/lang/Object;+15 javafx.graphics
j  com.sun.glass.ui.Application.enterNestedEventLoop()Ljava/lang/Object;+14 javafx.graphics
j  com.sun.glass.ui.EventLoop.enter()Ljava/lang/Object;+42 javafx.graphics
j  com.sun.javafx.tk.quantum.QuantumToolkit.enterNestedEventLoop(Ljava/lang/Object;)Ljava/lang/Object;+95 javafx.graphics
j  javafx.stage.Stage.showAndWait()V+93 javafx.graphics
j  javafx.scene.control.HeavyweightDialog.showAndWait()V+22 javafx.controls
j  javafx.scene.control.Dialog.showAndWait()Ljava/util/Optional;+86 javafx.controls
j  com.example.livecycle.controllers.auth.FaceAuthController.showAlert(Ljava/lang/String;Ljava/lang/String;)V+27 com.example.livecycle
j  com.example.livecycle.controllers.auth.FaceAuthController.lambda$handleFaceLogin$12(Ljava/lang/Exception;)V+24 com.example.livecycle
j  com.example.livecycle.controllers.auth.FaceAuthController$$Lambda+0x00000241904a5290.run()V+8 com.example.livecycle
J 4862 c1 com.sun.javafx.application.PlatformImpl$$Lambda+0x0000024190087d10.run()Ljava/lang/Object; javafx.graphics (8 bytes) @ 0x000002418097b18c [0x000002418097b040+0x000000000000014c]
J 4860 c1 com.sun.javafx.application.PlatformImpl.lambda$runLater$11(Ljava/lang/Runnable;Ljava/security/AccessControlContext;)V javafx.graphics (41 bytes) @ 0x000002418097c0c4 [0x000002418097bac0+0x0000000000000604]
J 4859 c1 com.sun.javafx.application.PlatformImpl$$Lambda+0x0000024190086cc0.run()V javafx.graphics (12 bytes) @ 0x000002418097a954 [0x000002418097a8c0+0x0000000000000094]
J 4502 c1 com.sun.glass.ui.InvokeLaterDispatcher$Future.run()V javafx.graphics (91 bytes) @ 0x00000241808a239c [0x00000241808a2280+0x000000000000011c]
v  ~StubRoutines::call_stub 0x000002418745100d
j  com.sun.glass.ui.win.WinApplication._enterNestedEventLoopImpl()Ljava/lang/Object;+0 javafx.graphics
j  com.sun.glass.ui.win.WinApplication._enterNestedEventLoop()Ljava/lang/Object;+15 javafx.graphics
j  com.sun.glass.ui.Application.enterNestedEventLoop()Ljava/lang/Object;+14 javafx.graphics
j  com.sun.glass.ui.EventLoop.enter()Ljava/lang/Object;+42 javafx.graphics
j  com.sun.javafx.tk.quantum.QuantumToolkit.enterNestedEventLoop(Ljava/lang/Object;)Ljava/lang/Object;+95 javafx.graphics
j  javafx.stage.Stage.showAndWait()V+93 javafx.graphics
j  javafx.scene.control.HeavyweightDialog.showAndWait()V+22 javafx.controls
j  javafx.scene.control.Dialog.showAndWait()Ljava/util/Optional;+86 javafx.controls
j  com.example.livecycle.controllers.auth.FaceAuthController.showAlert(Ljava/lang/String;Ljava/lang/String;)V+27 com.example.livecycle
j  com.example.livecycle.controllers.auth.FaceAuthController.lambda$handleFaceLogin$12(Ljava/lang/Exception;)V+24 com.example.livecycle
j  com.example.livecycle.controllers.auth.FaceAuthController$$Lambda+0x00000241904a5290.run()V+8 com.example.livecycle
J 4862 c1 com.sun.javafx.application.PlatformImpl$$Lambda+0x0000024190087d10.run()Ljava/lang/Object; javafx.graphics (8 bytes) @ 0x000002418097b18c [0x000002418097b040+0x000000000000014c]
J 4860 c1 com.sun.javafx.application.PlatformImpl.lambda$runLater$11(Ljava/lang/Runnable;Ljava/security/AccessControlContext;)V javafx.graphics (41 bytes) @ 0x000002418097c0c4 [0x000002418097bac0+0x0000000000000604]
J 4859 c1 com.sun.javafx.application.PlatformImpl$$Lambda+0x0000024190086cc0.run()V javafx.graphics (12 bytes) @ 0x000002418097a954 [0x000002418097a8c0+0x0000000000000094]
J 4502 c1 com.sun.glass.ui.InvokeLaterDispatcher$Future.run()V javafx.graphics (91 bytes) @ 0x00000241808a239c [0x00000241808a2280+0x000000000000011c]
v  ~StubRoutines::call_stub 0x000002418745100d
j  com.sun.glass.ui.win.WinApplication._enterNestedEventLoopImpl()Ljava/lang/Object;+0 javafx.graphics
j  com.sun.glass.ui.win.WinApplication._enterNestedEventLoop()Ljava/lang/Object;+15 javafx.graphics
j  com.sun.glass.ui.Application.enterNestedEventLoop()Ljava/lang/Object;+14 javafx.graphics
j  com.sun.glass.ui.EventLoop.enter()Ljava/lang/Object;+42 javafx.graphics
j  com.sun.javafx.tk.quantum.QuantumToolkit.enterNestedEventLoop(Ljava/lang/Object;)Ljava/lang/Object;+95 javafx.graphics
j  javafx.stage.Stage.showAndWait()V+93 javafx.graphics
j  javafx.scene.control.HeavyweightDialog.showAndWait()V+22 javafx.controls
j  javafx.scene.control.Dialog.showAndWait()Ljava/util/Optional;+86 javafx.controls
j  com.example.livecycle.controllers.auth.FaceAuthController.showAlert(Ljava/lang/String;Ljava/lang/String;)V+27 com.example.livecycle
j  com.example.livecycle.controllers.auth.FaceAuthController.lambda$handleFaceLogin$12(Ljava/lang/Exception;)V+24 com.example.livecycle
j  com.example.livecycle.controllers.auth.FaceAuthController$$Lambda+0x00000241904a5290.run()V+8 com.example.livecycle
J 4862 c1 com.sun.javafx.application.PlatformImpl$$Lambda+0x0000024190087d10.run()Ljava/lang/Object; javafx.graphics (8 bytes) @ 0x000002418097b18c [0x000002418097b040+0x000000000000014c]
J 4860 c1 com.sun.javafx.application.PlatformImpl.lambda$runLater$11(Ljava/lang/Runnable;Ljava/security/AccessControlContext;)V javafx.graphics (41 bytes) @ 0x000002418097c0c4 [0x000002418097bac0+0x0000000000000604]
J 4859 c1 com.sun.javafx.application.PlatformImpl$$Lambda+0x0000024190086cc0.run()V javafx.graphics (12 bytes) @ 0x000002418097a954 [0x000002418097a8c0+0x0000000000000094]
J 4502 c1 com.sun.glass.ui.InvokeLaterDispatcher$Future.run()V javafx.graphics (91 bytes) @ 0x00000241808a239c [0x00000241808a2280+0x000000000000011c]
v  ~StubRoutines::call_stub 0x000002418745100d
j  com.sun.glass.ui.win.WinApplication._enterNestedEventLoopImpl()Ljava/lang/Object;+0 javafx.graphics
j  com.sun.glass.ui.win.WinApplication._enterNestedEventLoop()Ljava/lang/Object;+15 javafx.graphics
j  com.sun.glass.ui.Application.enterNestedEventLoop()Ljava/lang/Object;+14 javafx.graphics
j  com.sun.glass.ui.EventLoop.enter()Ljava/lang/Object;+42 javafx.graphics
j  com.sun.javafx.tk.quantum.QuantumToolkit.enterNestedEventLoop(Ljava/lang/Object;)Ljava/lang/Object;+95 javafx.graphics
j  javafx.stage.Stage.showAndWait()V+93 javafx.graphics
j  javafx.scene.control.HeavyweightDialog.showAndWait()V+22 javafx.controls
j  javafx.scene.control.Dialog.showAndWait()Ljava/util/Optional;+86 javafx.controls
j  com.example.livecycle.controllers.auth.FaceAuthController.showAlert(Ljava/lang/String;Ljava/lang/String;)V+27 com.example.livecycle
j  com.example.livecycle.controllers.auth.FaceAuthController.lambda$handleFaceLogin$12(Ljava/lang/Exception;)V+24 com.example.livecycle
j  com.example.livecycle.controllers.auth.FaceAuthController$$Lambda+0x00000241904a5290.run()V+8 com.example.livecycle
J 4862 c1 com.sun.javafx.application.PlatformImpl$$Lambda+0x0000024190087d10.run()Ljava/lang/Object; javafx.graphics (8 bytes) @ 0x000002418097b18c [0x000002418097b040+0x000000000000014c]
J 4860 c1 com.sun.javafx.application.PlatformImpl.lambda$runLater$11(Ljava/lang/Runnable;Ljava/security/AccessControlContext;)V javafx.graphics (41 bytes) @ 0x000002418097c0c4 [0x000002418097bac0+0x0000000000000604]
J 4859 c1 com.sun.javafx.application.PlatformImpl$$Lambda+0x0000024190086cc0.run()V javafx.graphics (12 bytes) @ 0x000002418097a954 [0x000002418097a8c0+0x0000000000000094]
J 4502 c1 com.sun.glass.ui.InvokeLaterDispatcher$Future.run()V javafx.graphics (91 bytes) @ 0x00000241808a239c [0x00000241808a2280+0x000000000000011c]
v  ~StubRoutines::call_stub 0x000002418745100d
j  com.sun.glass.ui.win.WinApplication._enterNestedEventLoopImpl()Ljava/lang/Object;+0 javafx.graphics
j  com.sun.glass.ui.win.WinApplication._enterNestedEventLoop()Ljava/lang/Object;+15 javafx.graphics
j  com.sun.glass.ui.Application.enterNestedEventLoop()Ljava/lang/Object;+14 javafx.graphics
j  com.sun.glass.ui.EventLoop.enter()Ljava/lang/Object;+42 javafx.graphics
j  com.sun.javafx.tk.quantum.QuantumToolkit.enterNestedEventLoop(Ljava/lang/Object;)Ljava/lang/Object;+95 javafx.graphics
j  javafx.stage.Stage.showAndWait()V+93 javafx.graphics
j  javafx.scene.control.HeavyweightDialog.showAndWait()V+22 javafx.controls
j  javafx.scene.control.Dialog.showAndWait()Ljava/util/Optional;+86 javafx.controls
j  com.example.livecycle.controllers.auth.FaceAuthController.showAlert(Ljava/lang/String;Ljava/lang/String;)V+27 com.example.livecycle
j  com.example.livecycle.controllers.auth.FaceAuthController.lambda$handleFaceLogin$12(Ljava/lang/Exception;)V+24 com.example.livecycle
j  com.example.livecycle.controllers.auth.FaceAuthController$$Lambda+0x00000241904a5290.run()V+8 com.example.livecycle
J 4862 c1 com.sun.javafx.application.PlatformImpl$$Lambda+0x0000024190087d10.run()Ljava/lang/Object; javafx.graphics (8 bytes) @ 0x000002418097b18c [0x000002418097b040+0x000000000000014c]
J 4860 c1 com.sun.javafx.application.PlatformImpl.lambda$runLater$11(Ljava/lang/Runnable;Ljava/security/AccessControlContext;)V javafx.graphics (41 bytes) @ 0x000002418097c0c4 [0x000002418097bac0+0x0000000000000604]
J 4859 c1 com.sun.javafx.application.PlatformImpl$$Lambda+0x0000024190086cc0.run()V javafx.graphics (12 bytes) @ 0x000002418097a954 [0x000002418097a8c0+0x0000000000000094]
J 4502 c1 com.sun.glass.ui.InvokeLaterDispatcher$Future.run()V javafx.graphics (91 bytes) @ 0x00000241808a239c [0x00000241808a2280+0x000000000000011c]
v  ~StubRoutines::call_stub 0x000002418745100d
j  com.sun.glass.ui.win.WinApplication._enterNestedEventLoopImpl()Ljava/lang/Object;+0 javafx.graphics
j  com.sun.glass.ui.win.WinApplication._enterNestedEventLoop()Ljava/lang/Object;+15 javafx.graphics
j  com.sun.glass.ui.Application.enterNestedEventLoop()Ljava/lang/Object;+14 javafx.graphics
j  com.sun.glass.ui.EventLoop.enter()Ljava/lang/Object;+42 javafx.graphics
j  com.sun.javafx.tk.quantum.QuantumToolkit.enterNestedEventLoop(Ljava/lang/Object;)Ljava/lang/Object;+95 javafx.graphics
j  javafx.stage.Stage.showAndWait()V+93 javafx.graphics
j  javafx.scene.control.HeavyweightDialog.showAndWait()V+22 javafx.controls
j  javafx.scene.control.Dialog.showAndWait()Ljava/util/Optional;+86 javafx.controls
j  com.example.livecycle.controllers.auth.FaceAuthController.showAlert(Ljava/lang/String;Ljava/lang/String;)V+27 com.example.livecycle
j  com.example.livecycle.controllers.auth.FaceAuthController.lambda$handleFaceLogin$12(Ljava/lang/Exception;)V+24 com.example.livecycle
j  com.example.livecycle.controllers.auth.FaceAuthController$$Lambda+0x00000241904a5290.run()V+8 com.example.livecycle
J 4862 c1 com.sun.javafx.application.PlatformImpl$$Lambda+0x0000024190087d10.run()Ljava/lang/Object; javafx.graphics (8 bytes) @ 0x000002418097b18c [0x000002418097b040+0x000000000000014c]
J 4860 c1 com.sun.javafx.application.PlatformImpl.lambda$runLater$11(Ljava/lang/Runnable;Ljava/security/AccessControlContext;)V javafx.graphics (41 bytes) @ 0x000002418097c0c4 [0x000002418097bac0+0x0000000000000604]
J 4859 c1 com.sun.javafx.application.PlatformImpl$$Lambda+0x0000024190086cc0.run()V javafx.graphics (12 bytes) @ 0x000002418097a954 [0x000002418097a8c0+0x0000000000000094]
J 4502 c1 com.sun.glass.ui.InvokeLaterDispatcher$Future.run()V javafx.graphics (91 bytes) @ 0x00000241808a239c [0x00000241808a2280+0x000000000000011c]
v  ~StubRoutines::call_stub 0x000002418745100d
j  com.sun.glass.ui.win.WinApplication._enterNestedEventLoopImpl()Ljava/lang/Object;+0 javafx.graphics
j  com.sun.glass.ui.win.WinApplication._enterNestedEventLoop()Ljava/lang/Object;+15 javafx.graphics
j  com.sun.glass.ui.Application.enterNestedEventLoop()Ljava/lang/Object;+14 javafx.graphics
j  com.sun.glass.ui.EventLoop.enter()Ljava/lang/Object;+42 javafx.graphics
j  com.sun.javafx.tk.quantum.QuantumToolkit.enterNestedEventLoop(Ljava/lang/Object;)Ljava/lang/Object;+95 javafx.graphics
j  javafx.stage.Stage.showAndWait()V+93 javafx.graphics
j  javafx.scene.control.HeavyweightDialog.showAndWait()V+22 javafx.controls
j  javafx.scene.control.Dialog.showAndWait()Ljava/util/Optional;+86 javafx.controls
j  com.example.livecycle.controllers.auth.FaceAuthController.showAlert(Ljava/lang/String;Ljava/lang/String;)V+27 com.example.livecycle
j  com.example.livecycle.controllers.auth.FaceAuthController.lambda$handleFaceLogin$12(Ljava/lang/Exception;)V+24 com.example.livecycle
j  com.example.livecycle.controllers.auth.FaceAuthController$$Lambda+0x00000241904a5290.run()V+8 com.example.livecycle
J 4862 c1 com.sun.javafx.application.PlatformImpl$$Lambda+0x0000024190087d10.run()Ljava/lang/Object; javafx.graphics (8 bytes) @ 0x000002418097b18c [0x000002418097b040+0x000000000000014c]
J 4860 c1 com.sun.javafx.application.PlatformImpl.lambda$runLater$11(Ljava/lang/Runnable;Ljava/security/AccessControlContext;)V javafx.graphics (41 bytes) @ 0x000002418097c0c4 [0x000002418097bac0+0x0000000000000604]
J 4859 c1 com.sun.javafx.application.PlatformImpl$$Lambda+0x0000024190086cc0.run()V javafx.graphics (12 bytes) @ 0x000002418097a954 [0x000002418097a8c0+0x0000000000000094]
J 4502 c1 com.sun.glass.ui.InvokeLaterDispatcher$Future.run()V javafx.graphics (91 bytes) @ 0x00000241808a239c [0x00000241808a2280+0x000000000000011c]
v  ~StubRoutines::call_stub 0x000002418745100d
j  com.sun.glass.ui.win.WinApplication._enterNestedEventLoopImpl()Ljava/lang/Object;+0 javafx.graphics
j  com.sun.glass.ui.win.WinApplication._enterNestedEventLoop()Ljava/lang/Object;+15 javafx.graphics
j  com.sun.glass.ui.Application.enterNestedEventLoop()Ljava/lang/Object;+14 javafx.graphics
j  com.sun.glass.ui.EventLoop.enter()Ljava/lang/Object;+42 javafx.graphics
j  com.sun.javafx.tk.quantum.QuantumToolkit.enterNestedEventLoop(Ljava/lang/Object;)Ljava/lang/Object;+95 javafx.graphics
j  javafx.stage.Stage.showAndWait()V+93 javafx.graphics
j  javafx.scene.control.HeavyweightDialog.showAndWait()V+22 javafx.controls
j  javafx.scene.control.Dialog.showAndWait()Ljava/util/Optional;+86 javafx.controls
j  com.example.livecycle.controllers.auth.FaceAuthController.showAlert(Ljava/lang/String;Ljava/lang/String;)V+27 com.example.livecycle
j  com.example.livecycle.controllers.auth.FaceAuthController.lambda$handleFaceLogin$12(Ljava/lang/Exception;)V+24 com.example.livecycle
j  com.example.livecycle.controllers.auth.FaceAuthController$$Lambda+0x00000241904a5290.run()V+8 com.example.livecycle
J 4862 c1 com.sun.javafx.application.PlatformImpl$$Lambda+0x0000024190087d10.run()Ljava/lang/Object; javafx.graphics (8 bytes) @ 0x000002418097b18c [0x000002418097b040+0x000000000000014c]
J 4860 c1 com.sun.javafx.application.PlatformImpl.lambda$runLater$11(Ljava/lang/Runnable;Ljava/security/AccessControlContext;)V javafx.graphics (41 bytes) @ 0x000002418097c0c4 [0x000002418097bac0+0x0000000000000604]
J 4859 c1 com.sun.javafx.application.PlatformImpl$$Lambda+0x0000024190086cc0.run()V javafx.graphics (12 bytes) @ 0x000002418097a954 [0x000002418097a8c0+0x0000000000000094]
J 4502 c1 com.sun.glass.ui.InvokeLaterDispatcher$Future.run()V javafx.graphics (91 bytes) @ 0x00000241808a239c [0x00000241808a2280+0x000000000000011c]
v  ~StubRoutines::call_stub 0x000002418745100d
j  com.sun.glass.ui.win.WinApplication._enterNestedEventLoopImpl()Ljava/lang/Object;+0 javafx.graphics
j  com.sun.glass.ui.win.WinApplication._enterNestedEventLoop()Ljava/lang/Object;+15 javafx.graphics
j  com.sun.glass.ui.Application.enterNestedEventLoop()Ljava/lang/Object;+14 javafx.graphics
j  com.sun.glass.ui.EventLoop.enter()Ljava/lang/Object;+42 javafx.graphics
j  com.sun.javafx.tk.quantum.QuantumToolkit.enterNestedEventLoop(Ljava/lang/Object;)Ljava/lang/Object;+95 javafx.graphics
j  javafx.stage.Stage.showAndWait()V+93 javafx.graphics
j  javafx.scene.control.HeavyweightDialog.showAndWait()V+22 javafx.controls
j  javafx.scene.control.Dialog.showAndWait()Ljava/util/Optional;+86 javafx.controls
j  com.example.livecycle.controllers.auth.FaceAuthController.showAlert(Ljava/lang/String;Ljava/lang/String;)V+27 com.example.livecycle
j  com.example.livecycle.controllers.auth.FaceAuthController.lambda$handleFaceLogin$12(Ljava/lang/Exception;)V+24 com.example.livecycle
j  com.example.livecycle.controllers.auth.FaceAuthController$$Lambda+0x00000241904a5290.run()V+8 com.example.livecycle
J 4862 c1 com.sun.javafx.application.PlatformImpl$$Lambda+0x0000024190087d10.run()Ljava/lang/Object; javafx.graphics (8 bytes) @ 0x000002418097b18c [0x000002418097b040+0x000000000000014c]
J 4860 c1 com.sun.javafx.application.PlatformImpl.lambda$runLater$11(Ljava/lang/Runnable;Ljava/security/AccessControlContext;)V javafx.graphics (41 bytes) @ 0x000002418097c0c4 [0x000002418097bac0+0x0000000000000604]
J 4859 c1 com.sun.javafx.application.PlatformImpl$$Lambda+0x0000024190086cc0.run()V javafx.graphics (12 bytes) @ 0x000002418097a954 [0x000002418097a8c0+0x0000000000000094]
J 4502 c1 com.sun.glass.ui.InvokeLaterDispatcher$Future.run()V javafx.graphics (91 bytes) @ 0x00000241808a239c [0x00000241808a2280+0x000000000000011c]
v  ~StubRoutines::call_stub 0x000002418745100d
j  com.sun.glass.ui.win.WinApplication._enterNestedEventLoopImpl()Ljava/lang/Object;+0 javafx.graphics
j  com.sun.glass.ui.win.WinApplication._enterNestedEventLoop()Ljava/lang/Object;+15 javafx.graphics
j  com.sun.glass.ui.Application.enterNestedEventLoop()Ljava/lang/Object;+14 javafx.graphics
j  com.sun.glass.ui.EventLoop.enter()Ljava/lang/Object;+42 javafx.graphics
j  com.sun.javafx.tk.quantum.QuantumToolkit.enterNestedEventLoop(Ljava/lang/Object;)Ljava/lang/Object;+95 javafx.graphics
j  javafx.stage.Stage.showAndWait()V+93 javafx.graphics
j  javafx.scene.control.HeavyweightDialog.showAndWait()V+22 javafx.controls
j  javafx.scene.control.Dialog.showAndWait()Ljava/util/Optional;+86 javafx.controls
j  com.example.livecycle.controllers.auth.FaceAuthController.showAlert(Ljava/lang/String;Ljava/lang/String;)V+27 com.example.livecycle
j  com.example.livecycle.controllers.auth.FaceAuthController.lambda$handleFaceLogin$12(Ljava/lang/Exception;)V+24 com.example.livecycle
j  com.example.livecycle.controllers.auth.FaceAuthController$$Lambda+0x00000241904a5290.run()V+8 com.example.livecycle
J 4862 c1 com.sun.javafx.application.PlatformImpl$$Lambda+0x0000024190087d10.run()Ljava/lang/Object; javafx.graphics (8 bytes) @ 0x000002418097b18c [0x000002418097b040+0x000000000000014c]
J 4860 c1 com.sun.javafx.application.PlatformImpl.lambda$runLater$11(Ljava/lang/Runnable;Ljava/security/AccessControlContext;)V javafx.graphics (41 bytes) @ 0x000002418097c0c4 [0x000002418097bac0+0x0000000000000604]
J 4859 c1 com.sun.javafx.application.PlatformImpl$$Lambda+0x0000024190086cc0.run()V javafx.graphics (12 bytes) @ 0x000002418097a954 [0x000002418097a8c0+0x0000000000000094]
J 4502 c1 com.sun.glass.ui.InvokeLaterDispatcher$Future.run()V javafx.graphics (91 bytes) @ 0x00000241808a239c [0x00000241808a2280+0x000000000000011c]
v  ~StubRoutines::call_stub 0x000002418745100d
j  com.sun.glass.ui.win.WinApplication._enterNestedEventLoopImpl()Ljava/lang/Object;+0 javafx.graphics
j  com.sun.glass.ui.win.WinApplication._enterNestedEventLoop()Ljava/lang/Object;+15 javafx.graphics
j  com.sun.glass.ui.Application.enterNestedEventLoop()Ljava/lang/Object;+14 javafx.graphics
j  com.sun.glass.ui.EventLoop.enter()Ljava/lang/Object;+42 javafx.graphics
j  com.sun.javafx.tk.quantum.QuantumToolkit.enterNestedEventLoop(Ljava/lang/Object;)Ljava/lang/Object;+95 javafx.graphics
j  javafx.stage.Stage.showAndWait()V+93 javafx.graphics
j  javafx.scene.control.HeavyweightDialog.showAndWait()V+22 javafx.controls
j  javafx.scene.control.Dialog.showAndWait()Ljava/util/Optional;+86 javafx.controls
j  com.example.livecycle.controllers.auth.FaceAuthController.showAlert(Ljava/lang/String;Ljava/lang/String;)V+27 com.example.livecycle
j  com.example.livecycle.controllers.auth.FaceAuthController.lambda$handleFaceLogin$12(Ljava/lang/Exception;)V+24 com.example.livecycle
j  com.example.livecycle.controllers.auth.FaceAuthController$$Lambda+0x00000241904a5290.run()V+8 com.example.livecycle
J 4862 c1 com.sun.javafx.application.PlatformImpl$$Lambda+0x0000024190087d10.run()Ljava/lang/Object; javafx.graphics (8 bytes) @ 0x000002418097b18c [0x000002418097b040+0x000000000000014c]
J 4860 c1 com.sun.javafx.application.PlatformImpl.lambda$runLater$11(Ljava/lang/Runnable;Ljava/security/AccessControlContext;)V javafx.graphics (41 bytes) @ 0x000002418097c0c4 [0x000002418097bac0+0x0000000000000604]
J 4859 c1 com.sun.javafx.application.PlatformImpl$$Lambda+0x0000024190086cc0.run()V javafx.graphics (12 bytes) @ 0x000002418097a954 [0x000002418097a8c0+0x0000000000000094]
J 4502 c1 com.sun.glass.ui.InvokeLaterDispatcher$Future.run()V javafx.graphics (91 bytes) @ 0x00000241808a239c [0x00000241808a2280+0x000000000000011c]
v  ~StubRoutines::call_stub 0x000002418745100d
j  com.sun.glass.ui.win.WinApplication._enterNestedEventLoopImpl()Ljava/lang/Object;+0 javafx.graphics
j  com.sun.glass.ui.win.WinApplication._enterNestedEventLoop()Ljava/lang/Object;+15 javafx.graphics
j  com.sun.glass.ui.Application.enterNestedEventLoop()Ljava/lang/Object;+14 javafx.graphics
j  com.sun.glass.ui.EventLoop.enter()Ljava/lang/Object;+42 javafx.graphics
j  com.sun.javafx.tk.quantum.QuantumToolkit.enterNestedEventLoop(Ljava/lang/Object;)Ljava/lang/Object;+95 javafx.graphics
j  javafx.stage.Stage.showAndWait()V+93 javafx.graphics
j  javafx.scene.control.HeavyweightDialog.showAndWait()V+22 javafx.controls
j  javafx.scene.control.Dialog.showAndWait()Ljava/util/Optional;+86 javafx.controls
j  com.example.livecycle.controllers.auth.FaceAuthController.showAlert(Ljava/lang/String;Ljava/lang/String;)V+27 com.example.livecycle
j  com.example.livecycle.controllers.auth.FaceAuthController.lambda$handleFaceLogin$12(Ljava/lang/Exception;)V+24 com.example.livecycle
j  com.example.livecycle.controllers.auth.FaceAuthController$$Lambda+0x00000241904a5290.run()V+8 com.example.livecycle
J 4862 c1 com.sun.javafx.application.PlatformImpl$$Lambda+0x0000024190087d10.run()Ljava/lang/Object; javafx.graphics (8 bytes) @ 0x000002418097b18c [0x000002418097b040+0x000000000000014c]
J 4860 c1 com.sun.javafx.application.PlatformImpl.lambda$runLater$11(Ljava/lang/Runnable;Ljava/security/AccessControlContext;)V javafx.graphics (41 bytes) @ 0x000002418097c0c4 [0x000002418097bac0+0x0000000000000604]
J 4859 c1 com.sun.javafx.application.PlatformImpl$$Lambda+0x0000024190086cc0.run()V javafx.graphics (12 bytes) @ 0x000002418097a954 [0x000002418097a8c0+0x0000000000000094]
J 4502 c1 com.sun.glass.ui.InvokeLaterDispatcher$Future.run()V javafx.graphics (91 bytes) @ 0x00000241808a239c [0x00000241808a2280+0x000000000000011c]
v  ~StubRoutines::call_stub 0x000002418745100d
j  com.sun.glass.ui.win.WinApplication._enterNestedEventLoopImpl()Ljava/lang/Object;+0 javafx.graphics
j  com.sun.glass.ui.win.WinApplication._enterNestedEventLoop()Ljava/lang/Object;+15 javafx.graphics
j  com.sun.glass.ui.Application.enterNestedEventLoop()Ljava/lang/Object;+14 javafx.graphics
j  com.sun.glass.ui.EventLoop.enter()Ljava/lang/Object;+42 javafx.graphics
j  com.sun.javafx.tk.quantum.QuantumToolkit.enterNestedEventLoop(Ljava/lang/Object;)Ljava/lang/Object;+95 javafx.graphics
j  javafx.stage.Stage.showAndWait()V+93 javafx.graphics
j  javafx.scene.control.HeavyweightDialog.showAndWait()V+22 javafx.controls
j  javafx.scene.control.Dialog.showAndWait()Ljava/util/Optional;+86 javafx.controls
j  com.example.livecycle.controllers.auth.FaceAuthController.showAlert(Ljava/lang/String;Ljava/lang/String;)V+27 com.example.livecycle
j  com.example.livecycle.controllers.auth.FaceAuthController.lambda$handleFaceLogin$12(Ljava/lang/Exception;)V+24 com.example.livecycle
j  com.example.livecycle.controllers.auth.FaceAuthController$$Lambda+0x00000241904a5290.run()V+8 com.example.livecycle
J 4862 c1 com.sun.javafx.application.PlatformImpl$$Lambda+0x0000024190087d10.run()Ljava/lang/Object; javafx.graphics (8 bytes) @ 0x000002418097b18c [0x000002418097b040+0x000000000000014c]
J 4860 c1 com.sun.javafx.application.PlatformImpl.lambda$runLater$11(Ljava/lang/Runnable;Ljava/security/AccessControlContext;)V javafx.graphics (41 bytes) @ 0x000002418097c0c4 [0x000002418097bac0+0x0000000000000604]
J 4859 c1 com.sun.javafx.application.PlatformImpl$$Lambda+0x0000024190086cc0.run()V javafx.graphics (12 bytes) @ 0x000002418097a954 [0x000002418097a8c0+0x0000000000000094]
J 4502 c1 com.sun.glass.ui.InvokeLaterDispatcher$Future.run()V javafx.graphics (91 bytes) @ 0x00000241808a239c [0x00000241808a2280+0x000000000000011c]
v  ~StubRoutines::call_stub 0x000002418745100d
j  com.sun.glass.ui.win.WinApplication._enterNestedEventLoopImpl()Ljava/lang/Object;+0 javafx.graphics
j  com.sun.glass.ui.win.WinApplication._enterNestedEventLoop()Ljava/lang/Object;+15 javafx.graphics
j  com.sun.glass.ui.Application.enterNestedEventLoop()Ljava/lang/Object;+14 javafx.graphics
j  com.sun.glass.ui.EventLoop.enter()Ljava/lang/Object;+42 javafx.graphics
j  com.sun.javafx.tk.quantum.QuantumToolkit.enterNestedEventLoop(Ljava/lang/Object;)Ljava/lang/Object;+95 javafx.graphics
j  javafx.stage.Stage.showAndWait()V+93 javafx.graphics
j  javafx.scene.control.HeavyweightDialog.showAndWait()V+22 javafx.controls
j  javafx.scene.control.Dialog.showAndWait()Ljava/util/Optional;+86 javafx.controls
j  com.example.livecycle.controllers.auth.FaceAuthController.showAlert(Ljava/lang/String;Ljava/lang/String;)V+27 com.example.livecycle
j  com.example.livecycle.controllers.auth.FaceAuthController.lambda$handleFaceLogin$12(Ljava/lang/Exception;)V+24 com.example.livecycle
j  com.example.livecycle.controllers.auth.FaceAuthController$$Lambda+0x00000241904a5290.run()V+8 com.example.livecycle
J 4862 c1 com.sun.javafx.application.PlatformImpl$$Lambda+0x0000024190087d10.run()Ljava/lang/Object; javafx.graphics (8 bytes) @ 0x000002418097b18c [0x000002418097b040+0x000000000000014c]
J 4860 c1 com.sun.javafx.application.PlatformImpl.lambda$runLater$11(Ljava/lang/Runnable;Ljava/security/AccessControlContext;)V javafx.graphics (41 bytes) @ 0x000002418097c0c4 [0x000002418097bac0+0x0000000000000604]
J 4859 c1 com.sun.javafx.application.PlatformImpl$$Lambda+0x0000024190086cc0.run()V javafx.graphics (12 bytes) @ 0x000002418097a954 [0x000002418097a8c0+0x0000000000000094]
J 4502 c1 com.sun.glass.ui.InvokeLaterDispatcher$Future.run()V javafx.graphics (91 bytes) @ 0x00000241808a239c [0x00000241808a2280+0x000000000000011c]
v  ~StubRoutines::call_stub 0x000002418745100d
j  com.sun.glass.ui.win.WinApplication._enterNestedEventLoopImpl()Ljava/lang/Object;+0 javafx.graphics
j  com.sun.glass.ui.win.WinApplication._enterNestedEventLoop()Ljava/lang/Object;+15 javafx.graphics
j  com.sun.glass.ui.Application.enterNestedEventLoop()Ljava/lang/Object;+14 javafx.graphics
j  com.sun.glass.ui.EventLoop.enter()Ljava/lang/Object;+42 javafx.graphics
j  com.sun.javafx.tk.quantum.QuantumToolkit.enterNestedEventLoop(Ljava/lang/Object;)Ljava/lang/Object;+95 javafx.graphics
j  javafx.stage.Stage.showAndWait()V+93 javafx.graphics
j  javafx.scene.control.HeavyweightDialog.showAndWait()V+22 javafx.controls
j  javafx.scene.control.Dialog.showAndWait()Ljava/util/Optional;+86 javafx.controls
j  com.example.livecycle.controllers.auth.FaceAuthController.showAlert(Ljava/lang/String;Ljava/lang/String;)V+27 com.example.livecycle
j  com.example.livecycle.controllers.auth.FaceAuthController.lambda$handleFaceLogin$12(Ljava/lang/Exception;)V+24 com.example.livecycle
j  com.example.livecycle.controllers.auth.FaceAuthController$$Lambda+0x00000241904a5290.run()V+8 com.example.livecycle
J 4862 c1 com.sun.javafx.application.PlatformImpl$$Lambda+0x0000024190087d10.run()Ljava/lang/Object; javafx.graphics (8 bytes) @ 0x000002418097b18c [0x000002418097b040+0x000000000000014c]
J 4860 c1 com.sun.javafx.application.PlatformImpl.lambda$runLater$11(Ljava/lang/Runnable;Ljava/security/AccessControlContext;)V javafx.graphics (41 bytes) @ 0x000002418097c0c4 [0x000002418097bac0+0x0000000000000604]
J 4859 c1 com.sun.javafx.application.PlatformImpl$$Lambda+0x0000024190086cc0.run()V javafx.graphics (12 bytes) @ 0x000002418097a954 [0x000002418097a8c0+0x0000000000000094]
J 4502 c1 com.sun.glass.ui.InvokeLaterDispatcher$Future.run()V javafx.graphics (91 bytes) @ 0x00000241808a239c [0x00000241808a2280+0x000000000000011c]
v  ~StubRoutines::call_stub 0x000002418745100d
j  com.sun.glass.ui.win.WinApplication._enterNestedEventLoopImpl()Ljava/lang/Object;+0 javafx.graphics
j  com.sun.glass.ui.win.WinApplication._enterNestedEventLoop()Ljava/lang/Object;+15 javafx.graphics
j  com.sun.glass.ui.Application.enterNestedEventLoop()Ljava/lang/Object;+14 javafx.graphics
j  com.sun.glass.ui.EventLoop.enter()Ljava/lang/Object;+42 javafx.graphics
j  com.sun.javafx.tk.quantum.QuantumToolkit.enterNestedEventLoop(Ljava/lang/Object;)Ljava/lang/Object;+95 javafx.graphics
j  javafx.stage.Stage.showAndWait()V+93 javafx.graphics
j  javafx.scene.control.HeavyweightDialog.showAndWait()V+22 javafx.controls
j  javafx.scene.control.Dialog.showAndWait()Ljava/util/Optional;+86 javafx.controls
j  com.example.livecycle.controllers.auth.FaceAuthController.showAlert(Ljava/lang/String;Ljava/lang/String;)V+27 com.example.livecycle
j  com.example.livecycle.controllers.auth.FaceAuthController.lambda$handleFaceLogin$12(Ljava/lang/Exception;)V+24 com.example.livecycle
j  com.example.livecycle.controllers.auth.FaceAuthController$$Lambda+0x00000241904a5290.run()V+8 com.example.livecycle
J 4862 c1 com.sun.javafx.application.PlatformImpl$$Lambda+0x0000024190087d10.run()Ljava/lang/Object; javafx.graphics (8 bytes) @ 0x000002418097b18c [0x000002418097b040+0x000000000000014c]
J 4860 c1 com.sun.javafx.application.PlatformImpl.lambda$runLater$11(Ljava/lang/Runnable;Ljava/security/AccessControlContext;)V javafx.graphics (41 bytes) @ 0x000002418097c0c4 [0x000002418097bac0+0x0000000000000604]
J 4859 c1 com.sun.javafx.application.PlatformImpl$$Lambda+0x0000024190086cc0.run()V javafx.graphics (12 bytes) @ 0x000002418097a954 [0x000002418097a8c0+0x0000000000000094]
J 4502 c1 com.sun.glass.ui.InvokeLaterDispatcher$Future.run()V javafx.graphics (91 bytes) @ 0x00000241808a239c [0x00000241808a2280+0x000000000000011c]
v  ~StubRoutines::call_stub 0x000002418745100d
j  com.sun.glass.ui.win.WinApplication._enterNestedEventLoopImpl()Ljava/lang/Object;+0 javafx.graphics
j  com.sun.glass.ui.win.WinApplication._enterNestedEventLoop()Ljava/lang/Object;+15 javafx.graphics
j  com.sun.glass.ui.Application.enterNestedEventLoop()Ljava/lang/Object;+14 javafx.graphics
j  com.sun.glass.ui.EventLoop.enter()Ljava/lang/Object;+42 javafx.graphics
j  com.sun.javafx.tk.quantum.QuantumToolkit.enterNestedEventLoop(Ljava/lang/Object;)Ljava/lang/Object;+95 javafx.graphics
j  javafx.stage.Stage.showAndWait()V+93 javafx.graphics
j  javafx.scene.control.HeavyweightDialog.showAndWait()V+22 javafx.controls
j  javafx.scene.control.Dialog.showAndWait()Ljava/util/Optional;+86 javafx.controls
j  com.example.livecycle.controllers.auth.FaceAuthController.showAlert(Ljava/lang/String;Ljava/lang/String;)V+27 com.example.livecycle
j  com.example.livecycle.controllers.auth.FaceAuthController.lambda$handleFaceLogin$12(Ljava/lang/Exception;)V+24 com.example.livecycle
j  com.example.livecycle.controllers.auth.FaceAuthController$$Lambda+0x00000241904a5290.run()V+8 com.example.livecycle
J 4862 c1 com.sun.javafx.application.PlatformImpl$$Lambda+0x0000024190087d10.run()Ljava/lang/Object; javafx.graphics (8 bytes) @ 0x000002418097b18c [0x000002418097b040+0x000000000000014c]
J 4860 c1 com.sun.javafx.application.PlatformImpl.lambda$runLater$11(Ljava/lang/Runnable;Ljava/security/AccessControlContext;)V javafx.graphics (41 bytes) @ 0x000002418097c0c4 [0x000002418097bac0+0x0000000000000604]
J 4859 c1 com.sun.javafx.application.PlatformImpl$$Lambda+0x0000024190086cc0.run()V javafx.graphics (12 bytes) @ 0x000002418097a954 [0x000002418097a8c0+0x0000000000000094]
J 4502 c1 com.sun.glass.ui.InvokeLaterDispatcher$Future.run()V javafx.graphics (91 bytes) @ 0x00000241808a239c [0x00000241808a2280+0x000000000000011c]
v  ~StubRoutines::call_stub 0x000002418745100d
j  com.sun.glass.ui.win.WinApplication._enterNestedEventLoopImpl()Ljava/lang/Object;+0 javafx.graphics
j  com.sun.glass.ui.win.WinApplication._enterNestedEventLoop()Ljava/lang/Object;+15 javafx.graphics
j  com.sun.glass.ui.Application.enterNestedEventLoop()Ljava/lang/Object;+14 javafx.graphics
j  com.sun.glass.ui.EventLoop.enter()Ljava/lang/Object;+42 javafx.graphics
j  com.sun.javafx.tk.quantum.QuantumToolkit.enterNestedEventLoop(Ljava/lang/Object;)Ljava/lang/Object;+95 javafx.graphics
j  javafx.stage.Stage.showAndWait()V+93 javafx.graphics
j  javafx.scene.control.HeavyweightDialog.showAndWait()V+22 javafx.controls
j  javafx.scene.control.Dialog.showAndWait()Ljava/util/Optional;+86 javafx.controls
j  com.example.livecycle.controllers.auth.FaceAuthController.showAlert(Ljava/lang/String;Ljava/lang/String;)V+27 com.example.livecycle
j  com.example.livecycle.controllers.auth.FaceAuthController.lambda$handleFaceLogin$12(Ljava/lang/Exception;)V+24 com.example.livecycle
j  com.example.livecycle.controllers.auth.FaceAuthController$$Lambda+0x00000241904a5290.run()V+8 com.example.livecycle
J 4862 c1 com.sun.javafx.application.PlatformImpl$$Lambda+0x0000024190087d10.run()Ljava/lang/Object; javafx.graphics (8 bytes) @ 0x000002418097b18c [0x000002418097b040+0x000000000000014c]
J 4860 c1 com.sun.javafx.application.PlatformImpl.lambda$runLater$11(Ljava/lang/Runnable;Ljava/security/AccessControlContext;)V javafx.graphics (41 bytes) @ 0x000002418097c0c4 [0x000002418097bac0+0x0000000000000604]
J 4859 c1 com.sun.javafx.application.PlatformImpl$$Lambda+0x0000024190086cc0.run()V javafx.graphics (12 bytes) @ 0x000002418097a954 [0x000002418097a8c0+0x0000000000000094]
J 4502 c1 com.sun.glass.ui.InvokeLaterDispatcher$Future.run()V javafx.graphics (91 bytes) @ 0x00000241808a239c [0x00000241808a2280+0x000000000000011c]
v  ~StubRoutines::call_stub 0x000002418745100d
j  com.sun.glass.ui.win.WinApplication._enterNestedEventLoopImpl()Ljava/lang/Object;+0 javafx.graphics
j  com.sun.glass.ui.win.WinApplication._enterNestedEventLoop()Ljava/lang/Object;+15 javafx.graphics
j  com.sun.glass.ui.Application.enterNestedEventLoop()Ljava/lang/Object;+14 javafx.graphics
j  com.sun.glass.ui.EventLoop.enter()Ljava/lang/Object;+42 javafx.graphics
j  com.sun.javafx.tk.quantum.QuantumToolkit.enterNestedEventLoop(Ljava/lang/Object;)Ljava/lang/Object;+95 javafx.graphics
j  javafx.stage.Stage.showAndWait()V+93 javafx.graphics
j  javafx.scene.control.HeavyweightDialog.showAndWait()V+22 javafx.controls
j  javafx.scene.control.Dialog.showAndWait()Ljava/util/Optional;+86 javafx.controls
j  com.example.livecycle.controllers.auth.FaceAuthController.showAlert(Ljava/lang/String;Ljava/lang/String;)V+27 com.example.livecycle
j  com.example.livecycle.controllers.auth.FaceAuthController.lambda$handleFaceLogin$12(Ljava/lang/Exception;)V+24 com.example.livecycle
j  com.example.livecycle.controllers.auth.FaceAuthController$$Lambda+0x00000241904a5290.run()V+8 com.example.livecycle
J 4862 c1 com.sun.javafx.application.PlatformImpl$$Lambda+0x0000024190087d10.run()Ljava/lang/Object; javafx.graphics (8 bytes) @ 0x000002418097b18c [0x000002418097b040+0x000000000000014c]
J 4860 c1 com.sun.javafx.application.PlatformImpl.lambda$runLater$11(Ljava/lang/Runnable;Ljava/security/AccessControlContext;)V javafx.graphics (41 bytes) @ 0x000002418097c0c4 [0x000002418097bac0+0x0000000000000604]
J 4859 c1 com.sun.javafx.application.PlatformImpl$$Lambda+0x0000024190086cc0.run()V javafx.graphics (12 bytes) @ 0x000002418097a954 [0x000002418097a8c0+0x0000000000000094]
J 4502 c1 com.sun.glass.ui.InvokeLaterDispatcher$Future.run()V javafx.graphics (91 bytes) @ 0x00000241808a239c [0x00000241808a2280+0x000000000000011c]
v  ~StubRoutines::call_stub 0x000002418745100d
j  com.sun.glass.ui.win.WinApplication._enterNestedEventLoopImpl()Ljava/lang/Object;+0 javafx.graphics
j  com.sun.glass.ui.win.WinApplication._enterNestedEventLoop()Ljava/lang/Object;+15 javafx.graphics
j  com.sun.glass.ui.Application.enterNestedEventLoop()Ljava/lang/Object;+14 javafx.graphics
j  com.sun.glass.ui.EventLoop.enter()Ljava/lang/Object;+42 javafx.graphics
j  com.sun.javafx.tk.quantum.QuantumToolkit.enterNestedEventLoop(Ljava/lang/Object;)Ljava/lang/Object;+95 javafx.graphics
j  javafx.stage.Stage.showAndWait()V+93 javafx.graphics
j  javafx.scene.control.HeavyweightDialog.showAndWait()V+22 javafx.controls
j  javafx.scene.control.Dialog.showAndWait()Ljava/util/Optional;+86 javafx.controls
j  com.example.livecycle.controllers.auth.FaceAuthController.showAlert(Ljava/lang/String;Ljava/lang/String;)V+27 com.example.livecycle
j  com.example.livecycle.controllers.auth.FaceAuthController.lambda$handleFaceLogin$12(Ljava/lang/Exception;)V+24 com.example.livecycle
j  com.example.livecycle.controllers.auth.FaceAuthController$$Lambda+0x00000241904a5290.run()V+8 com.example.livecycle
J 4862 c1 com.sun.javafx.application.PlatformImpl$$Lambda+0x0000024190087d10.run()Ljava/lang/Object; javafx.graphics (8 bytes) @ 0x000002418097b18c [0x000002418097b040+0x000000000000014c]
J 4860 c1 com.sun.javafx.application.PlatformImpl.lambda$runLater$11(Ljava/lang/Runnable;Ljava/security/AccessControlContext;)V javafx.graphics (41 bytes) @ 0x000002418097c0c4 [0x000002418097bac0+0x0000000000000604]
J 4859 c1 com.sun.javafx.application.PlatformImpl$$Lambda+0x0000024190086cc0.run()V javafx.graphics (12 bytes) @ 0x000002418097a954 [0x000002418097a8c0+0x0000000000000094]
J 4502 c1 com.sun.glass.ui.InvokeLaterDispatcher$Future.run()V javafx.graphics (91 bytes) @ 0x00000241808a239c [0x00000241808a2280+0x000000000000011c]
v  ~StubRoutines::call_stub 0x000002418745100d
j  com.sun.glass.ui.win.WinApplication._enterNestedEventLoopImpl()Ljava/lang/Object;+0 javafx.graphics
j  com.sun.glass.ui.win.WinApplication._enterNestedEventLoop()Ljava/lang/Object;+15 javafx.graphics
j  com.sun.glass.ui.Application.enterNestedEventLoop()Ljava/lang/Object;+14 javafx.graphics
j  com.sun.glass.ui.EventLoop.enter()Ljava/lang/Object;+42 javafx.graphics
j  com.sun.javafx.tk.quantum.QuantumToolkit.enterNestedEventLoop(Ljava/lang/Object;)Ljava/lang/Object;+95 javafx.graphics
j  javafx.stage.Stage.showAndWait()V+93 javafx.graphics
j  javafx.scene.control.HeavyweightDialog.showAndWait()V+22 javafx.controls
j  javafx.scene.control.Dialog.showAndWait()Ljava/util/Optional;+86 javafx.controls
j  com.example.livecycle.controllers.auth.FaceAuthController.showAlert(Ljava/lang/String;Ljava/lang/String;)V+27 com.example.livecycle
j  com.example.livecycle.controllers.auth.FaceAuthController.lambda$handleFaceLogin$12(Ljava/lang/Exception;)V+24 com.example.livecycle
j  com.example.livecycle.controllers.auth.FaceAuthController$$Lambda+0x00000241904a5290.run()V+8 com.example.livecycle
J 4862 c1 com.sun.javafx.application.PlatformImpl$$Lambda+0x0000024190087d10.run()Ljava/lang/Object; javafx.graphics (8 bytes) @ 0x000002418097b18c [0x000002418097b040+0x000000000000014c]
J 4860 c1 com.sun.javafx.application.PlatformImpl.lambda$runLater$11(Ljava/lang/Runnable;Ljava/security/AccessControlContext;)V javafx.graphics (41 bytes) @ 0x000002418097c0c4 [0x000002418097bac0+0x0000000000000604]
J 4859 c1 com.sun.javafx.application.PlatformImpl$$Lambda+0x0000024190086cc0.run()V javafx.graphics (12 bytes) @ 0x000002418097a954 [0x000002418097a8c0+0x0000000000000094]
J 4502 c1 com.sun.glass.ui.InvokeLaterDispatcher$Future.run()V javafx.graphics (91 bytes) @ 0x00000241808a239c [0x00000241808a2280+0x000000000000011c]
v  ~StubRoutines::call_stub 0x000002418745100d
j  com.sun.glass.ui.win.WinApplication._enterNestedEventLoopImpl()Ljava/lang/Object;+0 javafx.graphics
j  com.sun.glass.ui.win.WinApplication._enterNestedEventLoop()Ljava/lang/Object;+15 javafx.graphics
j  com.sun.glass.ui.Application.enterNestedEventLoop()Ljava/lang/Object;+14 javafx.graphics
j  com.sun.glass.ui.EventLoop.enter()Ljava/lang/Object;+42 javafx.graphics
j  com.sun.javafx.tk.quantum.QuantumToolkit.enterNestedEventLoop(Ljava/lang/Object;)Ljava/lang/Object;+95 javafx.graphics
j  javafx.stage.Stage.showAndWait()V+93 javafx.graphics
j  javafx.scene.control.HeavyweightDialog.showAndWait()V+22 javafx.controls
j  javafx.scene.control.Dialog.showAndWait()Ljava/util/Optional;+86 javafx.controls
j  com.example.livecycle.controllers.auth.FaceAuthController.showAlert(Ljava/lang/String;Ljava/lang/String;)V+27 com.example.livecycle
j  com.example.livecycle.controllers.auth.FaceAuthController.lambda$handleFaceLogin$12(Ljava/lang/Exception;)V+24 com.example.livecycle
j  com.example.livecycle.controllers.auth.FaceAuthController$$Lambda+0x00000241904a5290.run()V+8 com.example.livecycle
J 4862 c1 com.sun.javafx.application.PlatformImpl$$Lambda+0x0000024190087d10.run()Ljava/lang/Object; javafx.graphics (8 bytes) @ 0x000002418097b18c [0x000002418097b040+0x000000000000014c]
J 4860 c1 com.sun.javafx.application.PlatformImpl.lambda$runLater$11(Ljava/lang/Runnable;Ljava/security/AccessControlContext;)V javafx.graphics (41 bytes) @ 0x000002418097c0c4 [0x000002418097bac0+0x0000000000000604]
J 4859 c1 com.sun.javafx.application.PlatformImpl$$Lambda+0x0000024190086cc0.run()V javafx.graphics (12 bytes) @ 0x000002418097a954 [0x000002418097a8c0+0x0000000000000094]
J 4502 c1 com.sun.glass.ui.InvokeLaterDispatcher$Future.run()V javafx.graphics (91 bytes) @ 0x00000241808a239c [0x00000241808a2280+0x000000000000011c]
v  ~StubRoutines::call_stub 0x000002418745100d
j  com.sun.glass.ui.win.WinApplication._enterNestedEventLoopImpl()Ljava/lang/Object;+0 javafx.graphics
j  com.sun.glass.ui.win.WinApplication._enterNestedEventLoop()Ljava/lang/Object;+15 javafx.graphics
j  com.sun.glass.ui.Application.enterNestedEventLoop()Ljava/lang/Object;+14 javafx.graphics
j  com.sun.glass.ui.EventLoop.enter()Ljava/lang/Object;+42 javafx.graphics
j  com.sun.javafx.tk.quantum.QuantumToolkit.enterNestedEventLoop(Ljava/lang/Object;)Ljava/lang/Object;+95 javafx.graphics
j  javafx.stage.Stage.showAndWait()V+93 javafx.graphics
j  javafx.scene.control.HeavyweightDialog.showAndWait()V+22 javafx.controls
j  javafx.scene.control.Dialog.showAndWait()Ljava/util/Optional;+86 javafx.controls
j  com.example.livecycle.controllers.auth.FaceAuthController.showAlert(Ljava/lang/String;Ljava/lang/String;)V+27 com.example.livecycle
j  com.example.livecycle.controllers.auth.FaceAuthController.lambda$handleFaceLogin$12(Ljava/lang/Exception;)V+24 com.example.livecycle
j  com.example.livecycle.controllers.auth.FaceAuthController$$Lambda+0x00000241904a5290.run()V+8 com.example.livecycle
J 4862 c1 com.sun.javafx.application.PlatformImpl$$Lambda+0x0000024190087d10.run()Ljava/lang/Object; javafx.graphics (8 bytes) @ 0x000002418097b18c [0x000002418097b040+0x000000000000014c]
J 4860 c1 com.sun.javafx.application.PlatformImpl.lambda$runLater$11(Ljava/lang/Runnable;Ljava/security/AccessControlContext;)V javafx.graphics (41 bytes) @ 0x000002418097c0c4 [0x000002418097bac0+0x0000000000000604]
J 4859 c1 com.sun.javafx.application.PlatformImpl$$Lambda+0x0000024190086cc0.run()V javafx.graphics (12 bytes) @ 0x000002418097a954 [0x000002418097a8c0+0x0000000000000094]
J 4502 c1 com.sun.glass.ui.InvokeLaterDispatcher$Future.run()V javafx.graphics (91 bytes) @ 0x00000241808a239c [0x00000241808a2280+0x000000000000011c]
v  ~StubRoutines::call_stub 0x000002418745100d
j  com.sun.glass.ui.win.WinApplication._runLoop(Ljava/lang/Runnable;)V+0 javafx.graphics
j  com.sun.glass.ui.win.WinApplication.lambda$runLoop$3(ILjava/lang/Runnable;)V+8 javafx.graphics
j  com.sun.glass.ui.win.WinApplication$$Lambda+0x0000024190033180.run()V+12 javafx.graphics
j  java.lang.Thread.runWith(Ljava/lang/Object;Ljava/lang/Runnable;)V+5 java.base@21.0.1
j  java.lang.Thread.run()V+19 java.base@21.0.1
v  ~StubRoutines::call_stub 0x000002418745100d

siginfo: EXCEPTION_ACCESS_VIOLATION (0xc0000005), reading address 0x0000000000000008


Registers:
RAX=0x00000241fe1c4b70, RBX=0x00000241fe92cb88, RCX=0x00000241fe92cb88, RDX=0x0000000000000000
RSP=0x000000d1e23090e0, RBP=0x000000d1e2309170, RSI=0x000000d1e2309200, RDI=0x000000d1e23091a8
R8 =0x00000241e7409ad0, R9 =0x00007ffdcd7616c0, R10=0x00000241fe3fe340, R11=0x000000d1e23090f8
R12=0x000000d1e230ca50, R13=0x0000000000000004, R14=0x000000d1e2309300, R15=0x00000000ffffffc0
RIP=0x00007ffd63d9d851, EFLAGS=0x0000000000010283


Register to memory mapping:

RAX=0x00000241fe1c4b70 points into unknown readable memory: 0x0000000000000000 | 00 00 00 00 00 00 00 00
RBX=0x00000241fe92cb88 points into unknown readable memory: 0x00007ffdcdedc600 | 00 c6 ed cd fd 7f 00 00
RCX=0x00000241fe92cb88 points into unknown readable memory: 0x00007ffdcdedc600 | 00 c6 ed cd fd 7f 00 00
RDX=0x0 is null
RSP=0x000000d1e23090e0 is pointing into the stack for thread: 0x00000241fe92c7d0
RBP=0x000000d1e2309170 is pointing into the stack for thread: 0x00000241fe92c7d0
RSI=0x000000d1e2309200 is pointing into the stack for thread: 0x00000241fe92c7d0
RDI=0x000000d1e23091a8 is pointing into the stack for thread: 0x00000241fe92c7d0
R8 =0x00000241e7409ad0 points into unknown readable memory: 0x00000241d18f8038 | 38 80 8f d1 41 02 00 00
R9 =0x00007ffdcd7616c0 jvm.dll
R10=0x00000241fe3fe340 points into unknown readable memory: 0x0000020000000104 | 04 01 00 00 00 02 00 00
R11=0x000000d1e23090f8 is pointing into the stack for thread: 0x00000241fe92c7d0
R12=0x000000d1e230ca50 is pointing into the stack for thread: 0x00000241fe92c7d0
R13=0x0000000000000004 is an unknown value
R14=0x000000d1e2309300 is pointing into the stack for thread: 0x00000241fe92c7d0
R15=0x00000000ffffffc0 is an unknown value

Top of Stack: (sp=0x000000d1e23090e0)
0x000000d1e23090e0:   000000d1e2309200 000000d1e23091a8
0x000000d1e23090f0:   000000d1e23092f0 00007ffdcd76311c
0x000000d1e2309100:   00000000ffffffc0 0000000000000000
0x000000d1e2309110:   00000241fe92cb88 0000dba98319a06f
0x000000d1e2309120:   000000d1e2309200 00007ffd63dd8e35
0x000000d1e2309130:   00000241fe92cb88 00000241fe92cb88
0x000000d1e2309140:   000000d1e23092f0 000000d1e2309308
0x000000d1e2309150:   4000000000000000 0000000000000000
0x000000d1e2309160:   4050000000000000 0000000000000000
0x000000d1e2309170:   0000000000000000 000000d1e23092f0
0x000000d1e2309180:   000000d1e2309200 000000d1e23092f0
0x000000d1e2309190:   000000d1e2309320 00007ffd63dd92cc
0x000000d1e23091a0:   000000d1e23092f0 3f800000407af286
0x000000d1e23091b0:   4000000000000000 000000d1e2309200
0x000000d1e23091c0:   000000d1e2309310 000000d1e2309318
0x000000d1e23091d0:   0000000000000180 00007ffd63f24a20
0x000000d1e23091e0:   000000d1e23092f0 000000d1e230ca50
0x000000d1e23091f0:   00000241d4578430 0000000000000000
0x000000d1e2309200:   0000000000000000 0000dba98319a16f
0x000000d1e2309210:   00000241d4578430 00007ffd64005ea7
0x000000d1e2309220:   00000000ffffffc0 0000000000000180
0x000000d1e2309230:   00000000ffffffc0 0000000000000040
0x000000d1e2309240:   00000000fff49401 0000000000000000
0x000000d1e2309250:   0000024100000101 00000241d4578430
0x000000d1e2309260:   0000000000000020 00000000ffffb240
0x000000d1e2309270:   000000d1e2309630 000000d1e2309388
0x000000d1e2309280:   000002424e016770 3f80000000000040
0x000000d1e2309290:   0001000840000000 000000d1e23099d0
0x000000d1e23092a0:   3f80000000000040 0001000840000000
0x000000d1e23092b0:   0000000000000001 3f80000000000001
0x000000d1e23092c0:   0001000800000040 fffffe40fffffe40
0x000000d1e23092d0:   0000168000004f00 0004000000000014 

Instructions: (pc=0x00007ffd63d9d851)
0x00007ffd63d9d751:   99 33 c2 2b c2 78 2a 49 63 c8 48 0f af c8 b8 ff
0x00007ffd63d9d761:   ff ff ff 48 3b c8 77 0c 8d 04 8d 00 00 00 00 48
0x00007ffd63d9d771:   83 c4 28 c3 33 d2 48 8d 4c 24 30 e8 9f 2a f8 ff
0x00007ffd63d9d781:   cc e8 d9 a6 ca ff cc cc cc cc cc cc cc cc cc f2
0x00007ffd63d9d791:   0f 10 05 58 4b 80 01 c3 cc cc cc cc cc cc cc 40
0x00007ffd63d9d7a1:   53 48 83 ec 20 48 8b 01 48 8b da ff 90 a8 01 00
0x00007ffd63d9d7b1:   00 0f 28 c8 48 8b cb e8 63 6f 4f 01 48 8b c3 48
0x00007ffd63d9d7c1:   83 c4 20 5b c3 cc cc cc cc cc cc cc cc cc cc 48
0x00007ffd63d9d7d1:   89 5c 24 18 48 89 74 24 20 57 48 83 ec 40 48 8b
0x00007ffd63d9d7e1:   05 32 5a 93 03 48 33 c4 48 89 44 24 38 48 8b f1
0x00007ffd63d9d7f1:   48 8b fa 48 8b 0d 25 53 95 03 48 8d 54 24 30 41
0x00007ffd63d9d801:   b8 02 00 01 00 48 8b 01 4c 8b 48 30 41 ff d1 8b
0x00007ffd63d9d811:   15 8a 64 95 03 65 48 8b 04 25 58 00 00 00 48 8b
0x00007ffd63d9d821:   5c 24 30 b9 18 00 00 00 48 8b 04 d0 8b 0c 01 39
0x00007ffd63d9d831:   0d 62 08 94 03 7f 55 f3 0f 10 1f 48 8b cb f3 0f
0x00007ffd63d9d841:   10 47 04 48 8b 16 4c 8b 05 42 08 94 03 0f 5a db
0x00007ffd63d9d851:   48 8b 52 08 0f 5a c0 66 49 0f 7e d9 f2 0f 11 44
0x00007ffd63d9d861:   24 20 e8 68 c0 d0 ff 48 8b cb e8 60 29 50 01 48
0x00007ffd63d9d871:   8b 4c 24 38 48 33 cc e8 23 a5 67 01 48 8b 5c 24
0x00007ffd63d9d881:   60 48 8b 74 24 68 48 83 c4 40 5f c3 48 8d 0d 04
0x00007ffd63d9d891:   08 94 03 e8 03 aa 67 01 83 3d f8 07 94 03 ff 75
0x00007ffd63d9d8a1:   96 48 8b cb e8 96 5f ff ff 48 8b 13 4c 8d 0d 54
0x00007ffd63d9d8b1:   c7 85 01 4c 8d 05 55 c7 85 01 48 8b cb 4c 8b 92
0x00007ffd63d9d8c1:   08 01 00 00 48 8b d0 41 ff d2 48 8d 0d c6 07 94
0x00007ffd63d9d8d1:   03 48 89 05 b7 07 94 03 e8 5e a9 67 01 e9 55 ff
0x00007ffd63d9d8e1:   ff ff cc cc cc cc cc cc cc cc cc cc cc cc cc f2
0x00007ffd63d9d8f1:   0f 10 41 18 48 8b c2 f2 0f 11 02 c3 cc cc cc 48
0x00007ffd63d9d901:   89 5c 24 18 48 89 74 24 20 57 48 83 ec 20 48 8b
0x00007ffd63d9d911:   d9 49 8b f0 48 8b ca e8 b3 0e cb ff ba 10 00 00
0x00007ffd63d9d921:   00 48 8b 08 e8 d6 f5 16 00 48 8b f8 4c 8b 48 18
0x00007ffd63d9d931:   4d 63 41 14 49 8b 51 08 41 c7 04 10 09 00 00 00
0x00007ffd63d9d941:   41 83 41 14 04 48 8b 4b 08 e8 d1 b9 ff ff 4c 8b 


Stack slot to memory mapping:

stack at sp + 0 slots: 0x000000d1e2309200 is pointing into the stack for thread: 0x00000241fe92c7d0
stack at sp + 1 slots: 0x000000d1e23091a8 is pointing into the stack for thread: 0x00000241fe92c7d0
stack at sp + 2 slots: 0x000000d1e23092f0 is pointing into the stack for thread: 0x00000241fe92c7d0
stack at sp + 3 slots: 0x00007ffdcd76311c jvm.dll
stack at sp + 4 slots: 0x00000000ffffffc0 is an unknown value
stack at sp + 5 slots: 0x0 is null
stack at sp + 6 slots: 0x00000241fe92cb88 points into unknown readable memory: 0x00007ffdcdedc600 | 00 c6 ed cd fd 7f 00 00
stack at sp + 7 slots: 0x0000dba98319a06f is an unknown value


Compiled method (c1)   77161 7086       3       javafx.scene.web.WebView::handleStagePulse (75 bytes)
 total in heap  [0x000002418068bc10,0x000002418068d6a0] = 6800
 relocation     [0x000002418068bd70,0x000002418068bf38] = 456
 main code      [0x000002418068bf40,0x000002418068cf70] = 4144
 stub code      [0x000002418068cf70,0x000002418068d030] = 192
 oops           [0x000002418068d030,0x000002418068d040] = 16
 metadata       [0x000002418068d040,0x000002418068d0e8] = 168
 scopes data    [0x000002418068d0e8,0x000002418068d2c0] = 472
 scopes pcs     [0x000002418068d2c0,0x000002418068d5e0] = 800
 dependencies   [0x000002418068d5e0,0x000002418068d600] = 32
 handler table  [0x000002418068d600,0x000002418068d630] = 48
 nul chk table  [0x000002418068d630,0x000002418068d6a0] = 112

[Constant Pool (empty)]

[MachCode]
[Entry Point]
  # {method} {0x00000241d08d13f0} 'handleStagePulse' '()V' in 'javafx/scene/web/WebView'
  #           [sp+0x80]  (sp of caller)
  0x000002418068bf40: 448b 5208 | 49bb 0000 | 008f 4102 | 0000 4d03 | d34c 3bd0 

  0x000002418068bf54: ;   {runtime_call ic_miss_stub}
  0x000002418068bf54: 0f85 2628 | e106 660f | 1f44 0000 
[Verified Entry Point]
  0x000002418068bf60: 8984 2400 | 80ff ff55 | 4883 ec70 | 4181 7f20 | 2700 0000 

  0x000002418068bf74: ;   {runtime_call StubRoutines (final stubs)}
  0x000002418068bf74: 7405 e8e5 | 8ddf 0648 | 8954 2450 

  0x000002418068bf80: ;   {metadata(method data for {method} {0x00000241d08d13f0} 'handleStagePulse' '()V' in 'javafx/scene/web/WebView')}
  0x000002418068bf80: 48be 88a2 | efd1 4102 | 0000 8bbe | cc00 0000 | 83c7 0289 | becc 0000 | 0081 e7fe | 0700 0083 
  0x000002418068bfa0: ff00 0f84 | 3d0c 0000 | 8bb2 8001 | 0000 48c1 | e603 4883 

  0x000002418068bfb4: ;   {metadata(method data for {method} {0x00000241d08d13f0} 'handleStagePulse' '()V' in 'javafx/scene/web/WebView')}
  0x000002418068bfb4: fe00 48be | 88a2 efd1 | 4102 0000 | 48bf 2001 | 0000 0000 | 0000 0f84 | 0a00 0000 | 48bf 1001 
  0x000002418068bfd4: 0000 0000 | 0000 488b | 1c3e 488d | 5b01 4889 | 1c3e 0f84 | 9b0a 0000 

  0x000002418068bfec: ;   {metadata(method data for {method} {0x00000241d08d13f0} 'handleStagePulse' '()V' in 'javafx/scene/web/WebView')}
  0x000002418068bfec: 488b f248 | bf88 a2ef | d141 0200 | 0048 8387 | 3001 0000 | 0148 8bf2 

  0x000002418068c004: ;   {optimized virtual_call}
  0x000002418068c004: 488b d6e8 

  0x000002418068c008: ; ImmutableOopMap {[80]=Oop }
                      ;*invokevirtual isTreeReallyVisible {reexecute=0 rethrow=0 return_oop=0}
                      ; - javafx.scene.web.WebView::handleStagePulse@9 (line 967)
  0x000002418068c008: b424 9a00 

  0x000002418068c00c: ;   {other}
  0x000002418068c00c: 0f1f 8400 | fc03 0000 

  0x000002418068c014: ;   {metadata(method data for {method} {0x00000241d08d13f0} 'handleStagePulse' '()V' in 'javafx/scene/web/WebView')}
  0x000002418068c014: 83f8 0048 | b888 a2ef | d141 0200 | 0048 ba68 | 0100 0000 | 0000 000f | 840a 0000 | 0048 ba78 
  0x000002418068c034: 0100 0000 | 0000 0048 | 8b34 1048 | 8d76 0148 | 8934 1048 | 8b54 2450 | 0f84 ed09 | 0000 8bb2 
  0x000002418068c054: 8001 0000 | 48c1 e603 

  0x000002418068c05c: ; implicit exception: dispatches to 0x000002418068cc06
  0x000002418068c05c: 483b 0648 

  0x000002418068c060: ;   {metadata(method data for {method} {0x00000241d08d13f0} 'handleStagePulse' '()V' in 'javafx/scene/web/WebView')}
  0x000002418068c060: 8bc6 48bf | 88a2 efd1 | 4102 0000 | 4883 8788 | 0100 0001 

  0x000002418068c074: ;   {metadata(method data for {method} {0x00000241d18be2b8} 'isDirty' '()Z' in 'com/sun/webkit/WebPage')}
  0x000002418068c074: 48b8 88aa | efd1 4102 | 0000 8bb8 | cc00 0000 | 83c7 0289 | b8cc 0000 | 0081 e7fe | ff1f 0083 
  0x000002418068c094: ff00 0f84 | 6f0b 0000 

  0x000002418068c09c: ;   {metadata(method data for {method} {0x00000241d18be2b8} 'isDirty' '()Z' in 'com/sun/webkit/WebPage')}
  0x000002418068c09c: 48b8 88aa | efd1 4102 | 0000 4883 | 8010 0100 

  0x000002418068c0ac: ;   {metadata(method data for {method} {0x00000241d18bdff0} 'lockPage' '()Z' in 'com/sun/webkit/WebPage')}
  0x000002418068c0ac: 0001 48b8 | 0036 ebd1 | 4102 0000 | 8bb8 cc00 | 0000 83c7 | 0289 b8cc | 0000 0081 | e7fe ff1f 
  0x000002418068c0cc: 0083 ff00 | 0f84 560b 

  0x000002418068c0d4: ;   {metadata(method data for {method} {0x00000241d18bdff0} 'lockPage' '()Z' in 'com/sun/webkit/WebPage')}
  0x000002418068c0d4: 0000 48b8 | 0036 ebd1 | 4102 0000 | 4883 8010 | 0100 0001 

  0x000002418068c0e8: ;   {oop(a 'java/lang/Class'{0x00000007079de8d8} = 'com/sun/webkit/Invoker')}
  0x000002418068c0e8: 48bf d8e8 | 9d07 0700 | 0000 488d | 5c24 5848 | 897b 0848 | 8b07 4883 | c801 4889 | 03f0 480f 
  0x000002418068c108: b11f 0f84 | 1200 0000 | 482b c448 | 2507 f0ff | ff48 8903 | 0f85 300b | 0000 49ff | 8750 0500 
  0x000002418068c128: ;   {metadata(method data for {method} {0x00000241d18995b0} 'getInvoker' '()Lcom/sun/webkit/Invoker;' in 'com/sun/webkit/Invoker')}
  0x000002418068c128: 0048 b8b0 | 72cd d141 | 0200 008b | 98cc 0000 | 0083 c302 | 8998 cc00 | 0000 81e3 | feff 1f00 
  0x000002418068c148: 83fb 000f | 8414 0b00 | 008b 7f70 | 48c1 e703 | 488d 4424 | 5848 8b18 | 4885 db0f | 840f 0000 
  0x000002418068c168: 0048 8b48 | 08f0 480f | b119 0f85 | 0e0b 0000 | 49ff 8f50 | 0500 0048 

  0x000002418068c180: ;   {metadata(method data for {method} {0x00000241d18bdff0} 'lockPage' '()Z' in 'com/sun/webkit/WebPage')}
  0x000002418068c180: 3b07 48bb | 0036 ebd1 | 4102 0000 | 4883 8320 | 0100 0001 

  0x000002418068c194: ;   {metadata(method data for {method} {0x00000241d18a8148} 'lock' '(Ljava/util/concurrent/locks/ReentrantLock;)Z' in 'com/sun/javafx/webkit/prism/PrismInvoker')}
  0x000002418068c194: 48bf 9037 | ebd1 4102 | 0000 8b9f | cc00 0000 | 83c3 0289 | 9fcc 0000 | 0081 e3fe | ff1f 0083 
  0x000002418068c1b4: fb00 0f84 | e20a 0000 | 8b76 4848 | c1e6 0348 | 3b06 488b 

  0x000002418068c1c8: ;   {metadata(method data for {method} {0x00000241d18be2b8} 'isDirty' '()Z' in 'com/sun/webkit/WebPage')}
  0x000002418068c1c8: fe48 bb88 | aaef d141 | 0200 008b | 7f08 49ba | 0000 008f | 4102 0000 | 4903 fa48 | 3bbb 3001 
  0x000002418068c1e8: 0000 750d | 4883 8338 | 0100 0001 | e960 0000 | 0048 3bbb | 4001 0000 | 750d 4883 | 8348 0100 
  0x000002418068c208: 0001 e94a | 0000 0048 | 83bb 3001 | 0000 0075 | 1748 89bb | 3001 0000 | 48c7 8338 | 0100 0001 
  0x000002418068c228: 0000 00e9 | 2900 0000 | 4883 bb40 | 0100 0000 | 7517 4889 | bb40 0100 | 0048 c783 | 4801 0000 
  0x000002418068c248: 0100 0000 | e908 0000 | 0048 8383 | 2001 0000 | 0148 8bd6 | 9048 b8f8 | fa05 9041 

  0x000002418068c264: ;   {virtual_call}
  0x000002418068c264: 0200 00e8 

  0x000002418068c268: ; ImmutableOopMap {[80]=Oop }
                      ;*invokeinterface isEmpty {reexecute=0 rethrow=0 return_oop=0}
                      ; - com.sun.webkit.WebPage::isDirty@8 (line 284)
                      ; - javafx.scene.web.WebView::handleStagePulse@21 (line 970)
  0x000002418068c268: b407 7207 

  0x000002418068c26c: ;   {other}
  0x000002418068c26c: 0f1f 8400 | 5c06 0001 

  0x000002418068c274: ;   {metadata(method data for {method} {0x00000241d18be2b8} 'isDirty' '()Z' in 'com/sun/webkit/WebPage')}
  0x000002418068c274: 83f8 0048 | b888 aaef | d141 0200 | 0048 ba58 | 0100 0000 | 0000 000f | 850a 0000 | 0048 ba68 
  0x000002418068c294: 0100 0000 | 0000 0048 | 8b34 1048 | 8d76 0148 | 8934 100f | 851a 0000 

  0x000002418068c2ac: ;   {metadata(method data for {method} {0x00000241d18be2b8} 'isDirty' '()Z' in 'com/sun/webkit/WebPage')}
  0x000002418068c2ac: 0048 b888 | aaef d141 | 0200 00ff | 8078 0100 | 00ba 0100 | 0000 e905 | 0000 00ba | 0000 0000 
  0x000002418068c2cc: ;   {metadata(method data for {method} {0x00000241d18be2b8} 'isDirty' '()Z' in 'com/sun/webkit/WebPage')}
  0x000002418068c2cc: 48b8 88aa | efd1 4102 | 0000 4883 | 8090 0100 

  0x000002418068c2dc: ;   {metadata(method data for {method} {0x00000241d18be090} 'unlockPage' '()Z' in 'com/sun/webkit/WebPage')}
  0x000002418068c2dc: 0001 48b8 | 7040 ebd1 | 4102 0000 | 8bb0 cc00 | 0000 83c6 | 0289 b0cc | 0000 0081 | e6fe ff1f 
  0x000002418068c2fc: 0083 fe00 | 0f84 be09 

  0x000002418068c304: ;   {metadata(method data for {method} {0x00000241d18be090} 'unlockPage' '()Z' in 'com/sun/webkit/WebPage')}
  0x000002418068c304: 0000 48b8 | 7040 ebd1 | 4102 0000 | 4883 8010 | 0100 0001 

  0x000002418068c318: ;   {oop(a 'java/lang/Class'{0x00000007079de8d8} = 'com/sun/webkit/Invoker')}
  0x000002418068c318: 48be d8e8 | 9d07 0700 | 0000 488d | 7c24 5848 | 8977 0848 | 8b06 4883 | c801 4889 | 07f0 480f 
  0x000002418068c338: b13e 0f84 | 1200 0000 | 482b c448 | 2507 f0ff | ff48 8907 | 0f85 9309 | 0000 49ff | 8750 0500 
  0x000002418068c358: ;   {metadata(method data for {method} {0x00000241d18995b0} 'getInvoker' '()Lcom/sun/webkit/Invoker;' in 'com/sun/webkit/Invoker')}
  0x000002418068c358: 0048 b8b0 | 72cd d141 | 0200 008b | b8cc 0000 | 0083 c702 | 89b8 cc00 | 0000 81e7 | feff 1f00 
  0x000002418068c378: 83ff 000f | 8477 0900 | 008b 7670 | 48c1 e603 | 488d 4424 | 5848 8b38 | 4885 ff0f | 840f 0000 
  0x000002418068c398: 0048 8b58 | 08f0 480f | b13b 0f85 | 7109 0000 | 49ff 8f50 | 0500 0048 

  0x000002418068c3b0: ;   {metadata(method data for {method} {0x00000241d18be090} 'unlockPage' '()Z' in 'com/sun/webkit/WebPage')}
  0x000002418068c3b0: 3b06 48bf | 7040 ebd1 | 4102 0000 | 4883 8720 | 0100 0001 

  0x000002418068c3c4: ;   {metadata(method data for {method} {0x00000241d18a81e0} 'unlock' '(Ljava/util/concurrent/locks/ReentrantLock;)Z' in 'com/sun/javafx/webkit/prism/PrismInvoker')}
  0x000002418068c3c4: 48be 0042 | ebd1 4102 | 0000 8bbe | cc00 0000 | 83c7 0289 | becc 0000 | 0081 e7fe | ff1f 0083 
  0x000002418068c3e4: ff00 0f84 | 4509 0000 | 83e2 0183 

  0x000002418068c3f0: ;   {metadata(method data for {method} {0x00000241d08d13f0} 'handleStagePulse' '()V' in 'javafx/scene/web/WebView')}
  0x000002418068c3f0: fa00 48ba | 88a2 efd1 | 4102 0000 | 48be c001 | 0000 0000 | 0000 0f84 | 0a00 0000 | 48be d001 
  0x000002418068c410: 0000 0000 | 0000 488b | 3c32 488d | 7f01 4889 | 3c32 0f84 | 4c06 0000 

  0x000002418068c428: ;   {metadata(method data for {method} {0x00000241d08d13f0} 'handleStagePulse' '()V' in 'javafx/scene/web/WebView')}
  0x000002418068c428: 48be 88a2 | efd1 4102 | 0000 4883 | 86e0 0100 

  0x000002418068c438: ;   {metadata(method data for {method} {0x00000241d0d1eae8} 'setAllowPGAccess' '(Z)V' in 'com/sun/javafx/scene/SceneHelper')}
  0x000002418068c438: 0001 48be | 78ac efd1 | 4102 0000 | 8bbe cc00 | 0000 83c7 | 0289 becc | 0000 0081 | e7fe ff1f 
  0x000002418068c458: 0083 ff00 | 0f84 f008 

  0x000002418068c460: ;   {oop(a 'java/lang/Class'{0x0000000705de0398} = 'com/sun/javafx/scene/SceneHelper')}
  0x000002418068c460: 0000 48be | 9803 de05 | 0700 0000 | 8b76 7048 | c1e6 0348 | 83fe 000f | 8429 0000 

  0x000002418068c47c: ;   {metadata('javafx/scene/Scene$2')}
  0x000002418068c47c: 0048 b998 | e71f 9041 | 0200 008b | 4608 49ba | 0000 008f | 4102 0000 | 4903 c248 | 3b48 380f 
  0x000002418068c49c: 85d2 0800 | 00e9 0000 | 0000 488b | fe48 3b06 

  0x000002418068c4ac: ;   {metadata(method data for {method} {0x00000241d0d1eae8} 'setAllowPGAccess' '(Z)V' in 'com/sun/javafx/scene/SceneHelper')}
  0x000002418068c4ac: 48bf 78ac | efd1 4102 

  0x000002418068c4b4: ;   {metadata('javafx/scene/Scene$2')}
  0x000002418068c4b4: 0000 49ba | 98e7 1f90 | 4102 0000 | 4c89 9720 | 0100 0048 | 8387 2801 

  0x000002418068c4cc: ;   {metadata(method data for {method} {0x00000241d0d45220} 'setAllowPGAccess' '(Z)V' in 'javafx/scene/Scene$2')}
  0x000002418068c4cc: 0000 0148 | be00 aeef | d141 0200 | 008b becc | 0000 0083 | c702 89be | cc00 0000 | 81e7 feff 
  0x000002418068c4ec: 1f00 83ff | 000f 8486 

  0x000002418068c4f4: ;   {metadata(method data for {method} {0x00000241d0d45220} 'setAllowPGAccess' '(Z)V' in 'javafx/scene/Scene$2')}
  0x000002418068c4f4: 0800 0048 | be00 aeef | d141 0200 | 0048 8386 | 1001 0000 | 01ba 0100 

  0x000002418068c50c: ;   {static_call}
  0x000002418068c50c: 0000 90e8 

  0x000002418068c510: ; ImmutableOopMap {[80]=Oop }
                      ;*invokestatic setAllowPGAccess {reexecute=0 rethrow=0 return_oop=0}
                      ; - javafx.scene.Scene$2::setAllowPGAccess@1 (line 421)
                      ; - com.sun.javafx.scene.SceneHelper::setAllowPGAccess@4 (line 86)
                      ; - javafx.scene.web.WebView::handleStagePulse@28 (line 971)
  0x000002418068c510: ac64 c000 

  0x000002418068c514: ;   {other}
  0x000002418068c514: 0f1f 8400 | 0409 0002 

  0x000002418068c51c: ;   {metadata(method data for {method} {0x00000241d08d13f0} 'handleStagePulse' '()V' in 'javafx/scene/web/WebView')}
  0x000002418068c51c: 48ba 88a2 | efd1 4102 | 0000 4883 | 82f0 0100 

  0x000002418068c52c: ;   {metadata(method data for {method} {0x00000241d097d1d8} 'getPeer' '(Ljavafx/scene/Node;)Lcom/sun/javafx/sg/prism/NGNode;' in 'com/sun/javafx/scene/NodeHelper')}
  0x000002418068c52c: 0001 48ba | 503c 73d1 | 4102 0000 | 8bb2 cc00 | 0000 83c6 | 0289 b2cc | 0000 0081 | e6fe ff1f 
  0x000002418068c54c: 0083 fe00 | 0f84 4808 

  0x000002418068c554: ;   {oop(a 'java/lang/Class'{0x0000000705dc9f50} = 'com/sun/javafx/scene/NodeHelper')}
  0x000002418068c554: 0000 48ba | 509f dc05 | 0700 0000 | 8b52 7048 | c1e2 0348 | 83fa 000f | 8429 0000 

  0x000002418068c570: ;   {metadata('javafx/scene/Node$1')}
  0x000002418068c570: 0048 b828 | 6115 9041 | 0200 008b | 5a08 49ba | 0000 008f | 4102 0000 | 4903 da48 | 3b43 380f 
  0x000002418068c590: 852a 0800 | 00e9 0000 | 0000 488b | f248 3b02 

  0x000002418068c5a0: ;   {metadata(method data for {method} {0x00000241d097d1d8} 'getPeer' '(Ljavafx/scene/Node;)Lcom/sun/javafx/sg/prism/NGNode;' in 'com/sun/javafx/scene/NodeHelper')}
  0x000002418068c5a0: 48be 503c | 73d1 4102 | 0000 4883 | 8628 0100 

  0x000002418068c5b0: ;   {metadata(method data for {method} {0x00000241d0979fd8} 'getPeer' '(Ljavafx/scene/Node;)Lcom/sun/javafx/sg/prism/NGNode;' in 'javafx/scene/Node$1')}
  0x000002418068c5b0: 0001 48ba | d83d 73d1 | 4102 0000 | 8bb2 cc00 | 0000 83c6 | 0289 b2cc | 0000 0081 | e6fe ff1f 
  0x000002418068c5d0: 0083 fe00 | 0f84 ef07 | 0000 488b 

  0x000002418068c5dc: ;   {metadata(method data for {method} {0x00000241d0979fd8} 'getPeer' '(Ljavafx/scene/Node;)Lcom/sun/javafx/sg/prism/NGNode;' in 'javafx/scene/Node$1')}
  0x000002418068c5dc: 5424 5048 | bed8 3d73 | d141 0200 | 008b 5208 | 49ba 0000 | 008f 4102 | 0000 4903 | d248 3b96 
  0x000002418068c5fc: 2001 0000 | 750d 4883 | 8628 0100 | 0001 e960 | 0000 0048 | 3b96 3001 | 0000 750d | 4883 8638 
  0x000002418068c61c: 0100 0001 | e94a 0000 | 0048 83be | 2001 0000 | 0075 1748 | 8996 2001 | 0000 48c7 | 8628 0100 
  0x000002418068c63c: 0001 0000 | 00e9 2900 | 0000 4883 | be30 0100 | 0000 7517 | 4889 9630 | 0100 0048 | c786 3801 
  0x000002418068c65c: 0000 0100 | 0000 e908 | 0000 0048 | 8386 1001 | 0000 0148 | 8b54 2450 

  0x000002418068c674: ;   {optimized virtual_call}
  0x000002418068c674: 6666 90e8 

  0x000002418068c678: ; ImmutableOopMap {[80]=Oop }
                      ;*invokevirtual getPeer {reexecute=0 rethrow=0 return_oop=0}
                      ; - javafx.scene.Node$1::getPeer@1 (line 506)
                      ; - com.sun.javafx.scene.NodeHelper::getPeer@4 (line 213)
                      ; - javafx.scene.web.WebView::handleStagePulse@32 (line 972)
  0x000002418068c678: 44de 8607 

  0x000002418068c67c: ;   {other}
  0x000002418068c67c: 0f1f 8400 | 6c0a 0003 | 4883 f800 

  0x000002418068c688: ;   {metadata(method data for {method} {0x00000241d08d13f0} 'handleStagePulse' '()V' in 'javafx/scene/web/WebView')}
  0x000002418068c688: 7516 48bf | 88a2 efd1 | 4102 0000 | 808f f901 | 0000 01e9 | cc00 0000 

  0x000002418068c6a0: ;   {metadata('com/sun/javafx/sg/prism/web/NGWebView')}
  0x000002418068c6a0: 48bb a885 | 3c90 4102 | 0000 8b70 | 0849 ba00 | 0000 8f41 | 0200 0049 | 03f2 483b | de0f 858d 
  0x000002418068c6c0: ;   {metadata(method data for {method} {0x00000241d08d13f0} 'handleStagePulse' '()V' in 'javafx/scene/web/WebView')}
  0x000002418068c6c0: 0000 0048 | bf88 a2ef | d141 0200 | 008b 5808 | 49ba 0000 | 008f 4102 | 0000 4903 | da48 3b9f 
  0x000002418068c6e0: 1002 0000 | 750d 4883 | 8718 0200 | 0001 e979 | 0000 0048 | 3b9f 2002 | 0000 750d | 4883 8728 
  0x000002418068c700: 0200 0001 | e963 0000 | 0048 83bf | 1002 0000 | 0075 1748 | 899f 1002 | 0000 48c7 | 8718 0200 
  0x000002418068c720: 0001 0000 | 00e9 4200 | 0000 4883 | bf20 0200 | 0000 7517 | 4889 9f20 | 0200 0048 | c787 2802 
  0x000002418068c740: 0000 0100 | 0000 e921 | 0000 00e9 | 1c00 0000 

  0x000002418068c750: ;   {metadata(method data for {method} {0x00000241d08d13f0} 'handleStagePulse' '()V' in 'javafx/scene/web/WebView')}
  0x000002418068c750: 48bf 88a2 | efd1 4102 | 0000 4883 | af00 0200 | 0001 e983 | 0600 00e9 | 0000 0000 | 488b d048 
  0x000002418068c770: 3b02 488b 

  0x000002418068c774: ;   {metadata(method data for {method} {0x00000241d08d13f0} 'handleStagePulse' '()V' in 'javafx/scene/web/WebView')}
  0x000002418068c774: f248 bf88 | a2ef d141 | 0200 0048 | 8387 3802 

  0x000002418068c784: ;   {optimized virtual_call}
  0x000002418068c784: 0000 01e8 

  0x000002418068c788: ; ImmutableOopMap {[80]=Oop }
                      ;*invokevirtual update {reexecute=0 rethrow=0 return_oop=0}
                      ; - javafx.scene.web.WebView::handleStagePulse@40 (line 973)
  0x000002418068c788: 3608 0000 

  0x000002418068c78c: ;   {other}
  0x000002418068c78c: 0f1f 8400 | 7c0b 0004 | 488b 5424 | 508b b280 | 0100 0048 | c1e6 0348 | 3b06 488b 

  0x000002418068c7a8: ;   {metadata(method data for {method} {0x00000241d08d13f0} 'handleStagePulse' '()V' in 'javafx/scene/web/WebView')}
  0x000002418068c7a8: fe48 bb88 | a2ef d141 | 0200 0048 | 8383 7002 | 0000 0148 

  0x000002418068c7bc: ;   {optimized virtual_call}
  0x000002418068c7bc: 8bd6 90e8 

  0x000002418068c7c0: ; ImmutableOopMap {[80]=Oop }
                      ;*invokevirtual isRepaintPending {reexecute=0 rethrow=0 return_oop=0}
                      ; - javafx.scene.web.WebView::handleStagePulse@47 (line 974)
  0x000002418068c7c0: bc22 e106 

  0x000002418068c7c4: ;   {other}
  0x000002418068c7c4: 0f1f 8400 | b40b 0005 

  0x000002418068c7cc: ;   {metadata(method data for {method} {0x00000241d08d13f0} 'handleStagePulse' '()V' in 'javafx/scene/web/WebView')}
  0x000002418068c7cc: 83f8 0048 | ba88 a2ef | d141 0200 | 0048 bea8 | 0200 0000 | 0000 000f | 840a 0000 | 0048 beb8 
  0x000002418068c7ec: 0200 0000 | 0000 0048 | 8b3c 3248 | 8d7f 0148 | 893c 320f | 841f 0100 

  0x000002418068c804: ;   {metadata(method data for {method} {0x00000241d08d13f0} 'handleStagePulse' '()V' in 'javafx/scene/web/WebView')}
  0x000002418068c804: 0048 ba88 | a2ef d141 | 0200 0048 | 8382 c802 

  0x000002418068c814: ;   {metadata(method data for {method} {0x00000241d097c1a0} 'markDirty' '(Ljavafx/scene/Node;Lcom/sun/javafx/scene/DirtyBits;)V' in 'com/sun/javafx/scene/NodeHelper')}
  0x000002418068c814: 0000 0148 | bab8 6b0f | d141 0200 | 008b b2cc | 0000 0083 | c602 89b2 | cc00 0000 | 81e6 feff 
  0x000002418068c834: 1f00 83fe | 000f 84be 

  0x000002418068c83c: ;   {metadata(method data for {method} {0x00000241d097c1a0} 'markDirty' '(Ljavafx/scene/Node;Lcom/sun/javafx/scene/DirtyBits;)V' in 'com/sun/javafx/scene/NodeHelper')}
  0x000002418068c83c: 0500 0048 | bab8 6b0f | d141 0200 | 0048 8382 | 1001 0000 | 0148 8b54 

  0x000002418068c854: ;   {static_call}
  0x000002418068c854: 2450 90e8 

  0x000002418068c858: ; ImmutableOopMap {[80]=Oop }
                      ;*invokestatic getHelper {reexecute=0 rethrow=0 return_oop=0}
                      ; - com.sun.javafx.scene.NodeHelper::markDirty@1 (line 99)
                      ; - javafx.scene.web.WebView::handleStagePulse@57 (line 975)
  0x000002418068c858: 2428 e106 

  0x000002418068c85c: ;   {other}
  0x000002418068c85c: 0f1f 8400 | 4c0c 0006 

  0x000002418068c864: ; implicit exception: dispatches to 0x000002418068ce1e
  0x000002418068c864: 483b 004c 

  0x000002418068c868: ;   {metadata(method data for {method} {0x00000241d097c1a0} 'markDirty' '(Ljavafx/scene/Node;Lcom/sun/javafx/scene/DirtyBits;)V' in 'com/sun/javafx/scene/NodeHelper')}
  0x000002418068c868: 8bc0 49b9 | b86b 0fd1 | 4102 0000 | 458b 4008 | 49ba 0000 | 008f 4102 | 0000 4d03 | c24d 3b81 
  0x000002418068c888: 3001 0000 | 750d 4983 | 8138 0100 | 0001 e960 | 0000 004d | 3b81 4001 | 0000 750d | 4983 8148 
  0x000002418068c8a8: 0100 0001 | e94a 0000 | 0049 83b9 | 3001 0000 | 0075 174d | 8981 3001 | 0000 49c7 | 8138 0100 
  0x000002418068c8c8: 0001 0000 | 00e9 2900 | 0000 4983 | b940 0100 | 0000 7517 | 4d89 8140 | 0100 0049 | c781 4801 
  0x000002418068c8e8: 0000 0100 | 0000 e908 | 0000 0049 | 8381 2001 | 0000 014c | 8b44 2450 

  0x000002418068c900: ;   {oop(a 'com/sun/javafx/scene/DirtyBits'{0x0000000705805f30})}
  0x000002418068c900: 49b9 305f | 8005 0700 | 0000 488b | d048 b8ff | ffff ffff 

  0x000002418068c914: ;   {virtual_call}
  0x000002418068c914: ffff ffe8 

  0x000002418068c918: ; ImmutableOopMap {}
                      ;*invokevirtual markDirtyImpl {reexecute=0 rethrow=0 return_oop=0}
                      ; - com.sun.javafx.scene.NodeHelper::markDirty@6 (line 99)
                      ; - javafx.scene.web.WebView::handleStagePulse@57 (line 975)
  0x000002418068c918: 6424 e106 

  0x000002418068c91c: ;   {other}
  0x000002418068c91c: 0f1f 8400 | 0c0d 0007 

  0x000002418068c924: ;   {metadata(method data for {method} {0x00000241d08d13f0} 'handleStagePulse' '()V' in 'javafx/scene/web/WebView')}
  0x000002418068c924: 48ba 88a2 | efd1 4102 | 0000 4883 | 82d8 0200 

  0x000002418068c934: ;   {metadata(method data for {method} {0x00000241d0d1eae8} 'setAllowPGAccess' '(Z)V' in 'com/sun/javafx/scene/SceneHelper')}
  0x000002418068c934: 0001 48ba | 78ac efd1 | 4102 0000 | 8bb2 cc00 | 0000 83c6 | 0289 b2cc | 0000 0081 | e6fe ff1f 
  0x000002418068c954: 0083 fe00 | 0f84 c504 

  0x000002418068c95c: ;   {oop(a 'java/lang/Class'{0x0000000705de0398} = 'com/sun/javafx/scene/SceneHelper')}
  0x000002418068c95c: 0000 48ba | 9803 de05 | 0700 0000 | 8b52 7048 | c1e2 0348 | 83fa 000f | 8429 0000 

  0x000002418068c978: ;   {metadata('javafx/scene/Scene$2')}
  0x000002418068c978: 0048 b898 | e71f 9041 | 0200 008b | 5a08 49ba | 0000 008f | 4102 0000 | 4903 da48 | 3b43 380f 
  0x000002418068c998: 85a7 0400 | 00e9 0000 | 0000 488b | f248 3b02 

  0x000002418068c9a8: ;   {metadata(method data for {method} {0x00000241d0d1eae8} 'setAllowPGAccess' '(Z)V' in 'com/sun/javafx/scene/SceneHelper')}
  0x000002418068c9a8: 48be 78ac | efd1 4102 

  0x000002418068c9b0: ;   {metadata('javafx/scene/Scene$2')}
  0x000002418068c9b0: 0000 49ba | 98e7 1f90 | 4102 0000 | 4c89 9620 | 0100 0048 | 8386 2801 

  0x000002418068c9c8: ;   {metadata(method data for {method} {0x00000241d0d45220} 'setAllowPGAccess' '(Z)V' in 'javafx/scene/Scene$2')}
  0x000002418068c9c8: 0000 0148 | ba00 aeef | d141 0200 | 008b b2cc | 0000 0083 | c602 89b2 | cc00 0000 | 81e6 feff 
  0x000002418068c9e8: 1f00 83fe | 000f 845b 

  0x000002418068c9f0: ;   {metadata(method data for {method} {0x00000241d0d45220} 'setAllowPGAccess' '(Z)V' in 'javafx/scene/Scene$2')}
  0x000002418068c9f0: 0400 0048 | ba00 aeef | d141 0200 | 0048 8382 | 1001 0000 | 01ba 0000 | 0000 0f1f 

  0x000002418068ca0c: ;   {static_call}
  0x000002418068ca0c: 4400 00e8 

  0x000002418068ca10: ; ImmutableOopMap {}
                      ;*invokestatic setAllowPGAccess {reexecute=0 rethrow=0 return_oop=0}
                      ; - javafx.scene.Scene$2::setAllowPGAccess@1 (line 421)
                      ; - com.sun.javafx.scene.SceneHelper::setAllowPGAccess@4 (line 86)
                      ; - javafx.scene.web.WebView::handleStagePulse@61 (line 977)
  0x000002418068ca10: 6c26 e106 

  0x000002418068ca14: ;   {other}
  0x000002418068ca14: 0f1f 8400 | 040e 0008 

  0x000002418068ca1c: ;   {metadata(method data for {method} {0x00000241d08d13f0} 'handleStagePulse' '()V' in 'javafx/scene/web/WebView')}
  0x000002418068ca1c: 48ba 88a2 | efd1 4102 | 0000 ff82 | e802 0000 | 4883 c470 

  0x000002418068ca30: ;   {poll_return}
  0x000002418068ca30: 5d49 3ba7 | 5004 0000 | 0f87 3104 | 0000 c38b | 9280 0100 | 0048 c1e2 | 0348 3b02 

  0x000002418068ca4c: ;   {metadata(method data for {method} {0x00000241d08d13f0} 'handleStagePulse' '()V' in 'javafx/scene/web/WebView')}
  0x000002418068ca4c: 488b f248 | bf88 a2ef | d141 0200 | 0048 8387 | 0003 0000 | 0166 0f1f 

  0x000002418068ca64: ;   {optimized virtual_call}
  0x000002418068ca64: 4400 00e8 

  0x000002418068ca68: ; ImmutableOopMap {}
                      ;*invokevirtual dropRenderFrames {reexecute=0 rethrow=0 return_oop=0}
                      ; - javafx.scene.web.WebView::handleStagePulse@71 (line 980)
  0x000002418068ca68: 1420 e106 

  0x000002418068ca6c: ;   {other}
  0x000002418068ca6c: 0f1f 8400 | 5c0e 0009 | 4883 c470 

  0x000002418068ca78: ;   {poll_return}
  0x000002418068ca78: 5d49 3ba7 | 5004 0000 | 0f87 0404 | 0000 c348 | 83c4 705d 

  0x000002418068ca8c: ;   {poll_return}
  0x000002418068ca8c: 493b a750 | 0400 000f | 8707 0400 | 00c3 488b | 5424 5049 | 8b87 0005 | 0000 4d33 | d24d 8997 
  0x000002418068caac: 0005 0000 | 4d33 d24d | 8997 0805 | 0000 488b 

  0x000002418068cabc: ;   {metadata(method data for {method} {0x00000241d18be2b8} 'isDirty' '()Z' in 'com/sun/webkit/WebPage')}
  0x000002418068cabc: f048 b888 | aaef d141 | 0200 0048 | 8380 a001 

  0x000002418068cacc: ;   {metadata(method data for {method} {0x00000241d18be090} 'unlockPage' '()Z' in 'com/sun/webkit/WebPage')}
  0x000002418068cacc: 0000 0148 | b870 40eb | d141 0200 | 008b b8cc | 0000 0083 | c702 89b8 | cc00 0000 | 81e7 feff 
  0x000002418068caec: 1f00 83ff | 000f 84bf 

  0x000002418068caf4: ;   {metadata(method data for {method} {0x00000241d18be090} 'unlockPage' '()Z' in 'com/sun/webkit/WebPage')}
  0x000002418068caf4: 0300 0048 | b870 40eb | d141 0200 | 0048 8380 | 1001 0000 

  0x000002418068cb08: ;   {oop(a 'java/lang/Class'{0x00000007079de8d8} = 'com/sun/webkit/Invoker')}
  0x000002418068cb08: 0148 bfd8 | e89d 0707 | 0000 0048 | 8d5c 2458 | 4889 7b08 | 488b 0748 | 83c8 0148 | 8903 f048 
  0x000002418068cb28: 0fb1 1f0f | 8412 0000 | 0048 2bc4 | 4825 07f0 | ffff 4889 | 030f 8594 | 0300 0049 | ff87 5005 
  0x000002418068cb48: ;   {metadata(method data for {method} {0x00000241d18995b0} 'getInvoker' '()Lcom/sun/webkit/Invoker;' in 'com/sun/webkit/Invoker')}
  0x000002418068cb48: 0000 48b8 | b072 cdd1 | 4102 0000 | 8b98 cc00 | 0000 83c3 | 0289 98cc | 0000 0081 | e3fe ff1f 
  0x000002418068cb68: 0083 fb00 | 0f84 7803 | 0000 8b7f | 7048 c1e7 | 0348 8d44 | 2458 488b | 1848 85db | 0f84 0f00 
  0x000002418068cb88: 0000 488b | 4808 f048 | 0fb1 190f | 8572 0300 | 0049 ff8f | 5005 0000 

  0x000002418068cba0: ; implicit exception: dispatches to 0x000002418068cf1e
                      ;   {metadata(method data for {method} {0x00000241d18be090} 'unlockPage' '()Z' in 'com/sun/webkit/WebPage')}
  0x000002418068cba0: 483b 0748 | b870 40eb | d141 0200 | 0048 8380 | 2001 0000 

  0x000002418068cbb4: ;   {metadata(method data for {method} {0x00000241d18a81e0} 'unlock' '(Ljava/util/concurrent/locks/ReentrantLock;)Z' in 'com/sun/javafx/webkit/prism/PrismInvoker')}
  0x000002418068cbb4: 0148 b800 | 42eb d141 | 0200 008b | b8cc 0000 | 0083 c702 | 89b8 cc00 | 0000 81e7 | feff 1f00 
  0x000002418068cbd4: 83ff 000f | 8446 0300 | 0048 8bc6 | e97c 0300 

  0x000002418068cbe4: ;   {metadata({method} {0x00000241d08d13f0} 'handleStagePulse' '()V' in 'javafx/scene/web/WebView')}
  0x000002418068cbe4: 0049 bae8 | 138d d041 | 0200 004c | 8954 2408 | 48c7 0424 | ffff ffff 

  0x000002418068cbfc: ;   {runtime_call counter_overflow Runtime1 stub}
  0x000002418068cbfc: e8ff b7ed 

  0x000002418068cc00: ; ImmutableOopMap {rdx=Oop [80]=Oop }
                      ;*synchronization entry
                      ; - javafx.scene.web.WebView::handleStagePulse@-1 (line 965)
  0x000002418068cc00: 06e9 a2f3 

  0x000002418068cc04: ;   {runtime_call throw_null_pointer_exception Runtime1 stub}
  0x000002418068cc04: ffff e875 

  0x000002418068cc08: ; ImmutableOopMap {rdx=Oop rsi=Oop [80]=Oop }
                      ;*invokevirtual isDirty {reexecute=0 rethrow=0 return_oop=0}
                      ; - javafx.scene.web.WebView::handleStagePulse@21 (line 970)
                      ;   {metadata({method} {0x00000241d18be2b8} 'isDirty' '()Z' in 'com/sun/webkit/WebPage')}
  0x000002418068cc08: 58ed 0649 | bab0 e28b | d141 0200 | 004c 8954 | 2408 48c7 | 0424 ffff 

  0x000002418068cc20: ;   {runtime_call counter_overflow Runtime1 stub}
  0x000002418068cc20: ffff e8d9 

  0x000002418068cc24: ; ImmutableOopMap {rdx=Oop rsi=Oop [80]=Oop }
                      ;*synchronization entry
                      ; - com.sun.webkit.WebPage::isDirty@-1 (line 282)
                      ; - javafx.scene.web.WebView::handleStagePulse@21 (line 970)
  0x000002418068cc24: b7ed 06e9 | 70f4 ffff 

  0x000002418068cc2c: ;   {metadata({method} {0x00000241d18bdff0} 'lockPage' '()Z' in 'com/sun/webkit/WebPage')}
  0x000002418068cc2c: 49ba e8df | 8bd1 4102 | 0000 4c89 | 5424 0848 | c704 24ff 

  0x000002418068cc40: ;   {runtime_call counter_overflow Runtime1 stub}
  0x000002418068cc40: ffff ffe8 

  0x000002418068cc44: ; ImmutableOopMap {rdx=Oop rsi=Oop [80]=Oop }
                      ;*synchronization entry
                      ; - com.sun.webkit.WebPage::lockPage@-1 (line 238)
                      ; - com.sun.webkit.WebPage::isDirty@0 (line 282)
                      ; - javafx.scene.web.WebView::handleStagePulse@21 (line 970)
  0x000002418068cc44: b8b7 ed06 | e989 f4ff 

  0x000002418068cc4c: ;   {runtime_call throw_null_pointer_exception Runtime1 stub}
  0x000002418068cc4c: ffe8 2e58 

  0x000002418068cc50: ; ImmutableOopMap {rdx=Oop rsi=Oop rdi=Oop [80]=Oop }
                      ;*synchronization entry
                      ; - com.sun.webkit.Invoker::getInvoker@-1 (line 41)
                      ; - com.sun.webkit.WebPage::lockPage@0 (line 238)
                      ; - com.sun.webkit.WebPage::isDirty@0 (line 282)
                      ; - javafx.scene.web.WebView::handleStagePulse@21 (line 970)
  0x000002418068cc50: ed06 4889 | 7c24 0848 

  0x000002418068cc58: ;   {runtime_call monitorenter_nofpu Runtime1 stub}
  0x000002418068cc58: 891c 24e8 

  0x000002418068cc5c: ; ImmutableOopMap {rdx=Oop rsi=Oop rdi=Oop [80]=Oop [96]=Oop }
                      ;*synchronization entry
                      ; - com.sun.webkit.Invoker::getInvoker@-1 (line 41)
                      ; - com.sun.webkit.WebPage::lockPage@0 (line 238)
                      ; - com.sun.webkit.WebPage::isDirty@0 (line 282)
                      ; - javafx.scene.web.WebView::handleStagePulse@21 (line 970)
  0x000002418068cc5c: a08c ed06 | e9c4 f4ff 

  0x000002418068cc64: ;   {metadata({method} {0x00000241d18995b0} 'getInvoker' '()Lcom/sun/webkit/Invoker;' in 'com/sun/webkit/Invoker')}
  0x000002418068cc64: ff49 baa8 | 9589 d141 | 0200 004c | 8954 2408 | 48c7 0424 | ffff ffff 

  0x000002418068cc7c: ;   {runtime_call counter_overflow Runtime1 stub}
  0x000002418068cc7c: e87f b7ed 

  0x000002418068cc80: ; ImmutableOopMap {rdx=Oop rsi=Oop rdi=Oop [80]=Oop [96]=Oop }
                      ;*synchronization entry
                      ; - com.sun.webkit.Invoker::getInvoker@-1 (line 41)
                      ; - com.sun.webkit.WebPage::lockPage@0 (line 238)
                      ; - com.sun.webkit.WebPage::isDirty@0 (line 282)
                      ; - javafx.scene.web.WebView::handleStagePulse@21 (line 970)
  0x000002418068cc80: 06e9 cbf4 | ffff 488d | 4424 5848 

  0x000002418068cc8c: ;   {runtime_call monitorexit_nofpu Runtime1 stub}
  0x000002418068cc8c: 8904 24e8 | 6c92 ed06 | e9e6 f4ff 

  0x000002418068cc98: ;   {runtime_call throw_null_pointer_exception Runtime1 stub}
  0x000002418068cc98: ffe8 e257 

  0x000002418068cc9c: ; ImmutableOopMap {rdx=Oop rsi=Oop rdi=Oop [80]=Oop }
                      ;*invokevirtual lock {reexecute=0 rethrow=0 return_oop=0}
                      ; - com.sun.webkit.WebPage::lockPage@6 (line 238)
                      ; - com.sun.webkit.WebPage::isDirty@0 (line 282)
                      ; - javafx.scene.web.WebView::handleStagePulse@21 (line 970)
                      ;   {metadata({method} {0x00000241d18a8148} 'lock' '(Ljava/util/concurrent/locks/ReentrantLock;)Z' in 'com/sun/javafx/webkit/prism/PrismInvoker')}
  0x000002418068cc9c: ed06 49ba | 4081 8ad1 | 4102 0000 | 4c89 5424 | 0848 c704 | 24ff ffff 

  0x000002418068ccb4: ;   {runtime_call counter_overflow Runtime1 stub}
  0x000002418068ccb4: ffe8 46b7 

  0x000002418068ccb8: ; ImmutableOopMap {rdx=Oop rsi=Oop [80]=Oop }
                      ;*synchronization entry
                      ; - com.sun.javafx.webkit.prism.PrismInvoker::lock@-1 (line 50)
                      ; - com.sun.webkit.WebPage::lockPage@6 (line 238)
                      ; - com.sun.webkit.WebPage::isDirty@0 (line 282)
                      ; - javafx.scene.web.WebView::handleStagePulse@21 (line 970)
  0x000002418068ccb8: ed06 e9fd 

  0x000002418068ccbc: ;   {runtime_call throw_null_pointer_exception Runtime1 stub}
  0x000002418068ccbc: f4ff ffe8 

  0x000002418068ccc0: ; ImmutableOopMap {rsi=Oop [80]=Oop }
                      ;*invokeinterface isEmpty {reexecute=0 rethrow=0 return_oop=0}
                      ; - com.sun.webkit.WebPage::isDirty@8 (line 284)
                      ; - javafx.scene.web.WebView::handleStagePulse@21 (line 970)
  0x000002418068ccc0: bc57 ed06 

  0x000002418068ccc4: ;   {metadata({method} {0x00000241d18be090} 'unlockPage' '()Z' in 'com/sun/webkit/WebPage')}
  0x000002418068ccc4: 49ba 88e0 | 8bd1 4102 | 0000 4c89 | 5424 0848 | c704 24ff 

  0x000002418068ccd8: ;   {runtime_call counter_overflow Runtime1 stub}
  0x000002418068ccd8: ffff ffe8 

  0x000002418068ccdc: ; ImmutableOopMap {[80]=Oop }
                      ;*synchronization entry
                      ; - com.sun.webkit.WebPage::unlockPage@-1 (line 242)
                      ; - com.sun.webkit.WebPage::isDirty@22 (line 286)
                      ; - javafx.scene.web.WebView::handleStagePulse@21 (line 970)
  0x000002418068ccdc: 20b7 ed06 | e921 f6ff | ff48 8974 | 2408 4889 

  0x000002418068ccec: ;   {runtime_call monitorenter_nofpu Runtime1 stub}
  0x000002418068ccec: 3c24 e80d 

  0x000002418068ccf0: ; ImmutableOopMap {rsi=Oop [80]=Oop [96]=Oop }
                      ;*synchronization entry
                      ; - com.sun.webkit.Invoker::getInvoker@-1 (line 41)
                      ; - com.sun.webkit.WebPage::unlockPage@0 (line 242)
                      ; - com.sun.webkit.WebPage::isDirty@22 (line 286)
                      ; - javafx.scene.web.WebView::handleStagePulse@21 (line 970)
  0x000002418068ccf0: 8ced 06e9 | 61f6 ffff 

  0x000002418068ccf8: ;   {metadata({method} {0x00000241d18995b0} 'getInvoker' '()Lcom/sun/webkit/Invoker;' in 'com/sun/webkit/Invoker')}
  0x000002418068ccf8: 49ba a895 | 89d1 4102 | 0000 4c89 | 5424 0848 | c704 24ff 

  0x000002418068cd0c: ;   {runtime_call counter_overflow Runtime1 stub}
  0x000002418068cd0c: ffff ffe8 

  0x000002418068cd10: ; ImmutableOopMap {rsi=Oop [80]=Oop [96]=Oop }
                      ;*synchronization entry
                      ; - com.sun.webkit.Invoker::getInvoker@-1 (line 41)
                      ; - com.sun.webkit.WebPage::unlockPage@0 (line 242)
                      ; - com.sun.webkit.WebPage::isDirty@22 (line 286)
                      ; - javafx.scene.web.WebView::handleStagePulse@21 (line 970)
  0x000002418068cd10: ecb6 ed06 | e968 f6ff | ff48 8d44 | 2458 4889 

  0x000002418068cd20: ;   {runtime_call monitorexit_nofpu Runtime1 stub}
  0x000002418068cd20: 0424 e8d9 | 91ed 06e9 | 83f6 ffff 

  0x000002418068cd2c: ;   {runtime_call throw_null_pointer_exception Runtime1 stub}
  0x000002418068cd2c: e84f 57ed 

  0x000002418068cd30: ; ImmutableOopMap {rsi=Oop [80]=Oop }
                      ;*invokevirtual unlock {reexecute=0 rethrow=0 return_oop=0}
                      ; - com.sun.webkit.WebPage::unlockPage@6 (line 242)
                      ; - com.sun.webkit.WebPage::isDirty@22 (line 286)
                      ; - javafx.scene.web.WebView::handleStagePulse@21 (line 970)
                      ;   {metadata({method} {0x00000241d18a81e0} 'unlock' '(Ljava/util/concurrent/locks/ReentrantLock;)Z' in 'com/sun/javafx/webkit/prism/PrismInvoker')}
  0x000002418068cd30: 0649 bad8 | 818a d141 | 0200 004c | 8954 2408 | 48c7 0424 | ffff ffff 

  0x000002418068cd48: ;   {runtime_call counter_overflow Runtime1 stub}
  0x000002418068cd48: e8b3 b6ed 

  0x000002418068cd4c: ; ImmutableOopMap {[80]=Oop }
                      ;*synchronization entry
                      ; - com.sun.javafx.webkit.prism.PrismInvoker::unlock@-1 (line 54)
                      ; - com.sun.webkit.WebPage::unlockPage@6 (line 242)
                      ; - com.sun.webkit.WebPage::isDirty@22 (line 286)
                      ; - javafx.scene.web.WebView::handleStagePulse@21 (line 970)
  0x000002418068cd4c: 06e9 9af6 

  0x000002418068cd50: ;   {metadata({method} {0x00000241d0d1eae8} 'setAllowPGAccess' '(Z)V' in 'com/sun/javafx/scene/SceneHelper')}
  0x000002418068cd50: ffff 49ba | e0ea d1d0 | 4102 0000 | 4c89 5424 | 0848 c704 | 24ff ffff 

  0x000002418068cd68: ;   {runtime_call counter_overflow Runtime1 stub}
  0x000002418068cd68: ffe8 92b6 

  0x000002418068cd6c: ; ImmutableOopMap {[80]=Oop }
                      ;*synchronization entry
                      ; - com.sun.javafx.scene.SceneHelper::setAllowPGAccess@-1 (line 86)
                      ; - javafx.scene.web.WebView::handleStagePulse@28 (line 971)
  0x000002418068cd6c: ed06 e9ef 

  0x000002418068cd70: ;   {runtime_call throw_incompatible_class_change_error Runtime1 stub}
  0x000002418068cd70: f6ff ffe8 

  0x000002418068cd74: ; ImmutableOopMap {rsi=Oop [80]=Oop }
                      ;*invokeinterface setAllowPGAccess {reexecute=0 rethrow=0 return_oop=0}
                      ; - com.sun.javafx.scene.SceneHelper::setAllowPGAccess@4 (line 86)
                      ; - javafx.scene.web.WebView::handleStagePulse@28 (line 971)
  0x000002418068cd74: 8882 ed06 

  0x000002418068cd78: ;   {runtime_call throw_null_pointer_exception Runtime1 stub}
  0x000002418068cd78: e803 57ed 

  0x000002418068cd7c: ; ImmutableOopMap {rsi=Oop [80]=Oop }
                      ;*invokeinterface setAllowPGAccess {reexecute=0 rethrow=0 return_oop=0}
                      ; - com.sun.javafx.scene.SceneHelper::setAllowPGAccess@4 (line 86)
                      ; - javafx.scene.web.WebView::handleStagePulse@28 (line 971)
                      ;   {metadata({method} {0x00000241d0d45220} 'setAllowPGAccess' '(Z)V' in 'javafx/scene/Scene$2')}
  0x000002418068cd7c: 0649 ba18 | 52d4 d041 | 0200 004c | 8954 2408 | 48c7 0424 | ffff ffff 

  0x000002418068cd94: ;   {runtime_call counter_overflow Runtime1 stub}
  0x000002418068cd94: e867 b6ed 

  0x000002418068cd98: ; ImmutableOopMap {[80]=Oop }
                      ;*synchronization entry
                      ; - javafx.scene.Scene$2::setAllowPGAccess@-1 (line 421)
                      ; - com.sun.javafx.scene.SceneHelper::setAllowPGAccess@4 (line 86)
                      ; - javafx.scene.web.WebView::handleStagePulse@28 (line 971)
  0x000002418068cd98: 06e9 59f7 

  0x000002418068cd9c: ;   {metadata({method} {0x00000241d097d1d8} 'getPeer' '(Ljavafx/scene/Node;)Lcom/sun/javafx/sg/prism/NGNode;' in 'com/sun/javafx/scene/NodeHelper')}
  0x000002418068cd9c: ffff 49ba | d0d1 97d0 | 4102 0000 | 4c89 5424 | 0848 c704 | 24ff ffff 

  0x000002418068cdb4: ;   {runtime_call counter_overflow Runtime1 stub}
  0x000002418068cdb4: ffe8 46b6 

  0x000002418068cdb8: ; ImmutableOopMap {[80]=Oop }
                      ;*synchronization entry
                      ; - com.sun.javafx.scene.NodeHelper::getPeer@-1 (line 213)
                      ; - javafx.scene.web.WebView::handleStagePulse@32 (line 972)
  0x000002418068cdb8: ed06 e997 

  0x000002418068cdbc: ;   {runtime_call throw_incompatible_class_change_error Runtime1 stub}
  0x000002418068cdbc: f7ff ffe8 

  0x000002418068cdc0: ; ImmutableOopMap {rdx=Oop [80]=Oop }
                      ;*invokeinterface getPeer {reexecute=0 rethrow=0 return_oop=0}
                      ; - com.sun.javafx.scene.NodeHelper::getPeer@4 (line 213)
                      ; - javafx.scene.web.WebView::handleStagePulse@32 (line 972)
  0x000002418068cdc0: 3c82 ed06 

  0x000002418068cdc4: ;   {runtime_call throw_null_pointer_exception Runtime1 stub}
  0x000002418068cdc4: e8b7 56ed 

  0x000002418068cdc8: ; ImmutableOopMap {rdx=Oop [80]=Oop }
                      ;*invokeinterface getPeer {reexecute=0 rethrow=0 return_oop=0}
                      ; - com.sun.javafx.scene.NodeHelper::getPeer@4 (line 213)
                      ; - javafx.scene.web.WebView::handleStagePulse@32 (line 972)
                      ;   {metadata({method} {0x00000241d0979fd8} 'getPeer' '(Ljavafx/scene/Node;)Lcom/sun/javafx/sg/prism/NGNode;' in 'javafx/scene/Node$1')}
  0x000002418068cdc8: 0649 bad0 | 9f97 d041 | 0200 004c | 8954 2408 | 48c7 0424 | ffff ffff 

  0x000002418068cde0: ;   {runtime_call counter_overflow Runtime1 stub}
  0x000002418068cde0: e81b b6ed 

  0x000002418068cde4: ; ImmutableOopMap {[80]=Oop }
                      ;*synchronization entry
                      ; - javafx.scene.Node$1::getPeer@-1 (line 506)
                      ; - com.sun.javafx.scene.NodeHelper::getPeer@4 (line 213)
                      ; - javafx.scene.web.WebView::handleStagePulse@32 (line 972)
  0x000002418068cde4: 06e9 f0f7 | ffff 4889 

  0x000002418068cdec: ;   {runtime_call throw_class_cast_exception Runtime1 stub}
  0x000002418068cdec: 0424 e80d 

  0x000002418068cdf0: ; ImmutableOopMap {[80]=Oop }
                      ;*checkcast {reexecute=0 rethrow=0 return_oop=0}
                      ; - javafx.scene.web.WebView::handleStagePulse@35 (line 972)
                      ;   {runtime_call throw_null_pointer_exception Runtime1 stub}
  0x000002418068cdf0: 7fed 06e8 

  0x000002418068cdf4: ; ImmutableOopMap {rdx=Oop [80]=Oop }
                      ;*invokevirtual update {reexecute=0 rethrow=0 return_oop=0}
                      ; - javafx.scene.web.WebView::handleStagePulse@40 (line 973)
  0x000002418068cdf4: 8856 ed06 

  0x000002418068cdf8: ;   {runtime_call throw_null_pointer_exception Runtime1 stub}
  0x000002418068cdf8: e883 56ed 

  0x000002418068cdfc: ; ImmutableOopMap {rdx=Oop rsi=Oop [80]=Oop }
                      ;*invokevirtual isRepaintPending {reexecute=0 rethrow=0 return_oop=0}
                      ; - javafx.scene.web.WebView::handleStagePulse@47 (line 974)
                      ;   {metadata({method} {0x00000241d097c1a0} 'markDirty' '(Ljavafx/scene/Node;Lcom/sun/javafx/scene/DirtyBits;)V' in 'com/sun/javafx/scene/NodeHelper')}
  0x000002418068cdfc: 0649 ba98 | c197 d041 | 0200 004c | 8954 2408 | 48c7 0424 | ffff ffff 

  0x000002418068ce14: ;   {runtime_call counter_overflow Runtime1 stub}
  0x000002418068ce14: e8e7 b5ed 

  0x000002418068ce18: ; ImmutableOopMap {[80]=Oop }
                      ;*synchronization entry
                      ; - com.sun.javafx.scene.NodeHelper::markDirty@-1 (line 99)
                      ; - javafx.scene.web.WebView::handleStagePulse@57 (line 975)
  0x000002418068ce18: 06e9 21fa 

  0x000002418068ce1c: ;   {runtime_call throw_null_pointer_exception Runtime1 stub}
  0x000002418068ce1c: ffff e85d 

  0x000002418068ce20: ; ImmutableOopMap {rax=Oop [80]=Oop }
                      ;*invokevirtual markDirtyImpl {reexecute=0 rethrow=0 return_oop=0}
                      ; - com.sun.javafx.scene.NodeHelper::markDirty@6 (line 99)
                      ; - javafx.scene.web.WebView::handleStagePulse@57 (line 975)
                      ;   {metadata({method} {0x00000241d0d1eae8} 'setAllowPGAccess' '(Z)V' in 'com/sun/javafx/scene/SceneHelper')}
  0x000002418068ce20: 56ed 0649 | bae0 ead1 | d041 0200 | 004c 8954 | 2408 48c7 | 0424 ffff 

  0x000002418068ce38: ;   {runtime_call counter_overflow Runtime1 stub}
  0x000002418068ce38: ffff e8c1 

  0x000002418068ce3c: ; ImmutableOopMap {}
                      ;*synchronization entry
                      ; - com.sun.javafx.scene.SceneHelper::setAllowPGAccess@-1 (line 86)
                      ; - javafx.scene.web.WebView::handleStagePulse@61 (line 977)
  0x000002418068ce3c: b5ed 06e9 | 1afb ffff 

  0x000002418068ce44: ;   {runtime_call throw_incompatible_class_change_error Runtime1 stub}
  0x000002418068ce44: e8b7 81ed 

  0x000002418068ce48: ; ImmutableOopMap {rdx=Oop }
                      ;*invokeinterface setAllowPGAccess {reexecute=0 rethrow=0 return_oop=0}
                      ; - com.sun.javafx.scene.SceneHelper::setAllowPGAccess@4 (line 86)
                      ; - javafx.scene.web.WebView::handleStagePulse@61 (line 977)
                      ;   {runtime_call throw_null_pointer_exception Runtime1 stub}
  0x000002418068ce48: 06e8 3256 

  0x000002418068ce4c: ; ImmutableOopMap {rdx=Oop }
                      ;*invokeinterface setAllowPGAccess {reexecute=0 rethrow=0 return_oop=0}
                      ; - com.sun.javafx.scene.SceneHelper::setAllowPGAccess@4 (line 86)
                      ; - javafx.scene.web.WebView::handleStagePulse@61 (line 977)
                      ;   {metadata({method} {0x00000241d0d45220} 'setAllowPGAccess' '(Z)V' in 'javafx/scene/Scene$2')}
  0x000002418068ce4c: ed06 49ba | 1852 d4d0 | 4102 0000 | 4c89 5424 | 0848 c704 | 24ff ffff 

  0x000002418068ce64: ;   {runtime_call counter_overflow Runtime1 stub}
  0x000002418068ce64: ffe8 96b5 

  0x000002418068ce68: ; ImmutableOopMap {}
                      ;*synchronization entry
                      ; - javafx.scene.Scene$2::setAllowPGAccess@-1 (line 421)
                      ; - com.sun.javafx.scene.SceneHelper::setAllowPGAccess@4 (line 86)
                      ; - javafx.scene.web.WebView::handleStagePulse@61 (line 977)
  0x000002418068ce68: ed06 e984 

  0x000002418068ce6c: ;   {internal_word}
  0x000002418068ce6c: fbff ff49 | ba31 ca68 | 8041 0200 | 004d 8997 | 6804 0000 

  0x000002418068ce80: ;   {runtime_call SafepointBlob}
  0x000002418068ce80: e97b 88e1 

  0x000002418068ce84: ;   {runtime_call throw_null_pointer_exception Runtime1 stub}
  0x000002418068ce84: 06e8 f655 

  0x000002418068ce88: ; ImmutableOopMap {rdx=Oop }
                      ;*invokevirtual dropRenderFrames {reexecute=0 rethrow=0 return_oop=0}
                      ; - javafx.scene.web.WebView::handleStagePulse@71 (line 980)
                      ;   {internal_word}
  0x000002418068ce88: ed06 49ba | 79ca 6880 | 4102 0000 | 4d89 9768 

  0x000002418068ce98: ;   {runtime_call SafepointBlob}
  0x000002418068ce98: 0400 00e9 | 6088 e106 

  0x000002418068cea0: ;   {internal_word}
  0x000002418068cea0: 49ba 8cca | 6880 4102 | 0000 4d89 | 9768 0400 

  0x000002418068ceb0: ;   {runtime_call SafepointBlob}
  0x000002418068ceb0: 00e9 4a88 

  0x000002418068ceb4: ;   {metadata({method} {0x00000241d18be090} 'unlockPage' '()Z' in 'com/sun/webkit/WebPage')}
  0x000002418068ceb4: e106 49ba | 88e0 8bd1 | 4102 0000 | 4c89 5424 | 0848 c704 | 24ff ffff 

  0x000002418068cecc: ;   {runtime_call counter_overflow Runtime1 stub}
  0x000002418068cecc: ffe8 2eb5 

  0x000002418068ced0: ; ImmutableOopMap {rdx=Oop rsi=Oop [80]=Oop }
                      ;*synchronization entry
                      ; - com.sun.webkit.WebPage::unlockPage@-1 (line 242)
                      ; - com.sun.webkit.WebPage::isDirty@29 (line 286)
                      ; - javafx.scene.web.WebView::handleStagePulse@21 (line 970)
  0x000002418068ced0: ed06 e920 | fcff ff48 | 897c 2408 | 4889 1c24 

  0x000002418068cee0: ;   {runtime_call monitorenter_nofpu Runtime1 stub}
  0x000002418068cee0: e81b 8aed 

  0x000002418068cee4: ; ImmutableOopMap {rdx=Oop rsi=Oop rdi=Oop [80]=Oop [96]=Oop }
                      ;*synchronization entry
                      ; - com.sun.webkit.Invoker::getInvoker@-1 (line 41)
                      ; - com.sun.webkit.WebPage::unlockPage@0 (line 242)
                      ; - com.sun.webkit.WebPage::isDirty@29 (line 286)
                      ; - javafx.scene.web.WebView::handleStagePulse@21 (line 970)
  0x000002418068cee4: 06e9 60fc 

  0x000002418068cee8: ;   {metadata({method} {0x00000241d18995b0} 'getInvoker' '()Lcom/sun/webkit/Invoker;' in 'com/sun/webkit/Invoker')}
  0x000002418068cee8: ffff 49ba | a895 89d1 | 4102 0000 | 4c89 5424 | 0848 c704 | 24ff ffff 

  0x000002418068cf00: ;   {runtime_call counter_overflow Runtime1 stub}
  0x000002418068cf00: ffe8 fab4 

  0x000002418068cf04: ; ImmutableOopMap {rdx=Oop rsi=Oop rdi=Oop [80]=Oop [96]=Oop }
                      ;*synchronization entry
                      ; - com.sun.webkit.Invoker::getInvoker@-1 (line 41)
                      ; - com.sun.webkit.WebPage::unlockPage@0 (line 242)
                      ; - com.sun.webkit.WebPage::isDirty@29 (line 286)
                      ; - javafx.scene.web.WebView::handleStagePulse@21 (line 970)
  0x000002418068cf04: ed06 e967 | fcff ff48 | 8d44 2458 | 4889 0424 

  0x000002418068cf14: ;   {runtime_call monitorexit_nofpu Runtime1 stub}
  0x000002418068cf14: e8e7 8fed | 06e9 82fc 

  0x000002418068cf1c: ;   {runtime_call throw_null_pointer_exception Runtime1 stub}
  0x000002418068cf1c: ffff e85d 

  0x000002418068cf20: ; ImmutableOopMap {rdx=Oop rsi=Oop rdi=Oop [80]=Oop }
                      ;*invokevirtual unlock {reexecute=0 rethrow=0 return_oop=0}
                      ; - com.sun.webkit.WebPage::unlockPage@6 (line 242)
                      ; - com.sun.webkit.WebPage::isDirty@29 (line 286)
                      ; - javafx.scene.web.WebView::handleStagePulse@21 (line 970)
                      ;   {metadata({method} {0x00000241d18a81e0} 'unlock' '(Ljava/util/concurrent/locks/ReentrantLock;)Z' in 'com/sun/javafx/webkit/prism/PrismInvoker')}
  0x000002418068cf20: 55ed 0649 | bad8 818a | d141 0200 | 004c 8954 | 2408 48c7 | 0424 ffff 

  0x000002418068cf38: ;   {runtime_call counter_overflow Runtime1 stub}
  0x000002418068cf38: ffff e8c1 

  0x000002418068cf3c: ; ImmutableOopMap {rdx=Oop rsi=Oop [80]=Oop }
                      ;*synchronization entry
                      ; - com.sun.javafx.webkit.prism.PrismInvoker::unlock@-1 (line 54)
                      ; - com.sun.webkit.WebPage::unlockPage@6 (line 242)
                      ; - com.sun.webkit.WebPage::isDirty@29 (line 286)
                      ; - javafx.scene.web.WebView::handleStagePulse@21 (line 970)
  0x000002418068cf3c: b4ed 06e9 | 99fc ffff | 498b 8700 | 0500 0049 | c787 0005 | 0000 0000 | 0000 49c7 | 8708 0500 
  0x000002418068cf5c: 0000 0000 | 0048 83c4 

  0x000002418068cf64: ;   {runtime_call unwind_exception Runtime1 stub}
  0x000002418068cf64: 705d e915 | 33ed 06f4 | f4f4 f4f4 
[Stub Code]
  0x000002418068cf70: ;   {no_reloc}
  0x000002418068cf70: 0f1f 4400 

  0x000002418068cf74: ;   {static_stub}
  0x000002418068cf74: 0048 bb00 | 0000 0000 

  0x000002418068cf7c: ;   {runtime_call}
  0x000002418068cf7c: 0000 00e9 | fbff ffff 

  0x000002418068cf84: ;   {static_stub}
  0x000002418068cf84: 9048 bb00 | 0000 0000 

  0x000002418068cf8c: ;   {runtime_call}
  0x000002418068cf8c: 0000 00e9 | fbff ffff 

  0x000002418068cf94: ;   {static_stub}
  0x000002418068cf94: 9048 bb00 | 0000 0000 

  0x000002418068cf9c: ;   {runtime_call}
  0x000002418068cf9c: 0000 00e9 | fbff ffff 

  0x000002418068cfa4: ;   {static_stub}
  0x000002418068cfa4: 48bb d812 | 8dd0 4102 

  0x000002418068cfac: ;   {runtime_call I2C/C2I adapters}
  0x000002418068cfac: 0000 e9b0 

  0x000002418068cfb0: ;   {static_stub}
  0x000002418068cfb0: 64e1 0648 | bb00 0000 | 0000 0000 

  0x000002418068cfbc: ;   {runtime_call}
  0x000002418068cfbc: 00e9 fbff 

  0x000002418068cfc0: ;   {static_stub}
  0x000002418068cfc0: ffff 48bb | a850 89d1 | 4102 0000 

  0x000002418068cfcc: ;   {runtime_call I2C/C2I adapters}
  0x000002418068cfcc: e992 64e1 

  0x000002418068cfd0: ;   {static_stub}
  0x000002418068cfd0: 0648 bb00 | 0000 0000 

  0x000002418068cfd8: ;   {runtime_call}
  0x000002418068cfd8: 0000 00e9 | fbff ffff 

  0x000002418068cfe0: ;   {static_stub}
  0x000002418068cfe0: 48bb 0000 | 0000 0000 

  0x000002418068cfe8: ;   {runtime_call}
  0x000002418068cfe8: 0000 e9fb 

  0x000002418068cfec: ;   {static_stub}
  0x000002418068cfec: ffff ff48 | bb00 0000 | 0000 0000 

  0x000002418068cff8: ;   {runtime_call}
  0x000002418068cff8: 00e9 fbff 

  0x000002418068cffc: ;   {runtime_call handle_exception_from_callee Runtime1 stub}
  0x000002418068cffc: ffff e8fd 

  0x000002418068d000: ;   {external_word}
  0x000002418068d000: 76ed 0648 | b9e0 27cc | cdfd 7f00 | 0048 83e4 

  0x000002418068d010: ;   {runtime_call}
  0x000002418068d010: f048 b8e0 | 0f94 cdfd | 7f00 00ff 

  0x000002418068d01c: ;   {section_word}
  0x000002418068d01c: d0f4 49ba | 1ed0 6880 | 4102 0000 

  0x000002418068d028: ;   {runtime_call DeoptimizationBlob}
  0x000002418068d028: 4152 e971 | 79e1 06f4 
[/MachCode]


Compiled method (c1)   77198 7084       3       javafx.scene.web.WebView$$Lambda/0x00000241903e8690::pulse (8 bytes)
 total in heap  [0x000002418072ee90,0x000002418072f290] = 1024
 relocation     [0x000002418072eff0,0x000002418072f038] = 72
 main code      [0x000002418072f040,0x000002418072f1a0] = 352
 stub code      [0x000002418072f1a0,0x000002418072f1e0] = 64
 oops           [0x000002418072f1e0,0x000002418072f1e8] = 8
 metadata       [0x000002418072f1e8,0x000002418072f1f8] = 16
 scopes data    [0x000002418072f1f8,0x000002418072f218] = 32
 scopes pcs     [0x000002418072f218,0x000002418072f278] = 96
 dependencies   [0x000002418072f278,0x000002418072f280] = 8
 nul chk table  [0x000002418072f280,0x000002418072f290] = 16

[Constant Pool (empty)]

[MachCode]
[Entry Point]
  # {method} {0x00000241d1a4e500} 'pulse' '()V' in 'javafx/scene/web/WebView$$Lambda+0x00000241903e8690'
  #           [sp+0x40]  (sp of caller)
  0x000002418072f040: 448b 5208 | 49bb 0000 | 008f 4102 | 0000 4d03 | d34c 3bd0 

  0x000002418072f054: ;   {runtime_call ic_miss_stub}
  0x000002418072f054: 0f85 26f7 | d606 660f | 1f44 0000 
[Verified Entry Point]
  0x000002418072f060: 8984 2400 | 80ff ff55 | 4883 ec30 | 4181 7f20 | 2700 0000 

  0x000002418072f074: ;   {runtime_call StubRoutines (final stubs)}
  0x000002418072f074: 7405 e8e5 

  0x000002418072f078: ;   {metadata(method data for {method} {0x00000241d1a4e500} 'pulse' '()V' in 'javafx/scene/web/WebView$$Lambda+0x00000241903e8690')}
  0x000002418072f078: 5cd5 0648 | be78 9fef | d141 0200 | 008b becc | 0000 0083 | c702 89be | cc00 0000 | 81e7 fe07 
  0x000002418072f098: 0000 83ff | 000f 847c | 0000 008b | 520c 48c1 | e203 483b | 0248 8bf2 

  0x000002418072f0b0: ;   {metadata(method data for {method} {0x00000241d1a4e500} 'pulse' '()V' in 'javafx/scene/web/WebView$$Lambda+0x00000241903e8690')}
  0x000002418072f0b0: 48bf 789f | efd1 4102 | 0000 4883 | 8710 0100 

  0x000002418072f0c0: ;   {metadata(method data for {method} {0x00000241d08d2ac0} 'lambda$new$0' '()V' in 'javafx/scene/web/WebView')}
  0x000002418072f0c0: 0001 48be | 00a1 efd1 | 4102 0000 | 8bbe cc00 | 0000 83c7 | 0289 becc | 0000 0081 | e7fe ff1f 
  0x000002418072f0e0: 0083 ff00 | 0f84 5b00 | 0000 488b 

  0x000002418072f0ec: ;   {metadata(method data for {method} {0x00000241d08d2ac0} 'lambda$new$0' '()V' in 'javafx/scene/web/WebView')}
  0x000002418072f0ec: f248 bf00 | a1ef d141 | 0200 0048 | 8387 1001 

  0x000002418072f0fc: ;   {optimized virtual_call}
  0x000002418072f0fc: 0000 01e8 

  0x000002418072f100: ; ImmutableOopMap {}
                      ;*invokevirtual handleStagePulse {reexecute=0 rethrow=0 return_oop=0}
                      ; - javafx.scene.web.WebView::lambda$new$0@1 (line 278)
                      ; - javafx.scene.web.WebView$$Lambda/0x00000241903e8690::pulse@4
  0x000002418072f100: 5cce f5ff 

  0x000002418072f104: ;   {other}
  0x000002418072f104: 0f1f 8400 | 7402 0000 | 4883 c430 

  0x000002418072f110: ;   {poll_return}
  0x000002418072f110: 5d49 3ba7 | 5004 0000 | 0f87 4500 

  0x000002418072f11c: ;   {metadata({method} {0x00000241d1a4e500} 'pulse' '()V' in 'javafx/scene/web/WebView$$Lambda+0x00000241903e8690')}
  0x000002418072f11c: 0000 c349 | baf8 e4a4 | d141 0200 | 004c 8954 | 2408 48c7 | 0424 ffff 

  0x000002418072f134: ;   {runtime_call counter_overflow Runtime1 stub}
  0x000002418072f134: ffff e8c5 

  0x000002418072f138: ; ImmutableOopMap {rdx=Oop }
                      ;*synchronization entry
                      ; - javafx.scene.web.WebView$$Lambda/0x00000241903e8690::pulse@-1
  0x000002418072f138: 92e3 06e9 | 63ff ffff 

  0x000002418072f140: ;   {runtime_call throw_null_pointer_exception Runtime1 stub}
  0x000002418072f140: e83b 33e3 

  0x000002418072f144: ; ImmutableOopMap {rdx=Oop }
                      ;*invokevirtual lambda$new$0 {reexecute=0 rethrow=0 return_oop=0}
                      ; - javafx.scene.web.WebView$$Lambda/0x00000241903e8690::pulse@4
                      ;   {metadata({method} {0x00000241d08d2ac0} 'lambda$new$0' '()V' in 'javafx/scene/web/WebView')}
  0x000002418072f144: 0649 bab8 | 2a8d d041 | 0200 004c | 8954 2408 | 48c7 0424 | ffff ffff 

  0x000002418072f15c: ;   {runtime_call counter_overflow Runtime1 stub}
  0x000002418072f15c: e89f 92e3 

  0x000002418072f160: ; ImmutableOopMap {rdx=Oop }
                      ;*synchronization entry
                      ; - javafx.scene.web.WebView::lambda$new$0@-1 (line 278)
                      ; - javafx.scene.web.WebView$$Lambda/0x00000241903e8690::pulse@4
                      ;   {internal_word}
  0x000002418072f160: 06eb 8749 | ba11 f172 | 8041 0200 | 004d 8997 | 6804 0000 

  0x000002418072f174: ;   {runtime_call SafepointBlob}
  0x000002418072f174: e987 65d7 | 0649 8b87 | 0005 0000 | 49c7 8700 | 0500 0000 | 0000 0049 | c787 0805 | 0000 0000 
  0x000002418072f194: 0000 4883 

  0x000002418072f198: ;   {runtime_call unwind_exception Runtime1 stub}
  0x000002418072f198: c430 5de9 | e010 e306 
[Stub Code]
  0x000002418072f1a0: ;   {no_reloc}
  0x000002418072f1a0: 48bb 0000 | 0000 0000 

  0x000002418072f1a8: ;   {runtime_call}
  0x000002418072f1a8: 0000 e9fb 

  0x000002418072f1ac: ;   {runtime_call handle_exception_from_callee Runtime1 stub}
  0x000002418072f1ac: ffff ffe8 | 4c55 e306 

  0x000002418072f1b4: ;   {external_word}
  0x000002418072f1b4: 48b9 e027 | cccd fd7f | 0000 4883 

  0x000002418072f1c0: ;   {runtime_call}
  0x000002418072f1c0: e4f0 48b8 | e00f 94cd | fd7f 0000 

  0x000002418072f1cc: ;   {section_word}
  0x000002418072f1cc: ffd0 f449 | bacf f172 | 8041 0200 

  0x000002418072f1d8: ;   {runtime_call DeoptimizationBlob}
  0x000002418072f1d8: 0041 52e9 | c057 d706 
[/MachCode]


Compiled method (c2)   77203 9417   !   4       com.sun.javafx.tk.Toolkit::firePulse (279 bytes)
 total in heap  [0x0000024187fb2690,0x0000024187fba5c0] = 32560
 relocation     [0x0000024187fb27f0,0x0000024187fb2c68] = 1144
 main code      [0x0000024187fb2c80,0x0000024187fb7808] = 19336
 stub code      [0x0000024187fb7808,0x0000024187fb7910] = 264
 oops           [0x0000024187fb7910,0x0000024187fb7938] = 40
 metadata       [0x0000024187fb7938,0x0000024187fb7ae0] = 424
 scopes data    [0x0000024187fb7ae0,0x0000024187fb96b8] = 7128
 scopes pcs     [0x0000024187fb96b8,0x0000024187fba008] = 2384
 dependencies   [0x0000024187fba008,0x0000024187fba050] = 72
 handler table  [0x0000024187fba050,0x0000024187fba4d0] = 1152
 nul chk table  [0x0000024187fba4d0,0x0000024187fba5c0] = 240

[Constant Pool (empty)]

[MachCode]
[Entry Point]
  # {method} {0x00000241d0437f98} 'firePulse' '()V' in 'com/sun/javafx/tk/Toolkit'
  #           [sp+0xb0]  (sp of caller)
  0x0000024187fb2c80: 448b 5208 | 49bb 0000 | 008f 4102 | 0000 4d03 | d349 3bc2 

  0x0000024187fb2c94: ;   {runtime_call ic_miss_stub}
  0x0000024187fb2c94: 0f85 e6ba | 4eff 6690 | 0f1f 4000 
[Verified Entry Point]
  0x0000024187fb2ca0: 8984 2400 | 80ff ff55 | 4881 eca0 | 0000 0090 | 4181 7f20 | 2700 0000 | 0f85 3d4b | 0000 4889 
  0x0000024187fb2cc0: 5424 4849 | 8b87 b801 | 0000 4c8b | d049 83c2 | 304d 3b97 | c801 0000 | 0f83 3b31 | 0000 4d89 
  0x0000024187fb2ce0: 97b8 0100 | 0041 0f0d | 8ac0 0000 | 0048 c700 | 0100 0000 

  0x0000024187fb2cf4: ;   {metadata('java/util/WeakHashMap')}
  0x0000024187fb2cf4: c740 08d8 | 4310 0044 | 8960 0c4c | 8960 104c | 8960 184c | 8960 204c | 8960 2848 | 8944 2468 
  0x0000024187fb2d14: 498b 9fb8 | 0100 004c | 8bd3 4983 | c220 4d3b | 97c8 0100 | 000f 830e | 3100 004d | 8997 b801 
  0x0000024187fb2d34: 0000 410f | 0d8a c000 | 0000 48c7 | 0301 0000 

  0x0000024187fb2d44: ;   {metadata('java/lang/ref/ReferenceQueue')}
  0x0000024187fb2d44: 00c7 4308 | f800 0400 | 4489 630c | 4c89 6310 | 4c89 6318 | 498b afb8 | 0100 004c | 8bd5 4983 
  0x0000024187fb2d64: c210 4d3b | 97c8 0100 | 000f 8367 | 3000 004d | 8997 b801 | 0000 410f | 0d8a c000 | 0000 48c7 
  0x0000024187fb2d84: 4500 0100 

  0x0000024187fb2d88: ;   {metadata('java/util/concurrent/locks/ReentrantLock')}
  0x0000024187fb2d88: 0000 c745 | 0868 ec17 | 0044 8965 | 0c49 8b87 | b801 0000 | 4c8b d049 | 83c2 204d | 3b97 c801 
  0x0000024187fb2da8: 0000 0f83 | f42f 0000 | 4d89 97b8 | 0100 0041 | 0f0d 8ac0 | 0000 0048 | c700 0100 

  0x0000024187fb2dc4: ;   {metadata('java/util/concurrent/locks/ReentrantLock$NonfairSync')}
  0x0000024187fb2dc4: 0000 c740 | 0850 fd1a | 0044 8960 | 0c4c 8960 | 104c 8960 | 1848 8bfd | 48c1 ef03 | 4c8b d049 
  0x0000024187fb2de4: c1ea 0344 | 8955 0c4c | 8bd0 4c8b | dd4d 33d3 | 49c1 ea15 | 4d85 d274 | 1a49 c1eb | 0948 b900 
  0x0000024187fb2e04: 7083 f241 | 0200 0049 | 03cb 8039 | 020f 858f | 2700 0041 | 807f 4000 | 0f85 7724 | 0000 897b 
  0x0000024187fb2e24: 184c 8bd5 | 4c8b db4d | 33d3 49c1 | ea15 4d85 | d274 1a49 | c1eb 0948 | b900 7083 | f241 0200 
  0x0000024187fb2e44: 0049 03cb | 8039 020f | 85fa 2600 | 008b 6d0c | 85ed 0f84 | 643c 0000 | 498b bfb8 | 0100 004c 
  0x0000024187fb2e64: 8bd7 4983 | c218 4d3b | 97c8 0100 | 000f 83f9 | 3000 004d | 8997 b801 | 0000 410f | 0d8a c000 
  0x0000024187fb2e84: 0000 48c7 | 0701 0000 

  0x0000024187fb2e8c: ;   {metadata('java/util/concurrent/locks/AbstractQueuedSynchronizer$ConditionObject')}
  0x0000024187fb2e8c: 00c7 4708 | 481a 1b00 | 4489 670c | 4c89 6710 | 896f 1441 | 807f 4000 | 0f85 d524 | 0000 4c8b 
  0x0000024187fb2eac: df49 c1eb | 0344 895b | 1c4c 8bd7 | 488b fb48 | c1ef 034c | 8bdb 4d33 | d349 c1ea | 154d 85d2 
  0x0000024187fb2ecc: 741a 49c1 | eb09 48b9 | 0070 83f2 | 4102 0000 | 4903 cb80 | 3902 0f85 | 5a27 0000 | 4180 7f40 
  0x0000024187fb2eec: 000f 8519 | 2400 004c | 8b54 2468 | 4189 7a28 | 4c8b d34c | 8b5c 2468 | 4d33 d349 | c1ea 154d 
  0x0000024187fb2f0c: 85d2 741a | 49c1 eb09 | 48b9 0070 | 83f2 4102 | 0000 4903 | cb80 3902 | 0f85 b427 | 0000 498b 
  0x0000024187fb2f2c: 9fb8 0100 | 004c 8bd3 | 4983 c250 | 4d3b 97c8 | 0100 000f | 8388 2f00 | 004d 8997 | b801 0000 
  0x0000024187fb2f4c: 410f 0d8a | c000 0000 | 48c7 0301 | 0000 0041 | 0f0d 8a00 

  0x0000024187fb2f60: ;   {metadata('java/util/WeakHashMap$Entry'[])}
  0x0000024187fb2f60: 0100 00c7 | 4308 e0fd | 2000 410f | 0d8a 4001 | 0000 c743 | 0c10 0000 | 0041 0f0d | 8a80 0100 
  0x0000024187fb2f80: 004c 8963 | 104c 8963 | 184c 8963 | 204c 8963 | 284c 8963 | 304c 8963 | 384c 8963 | 404c 8963 
  0x0000024187fb2fa0: 4841 807f | 4000 0f85 | 2423 0000 | 4c8b 5424 | 684c 8bdb | 4d33 da4c | 8bcb 49c1 | e903 4c8b 
  0x0000024187fb2fc0: 4424 6845 | 8948 2449 | c1eb 154d | 85db 741a | 49c1 ea09 | 48b9 0070 | 83f2 4102 | 0000 4903 
  0x0000024187fb2fe0: ca80 3902 | 0f85 0a26 | 0000 4c8b | 5424 6841 | c742 1c00 | 0040 3f41 | c742 180c | 0000 0049 
  0x0000024187fb3000: 8b87 b801 | 0000 4c8b | d049 83c2 | 304d 3b97 | c801 0000 | 0f83 522e | 0000 4d89 | 97b8 0100 
  0x0000024187fb3020: 0041 0f0d | 8ac0 0000 | 0048 c700 | 0100 0000 

  0x0000024187fb3030: ;   {metadata('java/util/WeakHashMap')}
  0x0000024187fb3030: c740 08d8 | 4310 0044 | 8960 0c4c | 8960 104c | 8960 184c | 8960 204c | 8960 2848 | 8944 2470 
  0x0000024187fb3050: 498b b7b8 | 0100 004c | 8bd6 4983 | c220 4d3b | 97c8 0100 | 000f 83d4 | 2e00 004d | 8997 b801 
  0x0000024187fb3070: 0000 410f | 0d8a c000 | 0000 48c7 | 0601 0000 

  0x0000024187fb3080: ;   {metadata('java/lang/ref/ReferenceQueue')}
  0x0000024187fb3080: 00c7 4608 | f800 0400 | 4489 660c | 4c89 6610 | 4c89 6618 | 498b 9fb8 | 0100 004c | 8bd3 4983 
  0x0000024187fb30a0: c210 4d3b | 97c8 0100 | 000f 83de | 2d00 004d | 8997 b801 | 0000 410f | 0d8a c000 | 0000 48c7 
  0x0000024187fb30c0: 0301 0000 

  0x0000024187fb30c4: ;   {metadata('java/util/concurrent/locks/ReentrantLock')}
  0x0000024187fb30c4: 00c7 4308 | 68ec 1700 | 4489 630c | 498b 87b8 | 0100 004c | 8bd0 4983 | c220 4d3b | 97c8 0100 
  0x0000024187fb30e4: 000f 830d | 2e00 004d | 8997 b801 | 0000 410f | 0d8a c000 | 0000 48c7 | 0001 0000 

  0x0000024187fb3100: ;   {metadata('java/util/concurrent/locks/ReentrantLock$NonfairSync')}
  0x0000024187fb3100: 00c7 4008 | 50fd 1a00 | 4489 600c | 4c89 6010 | 4c89 6018 | 488b fb48 | c1ef 034c | 8bd8 49c1 
  0x0000024187fb3120: eb03 4489 | 5b0c 4c8b | d04c 8bdb | 4d33 d349 | c1ea 154d | 85d2 741a | 49c1 eb09 | 48b9 0070 
  0x0000024187fb3140: 83f2 4102 | 0000 4903 | cb80 3902 | 0f85 3e25 | 0000 4180 | 7f40 000f | 85eb 2100 | 0089 7e18 
  0x0000024187fb3160: 4c8b d34c | 8bde 4d33 | d349 c1ea | 154d 85d2 | 741a 49c1 | eb09 48b9 | 0070 83f2 | 4102 0000 
  0x0000024187fb3180: 4903 cb80 | 3902 0f85 | a025 0000 | 8b6b 0c85 | ed0f 8441 | 3900 0049 | 8bbf b801 | 0000 4c8b 
  0x0000024187fb31a0: d749 83c2 | 184d 3b97 | c801 0000 | 0f83 eb2e | 0000 4d89 | 97b8 0100 | 0041 0f0d | 8ac0 0000 
  0x0000024187fb31c0: 0048 c707 | 0100 0000 

  0x0000024187fb31c8: ;   {metadata('java/util/concurrent/locks/AbstractQueuedSynchronizer$ConditionObject')}
  0x0000024187fb31c8: c747 0848 | 1a1b 0044 | 8967 0c4c | 8967 1089 | 6f14 4180 | 7f40 000f | 8508 2200 | 004c 8bd7 
  0x0000024187fb31e8: 49c1 ea03 | 4489 561c | 488b de48 | c1eb 034c | 8bd6 4c8b | df4d 33da | 49c1 eb15 | 4d85 db74 
  0x0000024187fb3208: 1a49 c1ea | 0948 b900 | 7083 f241 | 0200 0049 | 03ca 8039 | 020f 855e | 2600 0041 | 807f 4000 
  0x0000024187fb3228: 0f85 3222 | 0000 4c8b | 5424 7041 | 895a 284c | 8bd6 4c8b | 5c24 704d | 33d3 49c1 | ea15 4d85 
  0x0000024187fb3248: d274 1a49 | c1eb 0948 | b900 7083 | f241 0200 | 0049 03cb | 8039 020f | 856a 2600 | 0049 8b9f 
  0x0000024187fb3268: b801 0000 | 4c8b d349 | 83c2 504d | 3b97 c801 | 0000 0f83 | 542e 0000 | 4d89 97b8 | 0100 0041 
  0x0000024187fb3288: 0f0d 8ac0 | 0000 0048 | c703 0100 | 0000 410f | 0d8a 0001 

  0x0000024187fb329c: ;   {metadata('java/util/WeakHashMap$Entry'[])}
  0x0000024187fb329c: 0000 c743 | 08e0 fd20 | 0041 0f0d | 8a40 0100 | 00c7 430c | 1000 0000 | 410f 0d8a | 8001 0000 
  0x0000024187fb32bc: 4c89 6310 | 4c89 6318 | 4c89 6320 | 4c89 6328 | 4c89 6330 | 4c89 6338 | 4c89 6340 | 4c89 6348 
  0x0000024187fb32dc: 4180 7f40 | 000f 853d | 2100 004c | 8bdb 49c1 | eb03 4c8b | 5424 7045 | 895a 244c | 8bdb 4d33 
  0x0000024187fb32fc: da49 c1eb | 154d 85db | 741a 49c1 | ea09 48b9 | 0070 83f2 | 4102 0000 | 4903 ca80 | 3902 0f85 
  0x0000024187fb331c: 1325 0000 | 4c8b 5424 | 7041 c742 | 1c00 0040 | 3f41 c742 | 180c 0000 | 0049 8b87 | b801 0000 
  0x0000024187fb333c: 4c8b d049 | 83c2 304d | 3b97 c801 | 0000 0f83 | 882c 0000 | 4d89 97b8 | 0100 0041 | 0f0d 8ac0 
  0x0000024187fb335c: 0000 0048 | c700 0100 

  0x0000024187fb3364: ;   {metadata('java/util/WeakHashMap')}
  0x0000024187fb3364: 0000 c740 | 08d8 4310 | 0044 8960 | 0c4c 8960 | 104c 8960 | 184c 8960 | 204c 8960 | 2848 8944 
  0x0000024187fb3384: 2478 498b | b7b8 0100 | 004c 8bd6 | 4983 c220 | 4d3b 97c8 | 0100 000f | 8307 2c00 | 004d 8997 
  0x0000024187fb33a4: b801 0000 | 410f 0d8a | c000 0000 | 48c7 0601 

  0x0000024187fb33b4: ;   {metadata('java/lang/ref/ReferenceQueue')}
  0x0000024187fb33b4: 0000 00c7 | 4608 f800 | 0400 4489 | 660c 4c89 | 6610 4c89 | 6618 498b | 9fb8 0100 | 004c 8bd3 
  0x0000024187fb33d4: 4983 c210 | 4d3b 97c8 | 0100 000f | 831c 2c00 | 004d 8997 | b801 0000 | 410f 0d8a | c000 0000 
  0x0000024187fb33f4: 48c7 0301 

  0x0000024187fb33f8: ;   {metadata('java/util/concurrent/locks/ReentrantLock')}
  0x0000024187fb33f8: 0000 00c7 | 4308 68ec | 1700 4489 | 630c 498b | 87b8 0100 | 004c 8bd0 | 4983 c220 | 4d3b 97c8 
  0x0000024187fb3418: 0100 000f | 8320 2c00 | 004d 8997 | b801 0000 | 410f 0d8a | c000 0000 | 48c7 0001 

  0x0000024187fb3434: ;   {metadata('java/util/concurrent/locks/ReentrantLock$NonfairSync')}
  0x0000024187fb3434: 0000 00c7 | 4008 50fd | 1a00 4489 | 600c 4c89 | 6010 4c89 | 6018 488b | fb48 c1ef | 034c 8bd0 
  0x0000024187fb3454: 49c1 ea03 | 4489 530c | 4c8b d04c | 8bdb 4d33 | d349 c1ea | 154d 85d2 | 741a 49c1 | eb09 48b9 
  0x0000024187fb3474: 0070 83f2 | 4102 0000 | 4903 cb80 | 3902 0f85 | 0223 0000 | 4180 7f40 | 000f 8523 | 1f00 0089 
  0x0000024187fb3494: 7e18 4c8b | d34c 8bde | 4d33 d349 | c1ea 154d | 85d2 741a | 49c1 eb09 | 48b9 0070 | 83f2 4102 
  0x0000024187fb34b4: 0000 4903 | cb80 3902 | 0f85 1623 | 0000 8b6b | 0c85 ed0f | 8423 3600 | 0049 8b9f | b801 0000 
  0x0000024187fb34d4: 4c8b d349 | 83c2 184d | 3b97 c801 | 0000 0f83 | 502c 0000 | 4d89 97b8 | 0100 0041 | 0f0d 8ac0 
  0x0000024187fb34f4: 0000 0048 | c703 0100 

  0x0000024187fb34fc: ;   {metadata('java/util/concurrent/locks/AbstractQueuedSynchronizer$ConditionObject')}
  0x0000024187fb34fc: 0000 c743 | 0848 1a1b | 0044 8963 | 0c4c 8963 | 1089 6b14 | 4180 7f40 | 000f 85bd | 1f00 004c 
  0x0000024187fb351c: 8bdb 49c1 | eb03 4489 | 5e1c 4c8b | d348 8bde | 48c1 eb03 | 4c8b de4d | 33d3 49c1 | ea15 4d85 
  0x0000024187fb353c: d274 1a49 | c1eb 0948 | b900 7083 | f241 0200 | 0049 03cb | 8039 020f | 8512 2400 | 0041 807f 
  0x0000024187fb355c: 4000 0f85 | ab1f 0000 | 4c8b 5424 | 7841 895a | 284c 8bd6 | 4c8b 5c24 | 784d 33d3 | 49c1 ea15 
  0x0000024187fb357c: 4d85 d274 | 1a49 c1eb | 0948 b900 | 7083 f241 | 0200 0049 | 03cb 8039 | 020f 851e | 2400 0049 
  0x0000024187fb359c: 8b9f b801 | 0000 4c8b | d349 83c2 | 504d 3b97 | c801 0000 | 0f83 4e2b | 0000 4d89 | 97b8 0100 
  0x0000024187fb35bc: 0041 0f0d | 8ac0 0000 | 0048 c703 | 0100 0000 | 410f 0d8a | 0001 0000 

  0x0000024187fb35d4: ;   {metadata('java/util/WeakHashMap$Entry'[])}
  0x0000024187fb35d4: c743 08e0 | fd20 0041 | 0f0d 8a40 | 0100 00c7 | 430c 1000 | 0000 410f | 0d8a 8001 | 0000 4c89 
  0x0000024187fb35f4: 6310 4c89 | 6318 4c89 | 6320 4c89 | 6328 4c89 | 6330 4c89 | 6338 4c89 | 6340 4c89 | 6348 4180 
  0x0000024187fb3614: 7f40 000f | 857f 1e00 | 004c 8bd3 | 49c1 ea03 | 4c8b 5c24 | 7845 8953 | 244d 8bd3 | 4c8b db4d 
  0x0000024187fb3634: 33da 49c1 | eb15 4d85 | db74 1a49 | c1ea 0948 | b900 7083 | f241 0200 | 0049 03ca | 8039 020f 
  0x0000024187fb3654: 85c4 2200 | 004c 8b54 | 2478 41c7 | 421c 0000 | 403f 41c7 | 4218 0c00 | 0000 488d | 9c24 9000 
  0x0000024187fb3674: 0000 4c8b | 5c24 4849 | 8b03 a802 | 0f85 2300 | 0000 4883 | c801 4889 | 03f0 490f | b11b 0f84 
  0x0000024187fb3694: 3700 0000 | 482b c448 | 2507 f0ff | ff48 8903 | e924 0000 | 004c 8bd0 | 4833 c0f0 | 4d0f b17a 
  0x0000024187fb36b4: 3e48 c703 | 0300 0000 | 7411 4c3b | f875 1549 | ff82 8600 | 0000 4833 | c075 0949 

  0x0000024187fb36d0: ;   {no_reloc}
  0x0000024187fb36d0: ff87 5005 | 0000 33c0 | 0f85 2a34 | 0000 4c8b | 5424 4845 | 8b52 0c47 | 8b5c d408 

  0x0000024187fb36ec: ;   {metadata('java/util/WeakHashMap')}
  0x0000024187fb36ec: 4181 fbd8 | 4310 000f | 8538 3400 | 0049 c1e2 | 0345 8b42 | 1445 85c0 | 743a 4c89 | 5424 2049 
  0x0000024187fb370c: 8bd2 4c8b | 5424 484c | 8954 2428 | 4c89 5424 | 3048 8bea 

  0x0000024187fb3720: ;   {optimized virtual_call}
  0x0000024187fb3720: 6666 90e8 

  0x0000024187fb3724: ; ImmutableOopMap {rbp=Oop [32]=Oop [40]=Oop [48]=Oop [72]=Oop [104]=Oop [112]=Oop [120]=Oop }
                      ;*invokevirtual expungeStaleEntries {reexecute=0 rethrow=0 return_oop=0}
                      ; - java.util.WeakHashMap::size@10 (line 374)
                      ; - java.util.WeakHashMap::putAll@1 (line 552)
                      ; - com.sun.javafx.tk.Toolkit::firePulse@34 (line 444)
  0x0000024187fb3724: 3848 dfff 

  0x0000024187fb3728: ;   {other}
  0x0000024187fb3728: 0f1f 8400 | 9810 0000 | 488b fd44 | 8b5f 1445 | 85db 0f85 | c704 0000 | 48bb 0070 | 83f2 4102 
  0x0000024187fb3748: 0000 33f6 | 4533 ede9 | 0e02 0000 | ffcd eb03 | 83c5 fd89 | 6c24 60eb | 0d83 c5fe | 896c 2460 
  0x0000024187fb3768: eb04 896c | 2460 498d | 34cc 8be8 | 8b7e 0c41 | 807f 4000 | 0f85 cb1a | 0000 85ff | 0f84 cb32 
  0x0000024187fb3788: 0000 488b | 8c24 8800 | 0000 4c8b | d68b 7424 | 2044 8b5c | 2460 448b | cf4d 8bc2 | 488b 5c24 
  0x0000024187fb37a8: 2845 8b54 | ec20 443b | 9424 8000 | 0000 0f85 | 6531 0000 | 4585 c90f | 84bb 3100 | 0041 8b78 
  0x0000024187fb37c8: 0c48 8bcf | 48c1 e103 | 4180 7f40 | 000f 8547 | 1a00 0045 

  0x0000024187fb37dc: ;   {oop(a 'java/lang/Object'{0x0000000705d8d648})}
  0x0000024187fb37dc: 8b50 2481 | ffc9 1abb | e00f 84e1 | 3100 0044 | 8954 2438 | 4489 5c24 | 6089 6c24 | 2489 7424 
  0x0000024187fb37fc: 2045 8b58 | 204c 8984 | 2488 0000 | 004d 8bc1 | 49c1 e003 | 4c89 4424 | 2844 898c | 2484 0000 
  0x0000024187fb381c: 004d 8bcb | 49c1 e103 | 488b 5424 | 684c 8bc1 

  0x0000024187fb382c: ;   {optimized virtual_call}
  0x0000024187fb382c: 6666 90e8 

  0x0000024187fb3830: ; ImmutableOopMap {[36]=NarrowOop [40]=Oop [56]=NarrowOop [72]=Oop [104]=Oop [112]=Oop [120]=Oop [132]=NarrowOop [136]=Oop }
                      ;*invokevirtual put {reexecute=0 rethrow=0 return_oop=1}
                      ; - java.util.WeakHashMap::putAll@127 (line 577)
                      ; - com.sun.javafx.tk.Toolkit::firePulse@34 (line 444)
  0x0000024187fb3830: 0caf eaff 

  0x0000024187fb3834: ;   {other}
  0x0000024187fb3834: 0f1f 8400 | a411 0001 | 8b6c 2424 | 418b 5cec | 2444 8b5c | 2438 4585 | db0f 8534 | 0600 0045 
  0x0000024187fb3854: 8b54 dc0c | 448b 4c24 | 6045 85c9 | 0f8e ee00 | 0000 458b | eb41 8bf9 | 8bc5 4d63 | c245 8d59 
  0x0000024187fb3874: ff4d 8d0c | dc4d 63db | 4d3b c34d | 0f4c d845 | 8bc3 443b | 4424 208b | 6c24 2044 | 0f4c c544 
  0x0000024187fb3894: 8bdf 418d | 6bff 413b | ea0f 833e | 2c00 0043 | 8b4c 990c | 85c9 0f85 | bafe ffff | 413b e87e 
  0x0000024187fb38b4: 0544 8bdd | ebdc 83fd | 037e 6b44 | 8d5d fd41 | 81fb a00f | 0000 b9a0 | 0f00 0044 | 0f47 d944 
  0x0000024187fb38d4: 8bc5 452b | c30f 1f80 | 0000 0000 | 418b 4ca9 | 0c85 c90f | 8567 feff | ff41 8b4c | a908 85c9 
  0x0000024187fb38f4: 0f85 67fe | ffff 418b | 4ca9 0485 | c90f 8551 | feff ff41 | 8b0c a983 | c5fc 85c9 | 0f85 4efe 
  0x0000024187fb3914: ffff 413b | e87f c54d | 8b9f 5804 

  0x0000024187fb3920: ; ImmutableOopMap {r9=Oop rcx=NarrowOop rbx=NarrowOop rax=NarrowOop r13=NarrowOop [40]=Oop [72]=Oop [104]=Oop [112]=Oop [120]=Oop [132]=NarrowOop [136]=Oop }
                      ;*goto {reexecute=1 rethrow=0 return_oop=0}
                      ; - (reexecute) java.util.WeakHashMap$HashIterator::hasNext@40 (line 798)
                      ; - java.util.WeakHashMap::putAll@93 (line 576)
                      ; - com.sun.javafx.tk.Toolkit::firePulse@34 (line 444)
                      ;   {poll}
  0x0000024187fb3920: 0000 4185 | 0383 fd03 | 7f95 85ed | 7e26 6690 | 448d 5dff | 453b da0f | 83a7 2b00 | 0041 8b4c 
  0x0000024187fb3940: a90c 85c9 | 0f85 4519 | 0000 4585 | db7e 0541 | 8beb ebdc | 488b 5c24 | 308b 7424 | 204c 8b6c 
  0x0000024187fb3960: 2440 4c8b | 5424 4845 | 8b52 1047 | 8b5c d408 

  0x0000024187fb3970: ;   {metadata('java/util/WeakHashMap')}
  0x0000024187fb3970: 4181 fbd8 | 4310 000f | 85d3 3100 | 0049 c1e2 | 0345 8b42 | 1445 85c0 | 0f84 2807 | 0000 4c89 
  0x0000024187fb3990: 5424 204c | 896c 2440 | 8974 2438 | 4889 5c24 | 3049 8bd2 

  0x0000024187fb39a4: ;   {optimized virtual_call}
  0x0000024187fb39a4: 488b eae8 

  0x0000024187fb39a8: ; ImmutableOopMap {rbp=Oop [32]=Oop [72]=Oop [104]=Oop [112]=Oop [120]=Oop }
                      ;*invokevirtual expungeStaleEntries {reexecute=0 rethrow=0 return_oop=0}
                      ; - java.util.WeakHashMap::size@10 (line 374)
                      ; - java.util.WeakHashMap::putAll@1 (line 552)
                      ; - com.sun.javafx.tk.Toolkit::firePulse@44 (line 445)
  0x0000024187fb39a8: b445 dfff 

  0x0000024187fb39ac: ;   {other}
  0x0000024187fb39ac: 0f1f 8400 | 1c13 0003 | 488b fd44 | 8b5f 1445 | 85db 7513 | 488b 5c24 | 308b 7424 | 384c 8b6c 
  0x0000024187fb39cc: 2440 e9e3 | 0600 004c | 8b54 2470 | 458b 4218 | 453b d80f | 8f68 1500 | 0044 8b5f | 2c45 85db 
  0x0000024187fb39ec: 7409 4b8d | 1cdc e989 | 0000 0049 | 8b9f b801 | 0000 4c8b | d349 83c2 | 104d 3b97 | c801 0000 
  0x0000024187fb3a0c: 0f83 5e28 | 0000 4d89 | 97b8 0100 | 0041 0f0d | 8ac0 0000 | 0048 c703 | 0100 0000 

  0x0000024187fb3a28: ;   {metadata('java/util/WeakHashMap$EntrySet')}
  0x0000024187fb3a28: c743 0860 | 032f 0144 | 8963 0c4c | 8bdf 49c1 | eb03 4489 | 5b0c 4180 | 7f40 000f | 85c8 2100 
  0x0000024187fb3a48: 004c 8bdb | 49c1 eb03 | 4489 5f2c | 4c8b d74c | 8bdb 4d33 | da49 c1eb | 154d 85db | 741a 49c1 
  0x0000024187fb3a68: ea09 48b9 | 0070 83f2 | 4102 0000 | 4903 ca80 | 3902 0f85 | 4d22 0000 | 448b 5308 

  0x0000024187fb3a84: ;   {metadata('java/util/WeakHashMap$EntrySet')}
  0x0000024187fb3a84: 4181 fa60 | 032f 010f | 8587 3200 | 008b 5b0c 

  0x0000024187fb3a94: ; implicit exception: dispatches to 0x0000024187fb74dc
  0x0000024187fb3a94: 458b 54dc | 1445 8b4c | dc20 4585 | d274 4744 | 894c 2450 | 498d 14dc | 895c 243c | 4889 5424 
  0x0000024187fb3ab4: ;   {optimized virtual_call}
  0x0000024187fb3ab4: 2866 90e8 

  0x0000024187fb3ab8: ; ImmutableOopMap {[40]=Oop [60]=NarrowOop [72]=Oop [104]=Oop [112]=Oop [120]=Oop }
                      ;*invokevirtual expungeStaleEntries {reexecute=0 rethrow=0 return_oop=0}
                      ; - java.util.WeakHashMap::size@10 (line 374)
                      ; - java.util.WeakHashMap::isEmpty@1 (line 385)
                      ; - java.util.WeakHashMap$HashIterator::<init>@22 (line 788)
                      ; - java.util.WeakHashMap$EntryIterator::<init>@2 (line 852)
                      ; - java.util.WeakHashMap$EntrySet::iterator@8 (line 980)
                      ; - java.util.WeakHashMap::putAll@86 (line 576)
                      ; - com.sun.javafx.tk.Toolkit::firePulse@44 (line 445)
  0x0000024187fb3ab8: a444 dfff 

  0x0000024187fb3abc: ;   {other}
  0x0000024187fb3abc: 0f1f 8400 | 2c14 0004 | 8b5c 243c | 458b 5cdc | 1441 8b74 | dc24 4585 | db75 0744 | 8b4c 2450 
  0x0000024187fb3adc: eb11 458b | 54f4 0c44 | 8b4c 2450 | eb08 418b | 74dc 2445 | 33d2 458b | 5cf4 0c45 | 85d2 0f8e 
  0x0000024187fb3afc: a805 0000 | 4d63 c349 | 8d0c f449 | 63fa 48ff | cf49 3bf8 | 4c0f 4cc7 | 418b c03b | 4424 388b 
  0x0000024187fb3b1c: 7c24 380f | 4cc7 418b | ea44 8d45 | ff45 3bc3 | 0f83 0d31 | 0000 4489 | 8c24 8000 | 0000 448b 
  0x0000024187fb3b3c: eb89 7c24 | 388b 7ca9 | 0c85 ff0f | 854c 0300 | 0044 3bc0 | 7e09 418b | e88b 7c24 | 38eb ca41 
  0x0000024187fb3b5c: 83f8 030f | 8ecb 3300 | 00ff cd44 | 8d45 fd83 | fd03 440f | 4c44 2438 | 4181 f8a0 | 0f00 00bb 
  0x0000024187fb3b7c: a00f 0000 | 440f 47c3 | 448b cd45 | 2bc8 660f | 1f44 0000 | 8b7c a90c | 85ff 0f85 | f402 0000 
  0x0000024187fb3b9c: 8b7c a908 | 85ff 0f85 | ec02 0000 | 8b7c a904 | 85ff 0f85 | d314 0000 | 8b3c a983 

  0x0000024187fb3bb8: ;   {no_reloc}
  0x0000024187fb3bb8: c5fc 85ff | 0f85 da02 | 0000 413b | e97f c94d | 8b87 5804 

  0x0000024187fb3bcc: ; ImmutableOopMap {rcx=Oop rdi=NarrowOop rsi=NarrowOop r13=NarrowOop [72]=Oop [104]=Oop [112]=Oop [120]=Oop }
                      ;*goto {reexecute=1 rethrow=0 return_oop=0}
                      ; - (reexecute) java.util.WeakHashMap$HashIterator::hasNext@40 (line 798)
                      ; - java.util.WeakHashMap::putAll@93 (line 576)
                      ; - com.sun.javafx.tk.Toolkit::firePulse@44 (line 445)
                      ;   {poll}
  0x0000024187fb3bcc: 0000 4185 | 0083 fd03 | 7f91 85ed | 0f8e ca04 | 0000 6690 | 448d 45ff | 453b c30f | 8347 3000 
  0x0000024187fb3bec: 008b 7ca9 | 0c85 ff0f | 85d1 1f00 | 0045 85c0 | 0f8e a604 | 0000 418b | e8eb d94c | 8b54 2468 
  0x0000024187fb3c0c: 458b 4218 | 453b d80f | 8f6c 1200 | 0048 bb00 | 7083 f241 | 0200 0033 | f645 33ed | 448b 572c 
  0x0000024187fb3c2c: 4585 d274 | 094f 8d34 | d4e9 8a00 | 0000 4d8b | b7b8 0100 | 004d 8bd6 | 4983 c210 | 4d3b 97c8 
  0x0000024187fb3c4c: 0100 000f | 83c0 2500 | 004d 8997 | b801 0000 | 410f 0d8a | c000 0000 | 49c7 0601 

  0x0000024187fb3c68: ;   {metadata('java/util/WeakHashMap$EntrySet')}
  0x0000024187fb3c68: 0000 0041 | c746 0860 | 032f 0145 | 8966 0c4c | 8bd7 49c1 | ea03 4589 | 560c 4180 | 7f40 000f 
  0x0000024187fb3c88: 854d 1f00 | 004d 8bd6 | 49c1 ea03 | 4489 572c | 4c8b d74d | 8bde 4d33 | da49 c1eb | 154d 85db 
  0x0000024187fb3ca8: 741a 49c1 | ea09 48b9 | 0070 83f2 | 4102 0000 | 4903 ca80 | 3902 0f85 | bb1f 0000 | 458b 5e08 
  0x0000024187fb3cc8: ;   {metadata('java/util/WeakHashMap$EntrySet')}
  0x0000024187fb3cc8: 4181 fb60 | 032f 010f | 8527 3000 | 0041 8b6e | 0c45 8b44 | ec14 458b | 54ec 2045 | 85c0 753c 
  0x0000024187fb3ce8: 418b 7cec | 2485 ff0f | 856d fcff | ffeb 0844 | 8b94 2480 | 0000 00ba | beff ffff | 48ff 7424 
  0x0000024187fb3d08: 4848 8f44 | 2420 897c | 2458 4489 

  0x0000024187fb3d14: ;   {runtime_call UncommonTrapBlob}
  0x0000024187fb3d14: 5424 5ce8 

  0x0000024187fb3d18: ; ImmutableOopMap {rbp=NarrowOop [32]=Oop [88]=NarrowOop [104]=Oop [112]=Oop [120]=Oop }
                      ;*ifnonnull {reexecute=1 rethrow=0 return_oop=0}
                      ; - (reexecute) java.util.WeakHashMap$HashIterator::hasNext@26 (line 797)
                      ; - java.util.WeakHashMap::putAll@93 (line 576)
                      ; - com.sun.javafx.tk.Toolkit::firePulse@34 (line 444)
  0x0000024187fb3d18: e408 4fff 

  0x0000024187fb3d1c: ;   {other}
  0x0000024187fb3d1c: 0f1f 8400 | 8c16 0006 | 4489 9424 | 8000 0000 | 4c89 6c24 | 4089 7424 | 3848 895c | 2430 498d 
  0x0000024187fb3d3c: 14ec 896c | 243c 4889 

  0x0000024187fb3d44: ;   {optimized virtual_call}
  0x0000024187fb3d44: 5424 28e8 

  0x0000024187fb3d48: ; ImmutableOopMap {[40]=Oop [60]=NarrowOop [72]=Oop [104]=Oop [112]=Oop [120]=Oop }
                      ;*invokevirtual expungeStaleEntries {reexecute=0 rethrow=0 return_oop=0}
                      ; - java.util.WeakHashMap::size@10 (line 374)
                      ; - java.util.WeakHashMap::isEmpty@1 (line 385)
                      ; - java.util.WeakHashMap$HashIterator::<init>@22 (line 788)
                      ; - java.util.WeakHashMap$EntryIterator::<init>@2 (line 852)
                      ; - java.util.WeakHashMap$EntrySet::iterator@8 (line 980)
                      ; - java.util.WeakHashMap::putAll@86 (line 576)
                      ; - com.sun.javafx.tk.Toolkit::firePulse@34 (line 444)
  0x0000024187fb3d48: 1442 dfff 

  0x0000024187fb3d4c: ;   {other}
  0x0000024187fb3d4c: 0f1f 8400 | bc16 0007 | 8b6c 243c | 458b 54ec | 1441 8b7c | ec24 4585 | d275 1785 | ff74 8c48 
  0x0000024187fb3d6c: 8b5c 2430 | 8b74 2438 | 4c8b 6c24 | 40e9 e4fb | ffff 458b | 44fc 0c45 | 85c0 0f86 | 4513 0000 
  0x0000024187fb3d8c: 4d63 d04d | 8d0c fc4d | 8d5a ff4d | 3bda 4d0f | 4cd3 418b | ca3b 4c24 | 388b 7424 | 380f 4cce 
  0x0000024187fb3dac: 458b d845 | 8d53 ff45 | 3bd0 0f83 | 0c2f 0000 | 438b 5c99 | 0c85 db0f | 85d9 1200 | 0044 3bd1 
  0x0000024187fb3dcc: 7e05 458b | daeb dc41 | 83fa 030f | 8ee3 3100 | 0041 ffcb | 418d 5bfd | 4183 fb03 | 0f4c de81 
  0x0000024187fb3dec: fba0 0f00 | 0041 baa0 | 0f00 0041 | 0f47 da45 | 8bd3 442b | d343 8b5c | 990c 85db | 0f85 8912 
  0x0000024187fb3e0c: 0000 438b | 5c99 0885 | db0f 8581 | 1200 0043 | 8b5c 9904 | 85db 0f85 | a312 0000 | 438b 1c99 
  0x0000024187fb3e2c: 4183 c3fc | 85db 0f85 | 6d12 0000 | 453b da7f | c44d 8b97 

  0x0000024187fb3e40: ; ImmutableOopMap {r9=Oop rbx=NarrowOop rdi=NarrowOop rbp=NarrowOop [72]=Oop [104]=Oop [112]=Oop [120]=Oop }
                      ;*goto {reexecute=1 rethrow=0 return_oop=0}
                      ; - (reexecute) java.util.WeakHashMap$HashIterator::hasNext@40 (line 798)
                      ; - java.util.WeakHashMap::putAll@93 (line 576)
                      ; - com.sun.javafx.tk.Toolkit::firePulse@34 (line 444)
  0x0000024187fb3e40: 5804 0000 

  0x0000024187fb3e44: ;   {poll}
  0x0000024187fb3e44: 4185 0241 | 83fb 037f | 9345 85db | 7e26 6690 | 458d 53ff | 453b d00f | 8367 2e00 | 0043 8b5c 
  0x0000024187fb3e64: 990c 85db | 0f85 2e1f | 0000 4585 | d27e 0545 | 8bda ebdc | 488b 5c24 | 304c 8b6c | 2440 e9db 
  0x0000024187fb3e84: faff ff4b | 8d34 dce9 | e4f8 ffff | ffcd eb08 | 83c5 feeb | 0341 8be8 | 418b 5cfc | 0c41 807f 
  0x0000024187fb3ea4: 4000 0f85 | b91c 0000 | 85db 0f84 | 1431 0000 | 4d8d 0cfc | 33c9 33ff | eb4a 418b | e8eb 1541 
  0x0000024187fb3ec4: 8d68 fdeb | 0f41 8d68 | ffeb 0941 | 8d68 feeb | 0341 8be8 | 498d 3ccc | 458b d58b | 5f0c 4180 
  0x0000024187fb3ee4: 7f40 000f | 85bf 1200 | 0085 db0f | 8465 2900 | 0048 8b8c | 2488 0000 | 0045 8bea | 4c8b cf48 
  0x0000024187fb3f04: 8b7c 2428 | 458b d547 | 8b44 ec20 | 443b 8424 | 8000 0000 | 0f85 d226 | 0000 85db | 0f84 2a27 
  0x0000024187fb3f24: 0000 418b | 790c 4c8b | c749 c1e0 | 0341 807f | 4000 0f85 | 1a12 0000 | 458b 5924 

  0x0000024187fb3f40: ;   {oop(a 'java/lang/Object'{0x0000000705d8d648})}
  0x0000024187fb3f40: 81ff c91a | bbe0 0f84 | 4c27 0000 | 4489 5c24 | 2489 6c24 | 5c44 8954 | 2420 458b | 5120 4c89 
  0x0000024187fb3f60: 8c24 8800 | 0000 4c8b | db49 c1e3 | 034c 895c | 2428 899c | 2484 0000 | 004d 8bca | 49c1 e103 
  0x0000024187fb3f80: 488b 5424 

  0x0000024187fb3f84: ;   {optimized virtual_call}
  0x0000024187fb3f84: 7066 90e8 

  0x0000024187fb3f88: ; ImmutableOopMap {[32]=NarrowOop [36]=NarrowOop [40]=Oop [72]=Oop [104]=Oop [112]=Oop [120]=Oop [132]=NarrowOop [136]=Oop }
                      ;*invokevirtual put {reexecute=0 rethrow=0 return_oop=1}
                      ; - java.util.WeakHashMap::putAll@127 (line 577)
                      ; - com.sun.javafx.tk.Toolkit::firePulse@44 (line 445)
  0x0000024187fb3f88: b4a7 eaff 

  0x0000024187fb3f8c: ;   {other}
  0x0000024187fb3f8c: 0f1f 8400 | fc18 0009 | 448b 5424 | 2043 8b74 | d424 8b6c | 2424 85ed | 0f85 a103 | 0000 458b 
  0x0000024187fb3fac: 4cf4 0c44 | 8b5c 245c | 4585 db0f | 8eeb 0000 | 008b c541 | 8bfb 458b | ea4d 63d1 | 41ff cb49 
  0x0000024187fb3fcc: 8d1c f44d | 63db 4d3b | d34d 0f4c | da45 8bdb | 443b 5c24 | 3844 8b54 | 2438 450f | 4cda 448b 
  0x0000024187fb3fec: d745 8d42 | ff45 3bc1 | 0f83 2e23 | 0000 428b | 4c93 0c85 | c90f 85ce | feff ff45 | 3bc3 7e05 
  0x0000024187fb400c: 458b d0eb | dc41 83f8 | 037e 6641 | 8d48 fd81 | f9a0 0f00 | 0041 baa0 | 0f00 0041 | 0f47 ca45 
  0x0000024187fb402c: 8bd0 442b | d142 8b4c | 830c 85c9 | 0f85 8bfe | ffff 428b | 4c83 0885 | c90f 8584 | feff ff42 
  0x0000024187fb404c: 8b4c 8304 | 85c9 0f85 | 6bfe ffff | 428b 0c83 | 4183 c0fc | 85c9 0f85 | 56fe ffff | 453b c27f 
  0x0000024187fb406c: c44d 8b97 

  0x0000024187fb4070: ; ImmutableOopMap {rcx=NarrowOop rbx=Oop rsi=NarrowOop rax=NarrowOop r13=NarrowOop [40]=Oop [72]=Oop [104]=Oop [112]=Oop [120]=Oop [132]=NarrowOop [136]=Oop }
                      ;*goto {reexecute=1 rethrow=0 return_oop=0}
                      ; - (reexecute) java.util.WeakHashMap$HashIterator::hasNext@40 (line 798)
                      ; - java.util.WeakHashMap::putAll@93 (line 576)
                      ; - com.sun.javafx.tk.Toolkit::firePulse@44 (line 445)
  0x0000024187fb4070: 5804 0000 

  0x0000024187fb4074: ;   {poll}
  0x0000024187fb4074: 4185 0241 | 83f8 037f | 9a45 85c0 | 7e26 6690 | 458d 58ff | 453b d90f | 839a 2200 | 0042 8b4c 
  0x0000024187fb4094: 830c 85c9 | 0f85 e111 | 0000 4585 | db7e 0545 | 8bc3 ebdc | 488b 5c24 | 308b 7424 | 384c 8b6c 
  0x0000024187fb40b4: 2440 4c8b | 5424 4845 | 8b52 1447 | 8b44 d408 

  0x0000024187fb40c4: ;   {metadata('java/util/WeakHashMap')}
  0x0000024187fb40c4: 4181 f8d8 | 4310 000f | 85ab 2a00 | 0049 c1e2 | 0345 8b5a | 1445 85db | 0f84 a504 | 0000 4c89 
  0x0000024187fb40e4: 5424 204c | 896c 2440 | 8974 2438 | 4889 5c24 | 3049 8bd2 

  0x0000024187fb40f8: ;   {optimized virtual_call}
  0x0000024187fb40f8: 488b eae8 

  0x0000024187fb40fc: ; ImmutableOopMap {rbp=Oop [32]=Oop [72]=Oop [104]=Oop [112]=Oop [120]=Oop }
                      ;*invokevirtual expungeStaleEntries {reexecute=0 rethrow=0 return_oop=0}
                      ; - java.util.WeakHashMap::size@10 (line 374)
                      ; - java.util.WeakHashMap::putAll@1 (line 552)
                      ; - com.sun.javafx.tk.Toolkit::firePulse@54 (line 446)
  0x0000024187fb40fc: 80a9 4eff 

  0x0000024187fb4100: ;   {other}
  0x0000024187fb4100: 0f1f 8400 | 701a 000b | 488b fd44 | 8b57 1445 | 85d2 7513 | 488b 5c24 | 308b 7424 | 384c 8b6c 
  0x0000024187fb4120: 2440 e960 | 0400 004c | 8b5c 2478 | 458b 5b18 | 453b d30f | 8fae 0e00 | 0044 8b57 | 2c45 85d2 
  0x0000024187fb4140: 7409 4b8d | 1cd4 e989 | 0000 0049 | 8b9f b801 | 0000 4c8b | d349 83c2 | 104d 3b97 | c801 0000 
  0x0000024187fb4160: 0f83 4021 | 0000 4d89 | 97b8 0100 | 0041 0f0d | 8ac0 0000 | 0048 c703 | 0100 0000 

  0x0000024187fb417c: ;   {metadata('java/util/WeakHashMap$EntrySet')}
  0x0000024187fb417c: c743 0860 | 032f 0144 | 8963 0c4c | 8bd7 49c1 | ea03 4489 | 530c 4180 | 7f40 000f | 85ab 1a00 
  0x0000024187fb419c: 004c 8bd3 | 49c1 ea03 | 4489 572c | 4c8b d74c | 8bdb 4d33 | da49 c1eb | 154d 85db | 741a 49c1 
  0x0000024187fb41bc: ea09 48b9 | 0070 83f2 | 4102 0000 | 4903 ca80 | 3902 0f85 | 471b 0000 | 448b 5b08 

  0x0000024187fb41d8: ;   {metadata('java/util/WeakHashMap$EntrySet')}
  0x0000024187fb41d8: 4181 fb60 | 032f 010f | 854f 2b00 | 008b 5b0c 

  0x0000024187fb41e8: ; implicit exception: dispatches to 0x0000024187fb751c
  0x0000024187fb41e8: 458b 5cdc | 1445 8b4c | dc20 4585 | db74 4744 | 894c 2450 | 498d 14dc | 895c 243c | 4889 5424 
  0x0000024187fb4208: ;   {optimized virtual_call}
  0x0000024187fb4208: 2866 90e8 

  0x0000024187fb420c: ; ImmutableOopMap {[40]=Oop [60]=NarrowOop [72]=Oop [104]=Oop [112]=Oop [120]=Oop }
                      ;*invokevirtual expungeStaleEntries {reexecute=0 rethrow=0 return_oop=0}
                      ; - java.util.WeakHashMap::size@10 (line 374)
                      ; - java.util.WeakHashMap::isEmpty@1 (line 385)
                      ; - java.util.WeakHashMap$HashIterator::<init>@22 (line 788)
                      ; - java.util.WeakHashMap$EntryIterator::<init>@2 (line 852)
                      ; - java.util.WeakHashMap$EntrySet::iterator@8 (line 980)
                      ; - java.util.WeakHashMap::putAll@86 (line 576)
                      ; - com.sun.javafx.tk.Toolkit::firePulse@54 (line 446)
  0x0000024187fb420c: 70a8 4eff 

  0x0000024187fb4210: ;   {other}
  0x0000024187fb4210: 0f1f 8400 | 801b 000c | 8b5c 243c | 458b 54dc | 1441 8b7c | dc24 4585 | d275 0744 | 8b4c 2450 
  0x0000024187fb4230: eb11 458b | 54fc 0c44 | 8b4c 2450 | eb08 418b | 7cdc 2445 | 33d2 458b | 44fc 0c45 | 85d2 0f8e 
  0x0000024187fb4250: 2503 0000 | 4d63 d849 | 8d0c fc49 | 63d2 48ff | ca49 3bd3 | 4c0f 4cda | 418b f33b | 7424 388b 
  0x0000024187fb4270: 5424 380f | 4cf2 418b | ea44 8d5d | ff45 3bd8 | 0f83 012a | 0000 4489 | 8c24 8000 | 0000 448b 
  0x0000024187fb4290: eb89 5424 | 388b 5ca9 | 0c85 db0f | 85c0 0000 | 0044 3bde | 7e08 418b | eb41 8bdd | ebcb 4183 
  0x0000024187fb42b0: fb03 0f8e | 802c 0000 | ffcd 448d | 4dfd 83fd | 0344 0f4c | 4c24 3841 | 81f9 a00f | 0000 bba0 
  0x0000024187fb42d0: 0f00 0044 | 0f47 cb8b | d541 2bd1 | 0f1f 4000 | 8b5c a90c | 85db 7570 | 8b5c a908 | 85db 756c 
  0x0000024187fb42f0: 8b5c a904 | 85db 0f85 | 930d 0000 | 8b1c a983 | c5fc 85db | 755e 3bea | 7fd6 4d8b 

  0x0000024187fb430c: ;   {no_reloc}
  0x0000024187fb430c: 9f58 0400 

  0x0000024187fb4310: ; ImmutableOopMap {rcx=Oop rbx=NarrowOop rdi=NarrowOop r13=NarrowOop [72]=Oop [104]=Oop [112]=Oop [120]=Oop }
                      ;*goto {reexecute=1 rethrow=0 return_oop=0}
                      ; - (reexecute) java.util.WeakHashMap$HashIterator::hasNext@40 (line 798)
                      ; - java.util.WeakHashMap::putAll@93 (line 576)
                      ; - com.sun.javafx.tk.Toolkit::firePulse@54 (line 446)
                      ;   {poll}
  0x0000024187fb4310: 0041 8503 | 83fd 037f | a185 ed0f | 8e58 0200 | 0066 6690 | 448d 5dff | 453b d80f | 834b 2900 
  0x0000024187fb4330: 008b 5ca9 | 0c85 db0f | 8595 1800 | 0045 85db | 0f8e 3302 | 0000 418b | ebeb d949 | 8d3c ec8b 
  0x0000024187fb4350: 6c24 5ce9 | 87fb ffff | ffcd eb08 | 83c5 feeb | 0341 8beb | 458b 4cdc | 0c41 807f | 4000 0f85 
  0x0000024187fb4370: 2318 0000 | 4585 c90f | 847b 2c00 | 0049 8d0c | dc33 ff33 | dbeb 488b | e9eb 118d | 69fd eb0c 
  0x0000024187fb4390: 8d69 ffeb | 078d 69fe | eb02 8be9 | 4b8d 34cc | 448b d08b | 5e0c 4180 | 7f40 000f | 8533 0e00 
  0x0000024187fb43b0: 0085 db0f | 84e3 2400 | 0048 8bbc | 2488 0000 | 0045 8bea | 448b cb48 | 8bce 488b | 5c24 2845 
  0x0000024187fb43d0: 8bd5 478b | 44ec 2044 | 3b84 2480 | 0000 000f | 851f 2300 | 0045 85c9 | 0f84 7623 | 0000 8b59 
  0x0000024187fb43f0: 0c48 8bfb | 48c1 e703 | 4180 7f40 | 000f 857e | 0d00 0044 

  0x0000024187fb4404: ;   {oop(a 'java/lang/Object'{0x0000000705d8d648})}
  0x0000024187fb4404: 8b41 2481 | fbc9 1abb | e00f 849d | 2300 0044 | 8944 2424 | 896c 245c | 4489 5424 | 2044 8b59 
  0x0000024187fb4424: 2048 898c | 2488 0000 | 004d 8bd1 | 49c1 e203 | 4c89 5424 | 2844 898c | 2484 0000 | 004d 8bcb 
  0x0000024187fb4444: 49c1 e103 | 488b 5424 | 784c 8bc7 

  0x0000024187fb4450: ;   {optimized virtual_call}
  0x0000024187fb4450: 6666 90e8 

  0x0000024187fb4454: ; ImmutableOopMap {[32]=NarrowOop [36]=NarrowOop [40]=Oop [72]=Oop [104]=Oop [112]=Oop [120]=Oop [132]=NarrowOop [136]=Oop }
                      ;*invokevirtual put {reexecute=0 rethrow=0 return_oop=1}
                      ; - java.util.WeakHashMap::putAll@127 (line 577)
                      ; - com.sun.javafx.tk.Toolkit::firePulse@54 (line 446)
  0x0000024187fb4454: 28a6 4eff 

  0x0000024187fb4458: ;   {other}
  0x0000024187fb4458: 0f1f 8400 | c81d 000e | 448b 5424 | 2043 8b7c | d424 8b6c | 2424 85ed | 0f85 1704 | 0000 458b 
  0x0000024187fb4478: 44fc 0c44 | 8b5c 245c | 4585 db0f | 8ef0 0000 | 0044 8bf5 | 418b f341 | 8bc2 4d63 | d844 8d56 
  0x0000024187fb4498: ff49 8d1c | fc4d 63d2 | 4d3b da4d | 0f4c d345 | 8bd2 443b | 5424 3844 | 8b4c 2438 | 450f 4cd1 
  0x0000024187fb44b8: 448b ce41 | 8d49 ff41 | 3bc8 0f83 | b01e 0000 | 468b 4c8b | 0c45 85c9 | 0f85 c4fe | ffff 413b 
  0x0000024187fb44d8: ca7e 0544 | 8bc9 ebdb | 83f9 037e | 6944 8d51 | fd41 81fa | a00f 0000 | 41b9 a00f | 0000 450f 
  0x0000024187fb44f8: 47d1 448b | d945 2bda | 448b 4c8b | 0c45 85c9 | 0f85 82fe | ffff 448b | 4c8b 0845 | 85c9 0f85 
  0x0000024187fb4518: 79fe ffff | 448b 4c8b | 0445 85c9 | 0f85 61fe | ffff 448b | 0c8b 83c1 | fc45 85c9 | 0f85 4dfe 
  0x0000024187fb4538: ffff 413b | cb7f c14d | 8b97 5804 

  0x0000024187fb4544: ; ImmutableOopMap {r9=NarrowOop rbx=Oop rdi=NarrowOop rax=NarrowOop r14=NarrowOop [40]=Oop [72]=Oop [104]=Oop [112]=Oop [120]=Oop [132]=NarrowOop [136]=Oop }
                      ;*goto {reexecute=1 rethrow=0 return_oop=0}
                      ; - (reexecute) java.util.WeakHashMap$HashIterator::hasNext@40 (line 798)
                      ; - java.util.WeakHashMap::putAll@93 (line 576)
                      ; - com.sun.javafx.tk.Toolkit::firePulse@54 (line 446)
                      ;   {poll}
  0x0000024187fb4544: 0000 4185 | 0283 f903 | 7f97 85c9 | 7e27 6690 | 448d 59ff | 453b d80f | 831a 1e00 | 0044 8b4c 
  0x0000024187fb4564: 8b0c 4585 | c90f 8518 | 0d00 0045 | 85db 7e05 | 418b cbeb | db48 8b5c | 2430 8b74 | 2438 4c8b 
  0x0000024187fb4584: 6c24 4048 | 8d84 2490 | 0000 004c | 8b5c 2448 | 4883 3800 | 0f84 7900 | 0000 4d8b | 1341 f6c2 
  0x0000024187fb45a4: 020f 8462 | 0000 0049 | 83ba 8600 | 0000 0074 | 0949 ff8a | 8600 0000 | eb4b 498b | 8296 0000 
  0x0000024187fb45c4: 0049 0b82 | 8e00 0000 | 750a 49c7 | 423e 0000 | 0000 eb3d | 4983 ba9e | 0000 0000 | 7422 4833 
  0x0000024187fb45e4: c049 c742 | 3e00 0000 | 00f0 8304 | 2400 4983 | ba9e 0000 | 0000 750d | f04d 0fb1 | 7a3e 7505 
  0x0000024187fb4604: 83c8 01eb | 0ca8 00eb | 084c 8b10 | f04d 0fb1 | 1375 0a49 | ff8f 5005 | 0000 4533 | d20f 8599 
  0x0000024187fb4624: 2500 004c | 8b54 2468 | 458b 522c | 4585 d274 | 094b 8d3c | d4e9 8c00 | 0000 498b | bfb8 0100 
  0x0000024187fb4644: ;   {no_reloc}
  0x0000024187fb4644: 004c 8bd7 | 4983 c210 | 4d3b 97c8 | 0100 000f | 8345 1b00 | 004d 8997 | b801 0000 | 410f 0d8a 
  0x0000024187fb4664: c000 0000 | 48c7 0701 

  0x0000024187fb466c: ;   {metadata('java/util/WeakHashMap$EntrySet')}
  0x0000024187fb466c: 0000 00c7 | 4708 6003 | 2f01 4c8b | 5424 6849 | c1ea 0344 | 8957 0c41 | 807f 4000 | 0f85 c013 
  0x0000024187fb468c: 0000 4c8b | d749 c1ea | 034c 8b5c | 2468 4589 | 532c 4d8b | d34c 8bdf | 4d33 da49 | c1eb 154d 
  0x0000024187fb46ac: 85db 741a | 49c1 ea09 | 48b9 0070 | 83f2 4102 | 0000 4903 | ca80 3902 | 0f85 fc13 | 0000 448b 
  0x0000024187fb46cc: ;   {metadata('java/util/WeakHashMap$EntrySet')}
  0x0000024187fb46cc: 5f08 4181 | fb60 032f | 010f 85cd | 2400 0044 | 8b57 0c47 | 8b4c d414 | 478b 44d4 | 2045 85c9 
  0x0000024187fb46ec: 7471 4489 | 4424 404c | 896c 2438 | 8974 2430 | 4889 5c24 | 284b 8d14 | d444 8954 | 2434 4889 
  0x0000024187fb470c: ;   {optimized virtual_call}
  0x0000024187fb470c: 5424 20e8 

  0x0000024187fb4710: ; ImmutableOopMap {[32]=Oop [52]=NarrowOop [72]=Oop [112]=Oop [120]=Oop }
                      ;*invokevirtual expungeStaleEntries {reexecute=0 rethrow=0 return_oop=0}
                      ; - java.util.WeakHashMap::size@10 (line 374)
                      ; - java.util.WeakHashMap::isEmpty@1 (line 385)
                      ; - java.util.WeakHashMap$HashIterator::<init>@22 (line 788)
                      ; - java.util.WeakHashMap$EntryIterator::<init>@2 (line 852)
                      ; - java.util.WeakHashMap$EntrySet::iterator@8 (line 980)
                      ; - com.sun.javafx.tk.Toolkit::firePulse@79 (line 448)
  0x0000024187fb4710: 4c38 dfff 

  0x0000024187fb4714: ;   {other}
  0x0000024187fb4714: 0f1f 8400 | 8420 0010 | 448b 5424 | 3447 8b5c | d414 438b | 6cd4 2445 | 85db 7515 | 488b 5c24 
  0x0000024187fb4734: 288b 7424 | 304c 8b6c | 2438 448b | 4424 40eb | 1f45 8b4c | ec0c 488b | 5c24 288b | 7424 304c 
  0x0000024187fb4754: 8b6c 2438 | 448b 4424 | 40eb 0843 | 8b6c d424 | 4533 c941 | 8b4c ec0c | 4585 c90f | 8e8d 0300 
  0x0000024187fb4774: 004c 63d9 | 498d 3cec | 4963 d148 | ffca 493b | d34c 0f4c | da41 8bd3 | 3bd6 0f4c | d641 8bc1 
  0x0000024187fb4794: 4889 5c24 | 4089 7424 | 304c 896c | 2450 458b | f244 8944 | 245c 448d | 58ff 443b | d90f 83dd 
  0x0000024187fb47b4: 2200 008b | 5c87 0c85 | db0f 85e3 | 0000 0044 | 3bda 7e05 | 418b c3eb | dd41 83fb | 030f 8ee9 
  0x0000024187fb47d4: 2400 00ff | c844 8d50 | fd83 f803 | 440f 4c54 | 2430 4181 | faa0 0f00 | 0041 b8a0 | 0f00 0045 
  0x0000024187fb47f4: 0f47 d044 | 8bd8 452b | da66 6690 | 8b5c 870c | 85db 0f85 | 8e00 0000 | 8b5c 8708 

  0x0000024187fb4810: ;   {no_reloc}
  0x0000024187fb4810: 85db 0f85 | 8800 0000 | 8b5c 8704 | 85db 0f85 | 5006 0000 | 8b1c 8783 | c0fc 85db | 0f85 4b06 
  0x0000024187fb4830: 0000 413b | c37f c94d | 8b97 5804 

  0x0000024187fb483c: ; ImmutableOopMap {rbx=NarrowOop rdi=Oop rbp=NarrowOop r14=NarrowOop [72]=Oop [112]=Oop [120]=Oop }
                      ;*goto {reexecute=1 rethrow=0 return_oop=0}
                      ; - (reexecute) java.util.WeakHashMap$HashIterator::hasNext@40 (line 798)
                      ; - com.sun.javafx.tk.Toolkit::firePulse@88 (line 448)
                      ;   {poll}
  0x0000024187fb483c: 0000 4185 | 0283 f803 | 7f93 448b | c085 c07e | 3245 8d58 | ff44 3bd9 | 0f83 3a22 | 0000 428b 
  0x0000024187fb485c: 5c87 0c85 | db0f 85df | 1100 0045 | 85db 7e05 | 458b c3eb | dc48 8b5c | 2440 8b74 | 2430 e983 
  0x0000024187fb487c: 0200 0048 | 8b5c 2440 | 8b74 2430 | e975 0200 | 0049 8d34 | ec8b 6c24 | 5ce9 09fb | ffff 448d 
  0x0000024187fb489c: 48ff eb09 | 448d 48fe | eb03 458b | cb45 8b54 | dc0c 4180 | 7f40 000f | 854e 1100 | 0045 85d2 
  0x0000024187fb48bc: 0f84 3d26 | 0000 4d8d | 1cdc 33c9 | eb3b 83c7 | fdeb 07ff | cfeb 0383 | c7fe 4f8d | 2cdc 458b 
  0x0000024187fb48dc: d041 8b75 | 0c41 807f | 4000 0f85 | 2a08 0000 | 85f6 0f84 | 3c1c 0000 | 458b f244 | 8bcf 448b 
  0x0000024187fb48fc: d64d 8bdd | 488b 4c24 | 2843 8b7c | f420 3b7c | 245c 0f85 | e31a 0000 | 4585 d20f | 8427 1b00 
  0x0000024187fb491c: 0041 8b6b | 0c41 807f | 4000 0f85 | b807 0000 | 458b 4324 

  0x0000024187fb4930: ;   {oop(a 'java/lang/Object'{0x0000000705d8d648})}
  0x0000024187fb4930: 81fd c91a | bbe0 0f84 | 481b 0000 

  0x0000024187fb493c: ; implicit exception: dispatches to 0x0000024187fb72bc
  0x0000024187fb493c: 418b 7cec | 0848 be00 | 0000 8f41 | 0200 0048 | 03f7 488b 

  0x0000024187fb4950: ;   {metadata('com/sun/javafx/tk/TKPulseListener')}
  0x0000024187fb4950: 4e20 48bf | e86f 0990 | 4102 0000 | 483b cf0f | 8597 0300 | 0041 8b4b | 2049 8d3c | ec41 8b54 
  0x0000024187fb4970: ;   {metadata('java/security/AccessControlContext')}
  0x0000024187fb4970: cc08 81fa | 0098 0200 | 0f85 9228 | 0000 4889 | 7c24 3844 | 8944 2424 | 4c89 5c24 | 5044 894c 
  0x0000024187fb4990: 2434 4489 | 7424 204d | 8bda 49c1 | e303 4c89 | 5c24 2844 | 8954 2458 | 498d 2ccc 

  0x0000024187fb49ac: ;   {static_call}
  0x0000024187fb49ac: 488b d5e8 

  0x0000024187fb49b0: ; ImmutableOopMap {rbp=Oop [32]=NarrowOop [36]=NarrowOop [40]=Oop [56]=Oop [72]=Oop [80]=Oop [88]=NarrowOop [112]=Oop [120]=Oop }
                      ;*invokestatic ensureMaterializedForStackWalk {reexecute=0 rethrow=0 return_oop=0}
                      ; - java.security.AccessController::executePrivileged@5 (line 774)
                      ; - java.security.AccessController::doPrivileged@13 (line 400)
                      ; - com.sun.javafx.tk.Toolkit::runPulse@21 (line 422)
                      ; - com.sun.javafx.tk.Toolkit::firePulse@129 (line 449)
  0x0000024187fb49b0: ac16 daff 

  0x0000024187fb49b4: ;   {other}
  0x0000024187fb49b4: 0f1f 8400 | 2423 0012 | 488b 5424 | 3848 b860 | edee 4d42 

  0x0000024187fb49c8: ;   {virtual_call}
  0x0000024187fb49c8: 0200 00e8 

  0x0000024187fb49cc: ; ImmutableOopMap {rbp=Oop [32]=NarrowOop [36]=NarrowOop [40]=Oop [72]=Oop [80]=Oop [88]=NarrowOop [112]=Oop [120]=Oop }
                      ;*invokeinterface pulse {reexecute=0 rethrow=0 return_oop=0}
                      ; - com.sun.javafx.tk.Toolkit::lambda$runPulse$2@1 (line 423)
                      ; - com.sun.javafx.tk.Toolkit$$Lambda/0x0000024190303398::run@4
                      ; - java.security.AccessController::executePrivileged@29 (line 778)
                      ; - java.security.AccessController::doPrivileged@13 (line 400)
                      ; - com.sun.javafx.tk.Toolkit::runPulse@21 (line 422)
                      ; - com.sun.javafx.tk.Toolkit::firePulse@129 (line 449)
  0x0000024187fb49cc: c079 5bff 

  0x0000024187fb49d0: ;   {other}
  0x0000024187fb49d0: 0f1f 8400 | 4023 0013 | 448b 5424 | 2043 8b5c | d424 448b | 5c24 2445 | 85db 0f85 | 7803 0000 
  0x0000024187fb49f0: ; implicit exception: dispatches to 0x0000024187fb7328
  0x0000024187fb49f0: 418b 54dc | 0c44 8b4c | 2434 4585 | c90f 8ef6 | 0000 0041 | 8bf3 458b | c24c 63d2 | 458d 59ff 
  0x0000024187fb4a10: 498d 04dc | 4d63 db4d | 3bd3 4d0f | 4cda 418b | cb3b 4c24 | 3044 8b5c | 2430 410f | 4ccb 458b 
  0x0000024187fb4a30: d941 8d7b | ff3b fa0f | 83af 1800 | 0046 8b5c | 980c 4585 | db0f 858b | feff ff3b | f97e 0544 
  0x0000024187fb4a50: 8bdf ebdd | 83ff 037e | 7544 8d5f | fd41 81fb | a00f 0000 | 41ba a00f | 0000 450f | 47da 448b 
  0x0000024187fb4a70: d745 2bd3 | 0f1f 8400 | 0000 0000 | 6666 6690 | 448b 5cb8 | 0c45 85db | 0f85 41fe | ffff 448b 
  0x0000024187fb4a90: 5cb8 0845 | 85db 0f85 | 37fe ffff | 448b 5cb8 | 0445 85db | 0f85 20fe | ffff 448b | 1cb8 83c7 
  0x0000024187fb4ab0: fc45 85db | 0f85 1cfe | ffff 413b | fa7f c14d | 8b97 5804 

  0x0000024187fb4ac4: ; ImmutableOopMap {r11=NarrowOop r8=NarrowOop rbx=NarrowOop rsi=NarrowOop rax=Oop [40]=Oop [72]=Oop [80]=Oop [88]=NarrowOop [112]=Oop [120]=Oop }
                      ;*goto {reexecute=1 rethrow=0 return_oop=0}
                      ; - (reexecute) java.util.WeakHashMap$HashIterator::hasNext@40 (line 798)
                      ; - com.sun.javafx.tk.Toolkit::firePulse@88 (line 448)
                      ;   {poll}
  0x0000024187fb4ac4: 0000 4185 | 0283 ff03 | 7f8b 85ff | 7e27 6690 | 448d 57ff | 443b d20f | 830e 1800 | 0044 8b5c 
  0x0000024187fb4ae4: b80c 4585 | db0f 855f | 0600 0045 | 85d2 7e05 | 418b faeb | db48 8b5c | 2440 8b74 | 2430 4c8b 
  0x0000024187fb4b04: 5424 7045 | 8b52 2c45 | 85d2 7409 | 4b8d 3cd4 | e988 0000 | 0049 8bbf | b801 0000 | 4c8b d749 
  0x0000024187fb4b24: 83c2 104d | 3b97 c801 | 0000 0f83 | af16 0000 | 4d89 97b8 | 0100 0041 | 0f0d 8ac0 | 0000 0048 
  0x0000024187fb4b44: c707 0100 

  0x0000024187fb4b48: ;   {metadata('java/util/WeakHashMap$EntrySet')}
  0x0000024187fb4b48: 0000 c747 | 0860 032f | 0144 8967 | 0c4c 8b54 | 2470 49c1 | ea03 4489 | 570c 4180 | 7f40 000f 
  0x0000024187fb4b68: 851d 0f00 | 004c 8b54 | 2470 4c8b | df49 c1eb | 034c 8b44 | 2470 4589 | 582c 4c8b | df4d 33da 
  0x0000024187fb4b88: 49c1 eb15 | 4d85 db74 | 1049 c1ea | 0949 03da | 803b 020f | 8573 0f00 | 0044 8b5f 

  0x0000024187fb4ba4: ;   {metadata('java/util/WeakHashMap$EntrySet')}
  0x0000024187fb4ba4: 0841 81fb | 6003 2f01 | 0f85 3820 | 0000 498b | 87b8 0100 | 004c 8bd0 | 4983 c228 | 4d3b 97c8 
  0x0000024187fb4bc4: 0100 000f | 83a3 1500 | 004d 8997 | b801 0000 | 410f 0d8a | c000 0000 | 48c7 0001 

  0x0000024187fb4be0: ;   {metadata('java/util/WeakHashMap$EntryIterator')}
  0x0000024187fb4be0: 0000 00c7 | 4008 6807 | 2f01 4489 | 600c 4c89 | 6010 4c89 | 6018 4c89 | 6020 4889 | 4424 388b 
  0x0000024187fb4c00: 6f0c 8968 | 2445 8b5c | ec14 458b | 54ec 2044 | 8950 1045 | 85db 7436 | 8974 2430 | 498d 14ec 
  0x0000024187fb4c20: 4889 5424 

  0x0000024187fb4c24: ;   {optimized virtual_call}
  0x0000024187fb4c24: 2866 90e8 

  0x0000024187fb4c28: ; ImmutableOopMap {rbp=NarrowOop [40]=Oop [56]=Oop [72]=Oop [120]=Oop }
                      ;*invokevirtual expungeStaleEntries {reexecute=0 rethrow=0 return_oop=0}
                      ; - java.util.WeakHashMap::size@10 (line 374)
                      ; - java.util.WeakHashMap::isEmpty@1 (line 385)
                      ; - java.util.WeakHashMap$HashIterator::<init>@22 (line 788)
                      ; - java.util.WeakHashMap$EntryIterator::<init>@2 (line 852)
                      ; - java.util.WeakHashMap$EntrySet::iterator@8 (line 980)
                      ; - com.sun.javafx.tk.Toolkit::firePulse@141 (line 451)
  0x0000024187fb4c28: 3433 dfff 

  0x0000024187fb4c2c: ;   {other}
  0x0000024187fb4c2c: 0f1f 8400 | 9c25 0015 | 458b 5cec | 1445 85db | 7506 8b74 | 2430 eb0a | 458b 5cec | 2443 8b74 
  0x0000024187fb4c4c: dc0c 4c8b | 5424 3841 | 8972 0c49 

  0x0000024187fb4c58: ;   {optimized virtual_call}
  0x0000024187fb4c58: 8bd2 90e8 

  0x0000024187fb4c5c: ; ImmutableOopMap {[56]=Oop [72]=Oop [120]=Oop }
                      ;*invokeinterface hasNext {reexecute=0 rethrow=0 return_oop=0}
                      ; - com.sun.javafx.tk.Toolkit::firePulse@150 (line 451)
  0x0000024187fb4c5c: 806f dfff 

  0x0000024187fb4c60: ;   {other}
  0x0000024187fb4c60: 0f1f 8400 | d025 0016 | 85c0 0f85 | 5c01 0000 | 488b 5424 

  0x0000024187fb4c74: ;   {optimized virtual_call}
  0x0000024187fb4c74: 7866 90e8 

  0x0000024187fb4c78: ; ImmutableOopMap {[72]=Oop }
                      ;*invokeinterface entrySet {reexecute=0 rethrow=0 return_oop=1}
                      ; - com.sun.javafx.tk.Toolkit::firePulse@198 (line 454)
  0x0000024187fb4c78: c47d 1500 

  0x0000024187fb4c7c: ;   {other}
  0x0000024187fb4c7c: 0f1f 8400 | ec25 0017 

  0x0000024187fb4c84: ; implicit exception: dispatches to 0x0000024187fb7474
  0x0000024187fb4c84: 448b 5808 

  0x0000024187fb4c88: ;   {metadata('java/util/WeakHashMap$EntrySet')}
  0x0000024187fb4c88: 4181 fb60 | 032f 010f | 856f 1f00 | 0048 8bd0 

  0x0000024187fb4c98: ;   {optimized virtual_call}
  0x0000024187fb4c98: 6666 90e8 

  0x0000024187fb4c9c: ; ImmutableOopMap {[72]=Oop }
                      ;*invokeinterface iterator {reexecute=0 rethrow=0 return_oop=1}
                      ; - com.sun.javafx.tk.Toolkit::firePulse@203 (line 454)
  0x0000024187fb4c9c: c081 1500 

  0x0000024187fb4ca0: ;   {other}
  0x0000024187fb4ca0: 0f1f 8400 | 1026 0018 

  0x0000024187fb4ca8: ; implicit exception: dispatches to 0x0000024187fb7488
  0x0000024187fb4ca8: 448b 5808 

  0x0000024187fb4cac: ;   {metadata('java/util/WeakHashMap$EntryIterator')}
  0x0000024187fb4cac: 4181 fb68 | 072f 010f | 8563 1f00 | 0048 8be8 

  0x0000024187fb4cbc: ;   {optimized virtual_call}
  0x0000024187fb4cbc: 488b d5e8 

  0x0000024187fb4cc0: ; ImmutableOopMap {rbp=Oop [72]=Oop }
                      ;*invokeinterface hasNext {reexecute=0 rethrow=0 return_oop=0}
                      ; - com.sun.javafx.tk.Toolkit::firePulse@212 (line 454)
  0x0000024187fb4cc0: 1c6f dfff 

  0x0000024187fb4cc4: ;   {other}
  0x0000024187fb4cc4: 0f1f 8400 | 3426 0019 | 85c0 0f85 | d821 0000 | 4c8b 5424 | 4845 8b52 | 2045 85d2 | 0f85 de21 
  0x0000024187fb4ce4: 0000 4881 | c4a0 0000 

  0x0000024187fb4cec: ;   {poll_return}
  0x0000024187fb4cec: 005d 493b | a750 0400 | 000f 87ea | 2a00 00c3 

  0x0000024187fb4cfc: ;   {metadata('com/sun/javafx/tk/TKPulseListener')}
  0x0000024187fb4cfc: 48b8 e86f | 0990 4102 | 0000 488b | 7e28 8b0f | 4883 c708 | 4885 c0f2 | 48af 0f85 | 0400 0000 
  0x0000024187fb4d1c: 4889 4620 | 0f84 3ffc | ffff bade | ffff ff48 | 8b4c 2448 | 4889 4c24 | 4044 894c | 2448 448b 
  0x0000024187fb4d3c: 4c24 5c44 | 894c 244c | 4489 4424 | 504c 895c | 2458 4489 | 5424 5444 | 8974 2460 

  0x0000024187fb4d58: ;   {runtime_call UncommonTrapBlob}
  0x0000024187fb4d58: 6666 90e8 

  0x0000024187fb4d5c: ; ImmutableOopMap {rbp=NarrowOop [64]=Oop [80]=NarrowOop [84]=NarrowOop [88]=Oop [96]=NarrowOop [112]=Oop [120]=Oop }
                      ;*checkcast {reexecute=0 rethrow=0 return_oop=0}
                      ; - com.sun.javafx.tk.Toolkit::firePulse@116 (line 449)
  0x0000024187fb4d5c: a0f8 4eff 

  0x0000024187fb4d60: ;   {other}
  0x0000024187fb4d60: 0f1f 8400 | d026 001a | 4f8d 2cdc | 8b7c 2434 | e968 fbff | ff66 6666 | 0f1f 8400 | 0000 0000 
  0x0000024187fb4d80: 4d8b c244 | 8b5d 2047 | 8b4c dc08 

  0x0000024187fb4d8c: ;   {metadata('java/security/AccessControlContext')}
  0x0000024187fb4d8c: 4181 f900 | 9802 000f | 85bb 2400 | 004f 8d0c | dc48 8b54 

  0x0000024187fb4da0: ;   {optimized virtual_call}
  0x0000024187fb4da0: 2448 90e8 

  0x0000024187fb4da4: ; ImmutableOopMap {[56]=Oop [72]=Oop [120]=Oop }
                      ;*invokevirtual runPulse {reexecute=0 rethrow=0 return_oop=0}
                      ; - com.sun.javafx.tk.Toolkit::firePulse@191 (line 452)
  0x0000024187fb4da4: 982f 0100 

  0x0000024187fb4da8: ;   {other}
  0x0000024187fb4da8: 0f1f 8400 | 1827 001b | 488b 5424 

  0x0000024187fb4db4: ;   {optimized virtual_call}
  0x0000024187fb4db4: 3866 90e8 

  0x0000024187fb4db8: ; ImmutableOopMap {[56]=Oop [72]=Oop [120]=Oop }
                      ;*invokeinterface hasNext {reexecute=0 rethrow=0 return_oop=0}
                      ; - com.sun.javafx.tk.Toolkit::firePulse@150 (line 451)
  0x0000024187fb4db8: 246e dfff 

  0x0000024187fb4dbc: ;   {other}
  0x0000024187fb4dbc: 0f1f 8400 | 2c27 001c | 85c0 0f84 | a4fe ffff | 488b 5424 

  0x0000024187fb4dd0: ;   {optimized virtual_call}
  0x0000024187fb4dd0: 3866 90e8 

  0x0000024187fb4dd4: ; ImmutableOopMap {[56]=Oop [72]=Oop [120]=Oop }
                      ;*invokevirtual nextEntry {reexecute=0 rethrow=0 return_oop=1}
                      ; - java.util.WeakHashMap$EntryIterator::next@1 (line 854)
                      ; - java.util.WeakHashMap$EntryIterator::next@1 (line 852)
                      ; - com.sun.javafx.tk.Toolkit::firePulse@160 (line 451)
  0x0000024187fb4dd4: 0888 e3ff 

  0x0000024187fb4dd8: ;   {other}
  0x0000024187fb4dd8: 0f1f 8400 | 4827 001d | 488b e848 | 85c0 0f84 | ee14 0000 

  0x0000024187fb4dec: ;   {optimized virtual_call}
  0x0000024187fb4dec: 488b d0e8 

  0x0000024187fb4df0: ; ImmutableOopMap {rbp=Oop [56]=Oop [72]=Oop [120]=Oop }
                      ;*invokeinterface getKey {reexecute=0 rethrow=0 return_oop=1}
                      ; - com.sun.javafx.tk.Toolkit::firePulse@173 (line 452)
  0x0000024187fb4df0: cc02 ecff 

  0x0000024187fb4df4: ;   {other}
  0x0000024187fb4df4: 0f1f 8400 | 6427 001e | 4c8b d044 | 8b58 0848 | be00 0000 | 8f41 0200 | 0049 03f3 | 4c8b 5e20 
  0x0000024187fb4e14: ;   {metadata('com/sun/javafx/tk/TKPulseListener')}
  0x0000024187fb4e14: 49b8 e86f | 0990 4102 | 0000 4d3b | d80f 8459 

  0x0000024187fb4e24: ;   {metadata('com/sun/javafx/tk/TKPulseListener')}
  0x0000024187fb4e24: ffff ff48 | b8e8 6f09 | 9041 0200 | 0048 8b7e | 288b 0f48 | 83c7 0848 | 85c0 f248 | af0f 8504 
  0x0000024187fb4e44: 0000 0048 | 8946 200f | 842f ffff | ffba deff | ffff 48ff | 7424 3848 | 8f44 2430 | 4c89 5424 
  0x0000024187fb4e64: ;   {runtime_call UncommonTrapBlob}
  0x0000024187fb4e64: 4066 90e8 

  0x0000024187fb4e68: ; ImmutableOopMap {rbp=Oop [48]=Oop [64]=Oop [72]=Oop [120]=Oop }
                      ;*checkcast {reexecute=0 rethrow=0 return_oop=0}
                      ; - com.sun.javafx.tk.Toolkit::firePulse@178 (line 452)
  0x0000024187fb4e68: 94f7 4eff 

  0x0000024187fb4e6c: ;   {other}
  0x0000024187fb4e6c: 0f1f 8400 | dc27 001f | 448d 48fd | e92c faff | ff44 8bc8 | e924 faff | ffc4 c17a | 5a42 1cc4 
  0x0000024187fb4e8c: c173 2acb | c5f3 5ec0 | c4e3 790b | c002 c57b | 2cd0 4181 | fa00 0000 | 800f 8425 | 2900 0041 
  0x0000024187fb4eac: 81fa 0000 | 0040 0f8f | a422 0000 | 4c8b 5c24 | 6845 8b43 | 2447 8b4c | c40c 453b | ca0f 8d15 
  0x0000024187fb4ecc: 2200 0045 | 8bc1 48ba | 0070 83f2 | 4102 0000 | 33db 33f6 | 498b 8f58 | 0400 0041 

  0x0000024187fb4ee8: ; ImmutableOopMap {rdi=Oop [72]=Oop [104]=Oop [112]=Oop [120]=Oop }
                      ;*goto {reexecute=1 rethrow=0 return_oop=0}
                      ; - (reexecute) java.util.WeakHashMap::putAll@61 (line 571)
                      ; - com.sun.javafx.tk.Toolkit::firePulse@34 (line 444)
                      ;   {poll}
  0x0000024187fb4ee8: d1e0 8501 | 453b c27c | ef45 3bc1 | 0f8e ef21 | 0000 4889 | 7424 3889 | 5c24 3048 | 897c 2428 
  0x0000024187fb4f08: 4889 5424 | 2048 8b6c | 2468 488b | 5424 6848 | ff74 2448 | 488f 4424 

  0x0000024187fb4f20: ;   {optimized virtual_call}
  0x0000024187fb4f20: 4066 90e8 

  0x0000024187fb4f24: ; ImmutableOopMap {rbp=Oop [40]=Oop [64]=Oop [72]=Oop [112]=Oop [120]=Oop }
                      ;*invokevirtual resize {reexecute=0 rethrow=0 return_oop=0}
                      ; - java.util.WeakHashMap::putAll@77 (line 573)
                      ; - com.sun.javafx.tk.Toolkit::firePulse@34 (line 444)
  0x0000024187fb4f24: f8d1 0b00 

  0x0000024187fb4f28: ;   {other}
  0x0000024187fb4f28: 0f1f 8400 | 9828 0021 | 4889 6c24 | 6848 8b5c | 2420 488b | 7c24 288b | 7424 304c | 8b6c 2438 
  0x0000024187fb4f48: e9db ecff | ffc4 c17a | 5a42 1cc4 | c173 2acb | c5f3 5ec0 | c4e3 790b | c002 c57b | 2cc8 4181 
  0x0000024187fb4f68: f900 0000 | 800f 8448 | 2800 0041 | 81f9 0000 | 0040 0f8f | 0022 0000 | 458b 5a24 

  0x0000024187fb4f84: ; implicit exception: dispatches to 0x0000024187fb75b4
  0x0000024187fb4f84: 438b 6cdc | 0c41 3be9 | 0f8d 8221 | 0000 448b | c566 6666 | 0f1f 8400 | 0000 0000 | 4d8b 9f58 
  0x0000024187fb4fa4: 0400 0041 

  0x0000024187fb4fa8: ; ImmutableOopMap {rdi=Oop [72]=Oop [104]=Oop [112]=Oop [120]=Oop }
                      ;*goto {reexecute=1 rethrow=0 return_oop=0}
                      ; - (reexecute) java.util.WeakHashMap::putAll@61 (line 571)
                      ; - com.sun.javafx.tk.Toolkit::firePulse@44 (line 445)
                      ;   {poll}
  0x0000024187fb4fa8: d1e0 4185 | 0345 3bc1 | 7cee 443b | c50f 8e5f | 2100 0048 | 897c 2420 | 488b 6c24 | 7048 8b54 
  0x0000024187fb4fc8: ;   {optimized virtual_call}
  0x0000024187fb4fc8: 2470 90e8 

  0x0000024187fb4fcc: ; ImmutableOopMap {rbp=Oop [32]=Oop [72]=Oop [104]=Oop [120]=Oop }
                      ;*invokevirtual resize {reexecute=0 rethrow=0 return_oop=0}
                      ; - java.util.WeakHashMap::putAll@77 (line 573)
                      ; - com.sun.javafx.tk.Toolkit::firePulse@44 (line 445)
  0x0000024187fb4fcc: 50d1 0b00 

  0x0000024187fb4fd0: ;   {other}
  0x0000024187fb4fd0: 0f1f 8400 | 4029 0023 | 4889 6c24 | 7048 8b7c | 2420 e9fe | e9ff ff4c | 8b5c 2478 | c4c1 7a5a 
  0x0000024187fb4ff0: 431c c4c1 | 732a cac5 | f35e c0c4 | e379 0bc0 | 02c5 7b2c | d841 81fb | 0000 0080 | 0f84 9427 
  0x0000024187fb5010: 0000 4181 | fb00 0000 | 400f 8f85 | 2100 004c | 8b54 2478 | 458b 5224 

  0x0000024187fb5028: ; implicit exception: dispatches to 0x0000024187fb75c8
  0x0000024187fb5028: 438b 6cd4 | 0c41 3beb | 0f8d 0221 | 0000 448b | c50f 1f80 | 0000 0000 | 4d8b 8f58 | 0400 0041 
  0x0000024187fb5048: ; ImmutableOopMap {rdi=Oop [72]=Oop [104]=Oop [112]=Oop [120]=Oop }
                      ;*goto {reexecute=1 rethrow=0 return_oop=0}
                      ; - (reexecute) java.util.WeakHashMap::putAll@61 (line 571)
                      ; - com.sun.javafx.tk.Toolkit::firePulse@54 (line 446)
                      ;   {poll}
  0x0000024187fb5048: d1e0 4185 | 0145 3bc3 | 7cee 443b | c50f 8ee3 | 2000 0048 | 897c 2420 | 488b 6c24 | 7848 8b54 
  0x0000024187fb5068: ;   {optimized virtual_call}
  0x0000024187fb5068: 2478 90e8 

  0x0000024187fb506c: ; ImmutableOopMap {rbp=Oop [32]=Oop [72]=Oop [104]=Oop [112]=Oop }
                      ;*invokevirtual resize {reexecute=0 rethrow=0 return_oop=0}
                      ; - java.util.WeakHashMap::putAll@77 (line 573)
                      ; - com.sun.javafx.tk.Toolkit::firePulse@54 (line 446)
  0x0000024187fb506c: 109a 4eff 

  0x0000024187fb5070: ;   {other}
  0x0000024187fb5070: 0f1f 8400 | e029 0025 | 4889 6c24 | 7848 8b7c | 2420 e9b2 | f0ff ff83 | c5fd e90d | eeff ff83 
  0x0000024187fb5090: c5fd e9cd | f2ff ff41 | ffcb eb09 | 4183 c3fe | eb03 458b | da45 8b4c | dc0c 4180 | 7f40 000f 
  0x0000024187fb50b0: 85b4 0c00 | 0045 85c9 | 0f84 ee1f | 0000 4d8d | 04dc 33c9 | 33db e9de | e6ff ff41 | 83c3 fdeb 
  0x0000024187fb50d0: d448 8b5c | 2430 8b74 | 2438 4c8b | 6c24 40e9 | 7ee8 ffff | 85ed 0f84 | 40f8 ffff | 4d8b 4728 
  0x0000024187fb50f0: 488b cd48 | c1e1 034d | 85c0 0f84 | c812 0000 | 498b 7f38 | 4a89 4c07 | f849 83c0 | f84d 8947 
  0x0000024187fb5110: 28e9 16f8 | ffff 85f6 | 0f84 cef7 | ffff 418b | ea4d 8b57 | 2848 8bce | 48c1 e103 | 4d85 d20f 
  0x0000024187fb5130: 848f 1300 | 004d 8b5f | 384b 894c | 13f8 4983 | c2f8 4d89 | 5728 448b | d5e9 9ef7 | ffff 418b 
  0x0000024187fb5150: fae9 80f7 | ffff 85ff | 0f84 deed | ffff 4d8b | 5f28 4d85 | db0f 8411 | 1400 0049 

  0x0000024187fb516c: ;   {no_reloc}
  0x0000024187fb516c: 8b4f 384e | 8944 19f8 | 4983 c3f8 | 4d89 5f28 | e9bb edff | ff85 db0f | 847a f2ff | ff4d 8b5f 
  0x0000024187fb518c: 284d 85db | 0f84 1c14 | 0000 4d8b | 4738 4b89 | 7c18 f849 | 83c3 f84d | 895f 28e9 | 57f2 ffff 
  0x0000024187fb51ac: 85db 0f84 | 39ed ffff | 458b ea4d | 8b57 2848 | 8bcb 48c1 | e103 4d85 | d20f 8455 | 1600 004d 
  0x0000024187fb51cc: 8b5f 384b | 894c 13f8 | 4983 c2f8 | 4d89 5728 | 458b d5e9 | 09ed ffff | 85db 0f84 | c5f1 ffff 
  0x0000024187fb51ec: 448b f541 | 8bea 4d8b | 5728 488b | cb48 c1e1 | 034d 85d2 | 0f84 3716 | 0000 4d8b | 5f38 4b89 
  0x0000024187fb520c: 4c13 f849 | 83c2 f84d | 8957 2844 | 8bd5 418b | eee9 8ff1 | ffff 85ff | 0f84 b1e5 | ffff 4d8b 
  0x0000024187fb522c: 5728 4d85 | d20f 84a9 | 1600 0049 | 8b5f 384a | 894c 13f8 | 4983 c2f8 | 4d89 5728 | e98e e5ff 
  0x0000024187fb524c: ff85 ff0f | 842d e5ff | ff4d 8b57 | 2848 8bcf | 48c1 e103 | 4d85 d20f | 84cf 1700 | 004d 8b5f 
  0x0000024187fb526c: ;   {no_reloc}
  0x0000024187fb526c: 384b 894c | 13f8 4983 | c2f8 4d89 | 5728 e903 | e5ff ff41 | 8beb e951 | ecff ff41 | 8beb e90d 
  0x0000024187fb528c: f1ff ff44 | 895c 2460 | e9d5 e4ff | ff44 8b5b | 1845 85db | 0f84 7cdb | ffff 4d8b | 5728 498b 
  0x0000024187fb52ac: cb48 c1e1 | 034d 85d2 | 0f84 961a | 0000 4d8b | 5f38 4b89 | 4c13 f849 | 83c2 f84d | 8957 28e9 
  0x0000024187fb52cc: 52db ffff | 4c8b 5424 | 6845 8b5a | 2445 85db | 0f84 cadc | ffff 4d8b | 5728 498b | cb48 c1e1 
  0x0000024187fb52ec: 034d 85d2 | 0f84 941a | 0000 4d8b | 5f38 4b89 | 4c13 f849 | 83c2 f84d | 8957 28e9 | a0dc ffff 
  0x0000024187fb530c: 4c8b 5424 | 6845 8b5a | 2845 85db | 0f84 d5db | ffff 4d8b | 5728 498b | cb48 c1e1 | 034d 85d2 
  0x0000024187fb532c: 0f84 3b1a | 0000 4d8b | 5f38 4b89 | 4c13 f849 | 83c2 f84d | 8957 28e9 | abdb ffff | 448b 5618 
  0x0000024187fb534c: 4585 d20f | 8408 deff | ff4d 8b5f | 2849 8bca | 48c1 e103 | 4d85 db0f | 843e 1a00 | 004d 8b57 
  0x0000024187fb536c: ;   {no_reloc}
  0x0000024187fb536c: 384b 894c | 1af8 4983 | c3f8 4d89 | 5f28 e9de | ddff ff44 | 8b53 1c45 | 85d2 0f84 | 1edb ffff 
  0x0000024187fb538c: 4d8b 5f28 | 498b ca48 | c1e1 034d | 85db 0f84 | 241a 0000 | 4d8b 5738 | 4b89 4c1a | f849 83c3 
  0x0000024187fb53ac: f84d 895f | 28e9 f4da | ffff 448b | 5e18 4585 | db0f 84d0 | e0ff ff4d | 8b57 2849 | 8bcb 48c1 
  0x0000024187fb53cc: e103 4d85 | d20f 840a | 1a00 004d | 8b5f 384b | 894c 13f8 | 4983 c2f8 | 4d89 5728 | e9a6 e0ff 
  0x0000024187fb53ec: ff44 8b5e | 1c45 85db | 0f84 ebdd | ffff 4d8b | 5728 498b | cb48 c1e1 | 034d 85d2 | 0f84 f019 
  0x0000024187fb540c: 0000 4d8b | 5f38 4b89 | 4c13 f849 | 83c2 f84d | 8957 28e9 | c1dd ffff | 4c8b 5424 | 7045 8b52 
  0x0000024187fb542c: 2445 85d2 | 0f84 b1de | ffff 4d8b | 5f28 498b | ca48 c1e1 | 034d 85db | 0f84 d119 | 0000 4d8b 
  0x0000024187fb544c: 5738 4b89 | 4c1a f849 | 83c3 f84d | 895f 28e9 | 87de ffff | 4c8b 5424 | 7045 8b52 | 2845 85d2 
  0x0000024187fb546c: ;   {no_reloc}
  0x0000024187fb546c: 0f84 bcdd | ffff 4d8b | 5f28 498b | ca48 c1e1 | 034d 85db | 0f84 b219 | 0000 4d8b | 5738 4b89 
  0x0000024187fb548c: 4c1a f849 | 83c3 f84d | 895f 28e9 | 92dd ffff | 4c8b 5424 | 7845 8b5a | 2445 85db | 0f84 6fe1 
  0x0000024187fb54ac: ffff 4d8b | 5728 498b | cb48 c1e1 | 034d 85d2 | 0f84 cd19 | 0000 4d8b | 5f38 4b89 | 4c13 f849 
  0x0000024187fb54cc: 83c2 f84d | 8957 28e9 | 45e1 ffff | 448b 561c | 4585 d20f | 8436 e0ff | ff4d 8b5f | 2849 8bca 
  0x0000024187fb54ec: 48c1 e103 | 4d85 db0f | 845c 1900 | 004d 8b57 | 384b 894c | 1af8 4983 | c3f8 4d89 | 5f28 e90c 
  0x0000024187fb550c: e0ff ff4c | 8b54 2478 | 458b 5a28 | 4585 db0f | 8443 e0ff | ff4d 8b57 | 2849 8bcb | 48c1 e103 
  0x0000024187fb552c: 4d85 d20f | 843d 1900 | 004d 8b5f | 384b 894c | 13f8 4983 | c2f8 4d89 | 5728 e919 | e0ff ff4d 
  0x0000024187fb554c: 8b57 484d | 8b5f 58f0 | 8344 24c0 | 0080 3900 | 742f 4488 | 214d 85d2 | 740f 4b89 

  0x0000024187fb5568: ;   {no_reloc}
  0x0000024187fb5568: 4c13 f849 | 83c2 f84d | 8957 48eb | 1849 8bd7 | 49ba 9022 | 64cd fd7f | 0000 41ff 

  0x0000024187fb5584: ;   {other}
  0x0000024187fb5584: d20f 1f84 | 0000 0000 | 0044 8b53 | 1845 85d2 | 0f84 2e1c | 0000 49c1 | e203 498b | eae9 abd8 
  0x0000024187fb55a4: ffff 4d8b | 5758 4d8b | 5f48 f083 | 4424 c000 | 8039 000f | 845a d8ff | ff44 8821 | 4d85 db75 
  0x0000024187fb55c4: 1d49 8bd7 | 49ba 9022 | 64cd fd7f | 0000 41ff 

  0x0000024187fb55d4: ;   {other}
  0x0000024187fb55d4: d20f 1f84 | 0000 0000 | 00e9 35d8 | ffff 4b89 | 4c1a f849 | 83c3 f84d | 895f 48e9 | 23d8 ffff 
  0x0000024187fb55f4: 4d8b 5758 | 4d8b 5f48 | f083 4424 | c000 8039 | 000f 84df | d9ff ff44 | 8821 4d85 | db75 1d49 
  0x0000024187fb5614: 8bd7 49ba | 9022 64cd | fd7f 0000 

  0x0000024187fb5620: ;   {other}
  0x0000024187fb5620: 41ff d20f | 1f84 0000 | 0000 00e9 | bad9 ffff | 4b89 4c1a | f849 83c3 | f84d 895f | 48e9 a8d9 
  0x0000024187fb5640: ffff 4d8b | 5758 4d8b | 5f48 f083 | 4424 c000 | 8039 000f | 848f d8ff | ff44 8821 | 4d85 db75 
  0x0000024187fb5660: 1d49 8bd7 | 49ba 9022 | 64cd fd7f | 0000 41ff 

  0x0000024187fb5670: ;   {other}
  0x0000024187fb5670: d20f 1f84 | 0000 0000 | 00e9 6ad8 | ffff 4b89 | 4c1a f849 | 83c3 f84d | 895f 48e9 | 58d8 ffff 
  0x0000024187fb5690: 4d8b 5758 | 4d8b 5f48 | f083 4424 | c000 8039 | 000f 84ab | daff ff44 | 8821 4d85 | db75 1d49 
  0x0000024187fb56b0: 8bd7 49ba | 9022 64cd | fd7f 0000 

  0x0000024187fb56bc: ;   {other}
  0x0000024187fb56bc: 41ff d20f | 1f84 0000 | 0000 00e9 | 86da ffff | 4b89 4c1a | f849 83c3 | f84d 895f | 48e9 74da 
  0x0000024187fb56dc: ffff 4d8b | 5758 4d8b | 5f48 f083 | 4424 c000 | 8039 000f | 8435 d8ff | ff44 8821 | 4d85 db75 
  0x0000024187fb56fc: 1d49 8bd7 | 49ba 9022 | 64cd fd7f | 0000 41ff 

  0x0000024187fb570c: ;   {other}
  0x0000024187fb570c: d20f 1f84 | 0000 0000 | 00e9 10d8 | ffff 4b89 | 4c1a f849 | 83c3 f84d | 895f 48e9 | fed7 ffff 
  0x0000024187fb572c: 4d8b 5748 | 4d8b 5f58 | f083 4424 | c000 8039 | 0074 2f44 | 8821 4d85 | d274 0f4b | 894c 13f8 
  0x0000024187fb574c: 4983 c2f8 | 4d89 5748 | eb18 498b | d749 ba90 | 2264 cdfd | 7f00 0041 

  0x0000024187fb5764: ;   {other}
  0x0000024187fb5764: ffd2 0f1f | 8400 0000 | 0000 448b | 5e18 4585 | db0f 8465 | 1a00 004d | 8bd3 49c1 | e203 498b 
  0x0000024187fb5784: dae9 02da | ffff 4d8b | 5758 4d8b | 5f48 f083 | 4424 c000 | 8039 000f | 84e7 dcff | ff44 8821 
  0x0000024187fb57a4: 4d85 db75 | 1d49 8bd7 | 49ba 9022 | 64cd fd7f | 0000 41ff 

  0x0000024187fb57b8: ;   {other}
  0x0000024187fb57b8: d20f 1f84 | 0000 0000 | 00e9 c2dc | ffff 4b89 | 4c1a f849 | 83c3 f84d | 895f 48e9 | b0dc ffff 
  0x0000024187fb57d8: 4d8b 5748 | 4d8b 5f58 | f083 4424 | c000 8039 | 0074 2f44 | 8821 4d85 | d274 0f4b | 894c 13f8 
  0x0000024187fb57f8: 4983 c2f8 | 4d89 5748 | eb18 498b | d749 ba90 | 2264 cdfd | 7f00 0041 

  0x0000024187fb5810: ;   {other}
  0x0000024187fb5810: ffd2 0f1f | 8400 0000 | 0000 448b | 5618 4585 | d20f 84d1 | 1900 0049 | c1e2 0349 | 8bda e98f 
  0x0000024187fb5830: dcff ff4d | 8b57 584d | 8b5f 48f0 | 8344 24c0 | 0080 3900 | 0f84 d6da | ffff 4488 | 214d 85db 
  0x0000024187fb5850: 751d 498b | d749 ba90 | 2264 cdfd | 7f00 0041 

  0x0000024187fb5860: ;   {other}
  0x0000024187fb5860: ffd2 0f1f | 8400 0000 | 0000 e9b1 | daff ff4b | 894c 1af8 | 4983 c3f8 | 4d89 5f48 | e99f daff 
  0x0000024187fb5880: ff4d 8b57 | 584d 8b5f | 48f0 8344 | 24c0 0080 | 3900 0f84 | 8bd9 ffff | 4488 214d | 85db 751d 
  0x0000024187fb58a0: 498b d749 | ba90 2264 | cdfd 7f00 | 0041 ffd2 

  0x0000024187fb58b0: ;   {other}
  0x0000024187fb58b0: 0f1f 8400 | 0000 0000 | e966 d9ff | ff4b 894c | 1af8 4983 | c3f8 4d89 | 5f48 e954 | d9ff ff4d 
  0x0000024187fb58d0: 8b57 484d | 8b5f 58f0 | 8344 24c0 | 0080 3900 | 0f84 7fd9 | ffff 4488 | 214d 85d2 | 751d 498b 
  0x0000024187fb58f0: d749 ba90 | 2264 cdfd | 7f00 0041 

  0x0000024187fb58fc: ;   {other}
  0x0000024187fb58fc: ffd2 0f1f | 8400 0000 | 0000 e95a | d9ff ff4b | 894c 13f8 | 4983 c2f8 | 4d89 5748 | e948 d9ff 
  0x0000024187fb591c: ff4d 8b57 | 584d 8b5f | 48f0 8344 | 24c0 0080 | 3900 0f84 | 25dd ffff | 4488 214d | 85db 751d 
  0x0000024187fb593c: 498b d749 | ba90 2264 | cdfd 7f00 | 0041 ffd2 

  0x0000024187fb594c: ;   {other}
  0x0000024187fb594c: 0f1f 8400 | 0000 0000 | e900 ddff | ff4b 894c | 1af8 4983 | c3f8 4d89 | 5f48 e9ee | dcff ff4d 
  0x0000024187fb596c: 8b57 584d | 8b5f 48f0 | 8344 24c0 | 0080 3900 | 0f84 d7db | ffff 4488 | 214d 85db | 751d 498b 
  0x0000024187fb598c: d749 ba90 | 2264 cdfd | 7f00 0041 

  0x0000024187fb5998: ;   {other}
  0x0000024187fb5998: ffd2 0f1f | 8400 0000 | 0000 e9b2 | dbff ff4b | 894c 1af8 | 4983 c3f8 | 4d89 5f48 | e9a0 dbff 
  0x0000024187fb59b8: ff4d 8b57 | 484d 8b5f | 58f0 8344 | 24c0 0080 | 3900 0f84 | cbdb ffff | 4488 214d | 85d2 751d 
  0x0000024187fb59d8: 498b d749 | ba90 2264 | cdfd 7f00 | 0041 ffd2 

  0x0000024187fb59e8: ;   {other}
  0x0000024187fb59e8: 0f1f 8400 | 0000 0000 | e9a6 dbff | ff4b 894c | 13f8 4983 | c2f8 4d89 | 5748 e994 | dbff ff45 
  0x0000024187fb5a08: 85d2 0f84 | a9ee ffff | 4d8b 5f28 | 498b ca48 | c1e1 034d | 85db 0f84 | b814 0000 | 458b ea41 
  0x0000024187fb5a28: 8bf9 4d8b | 5738 4b89 | 4c1a f849 | 83c3 f84d | 895f 2844 | 8bcf 458b | d5e9 73ee | ffff 458b 
  0x0000024187fb5a48: cbe9 5bee | ffff 4c8b | 5424 6845 | 8b5a 2c45 | 85db 0f84 | 2eec ffff | 4d8b 5728 | 498b cb48 
  0x0000024187fb5a68: c1e1 034d | 85d2 0f84 | cc14 0000 | 4d8b 5f38 | 4b89 4c13 | f849 83c2 | f84d 8957 | 28e9 04ec 
  0x0000024187fb5a88: ffff 4c8b | 5424 7045 | 8b5a 2c45 | 85db 0f84 | d1f0 ffff | 4d8b 5728 | 498b cb48 | c1e1 034d 
  0x0000024187fb5aa8: 85d2 0f84 | ad14 0000 | 4d8b 5f38 | 4b89 4c13 | f849 83c2 | f84d 8957 | 28e9 a7f0 | ffff 4d8b 
  0x0000024187fb5ac8: 5758 4d8b | 5f48 f083 | 4424 c000 | 8039 000f | 84ed ebff | ff44 8821 | 4d85 db75 

  0x0000024187fb5ae4: ;   {no_reloc}
  0x0000024187fb5ae4: 1d49 8bd7 | 49ba 9022 | 64cd fd7f | 0000 41ff 

  0x0000024187fb5af4: ;   {other}
  0x0000024187fb5af4: d20f 1f84 | 0000 0000 | 00e9 c8eb | ffff 4b89 | 4c1a f849 | 83c3 f84d | 895f 48e9 | b6eb ffff 
  0x0000024187fb5b14: 4d8b 5748 | 4d8b 5f58 | f083 4424 | c000 803b | 000f 8476 | f0ff ff44 | 8823 4d85 | d275 2048 
  0x0000024187fb5b34: 8bcb 498b | d749 ba90 | 2264 cdfd | 7f00 0041 

  0x0000024187fb5b44: ;   {other}
  0x0000024187fb5b44: ffd2 0f1f | 8400 0000 | 0000 e94e | f0ff ff4b | 895c 13f8 | 4983 c2f8 | 4d89 5748 | e93c f0ff 
  0x0000024187fb5b64: ff85 db0f | 843f e3ff | ff4d 8b57 | 2848 8bcb | 48c1 e103 | 4d85 d20f | 84f9 1300 | 004d 8b5f 
  0x0000024187fb5b84: 384b 894c | 13f8 4983 | c2f8 4d89 | 5728 e915 | e3ff ff45 | 85c9 0f84 | d4e7 ffff | 4d8b 5728 
  0x0000024187fb5ba4: 498b c948 | c1e1 034d | 85d2 0f84 | e913 0000 | 4d8b 5f38 | 4b89 4c13 | f849 83c2 | f84d 8957 
  0x0000024187fb5bc4: 28e9 aae7 | ffff 418b | e8e9 cae2 | ffff 418b | ebe9 8ae7 | ffff 448b | 5f2c 4585 | db0f 84a6 
  0x0000024187fb5be4: e0ff ff4d | 8b57 2849 | 8bcb 48c1 | e103 4d85 | d20f 842d | 1400 004d | 8b5f 384b | 894c 13f8 
  0x0000024187fb5c04: 4983 c2f8 | 4d89 5728 | e97c e0ff | ff44 8b57 | 2c45 85d2 | 0f84 2bde | ffff 4d8b | 5f28 498b 
  0x0000024187fb5c24: ca48 c1e1 | 034d 85db | 0f84 1314 | 0000 4d8b | 5738 4b89 | 4c1a f849 | 83c3 f84d | 895f 28e9 
  0x0000024187fb5c44: ;   {no_reloc}
  0x0000024187fb5c44: 01de ffff | 448b 5f2c | 4585 db0f | 8448 e5ff | ff4d 8b57 | 2849 8bcb | 48c1 e103 | 4d85 d20f 
  0x0000024187fb5c64: 84f9 1300 | 004d 8b5f | 384b 894c | 13f8 4983 | c2f8 4d89 | 5728 e91e | e5ff ff4d | 8b57 584d 
  0x0000024187fb5c84: 8b5f 48f0 | 8344 24c0 | 0080 3900 | 0f84 2ee0 | ffff 4488 | 214d 85db | 751d 498b | d749 ba90 
  0x0000024187fb5ca4: 2264 cdfd | 7f00 0041 

  0x0000024187fb5cac: ;   {other}
  0x0000024187fb5cac: ffd2 0f1f | 8400 0000 | 0000 e909 | e0ff ff4b | 894c 1af8 | 4983 c3f8 | 4d89 5f48 | e9f7 dfff 
  0x0000024187fb5ccc: ff4d 8b57 | 584d 8b5f | 48f0 8344 | 24c0 0080 | 3900 0f84 | 9cdd ffff | 4488 214d | 85db 751d 
  0x0000024187fb5cec: 498b d749 | ba90 2264 | cdfd 7f00 | 0041 ffd2 

  0x0000024187fb5cfc: ;   {other}
  0x0000024187fb5cfc: 0f1f 8400 | 0000 0000 | e977 ddff | ff4b 894c | 1af8 4983 | c3f8 4d89 | 5f48 e965 | ddff ff4d 
  0x0000024187fb5d1c: 8b57 584d | 8b5f 48f0 | 8344 24c0 | 0080 3900 | 0f84 a2e4 | ffff 4488 | 214d 85db | 751d 498b 
  0x0000024187fb5d3c: d749 ba90 | 2264 cdfd | 7f00 0041 

  0x0000024187fb5d48: ;   {other}
  0x0000024187fb5d48: ffd2 0f1f | 8400 0000 | 0000 e97d | e4ff ff4b | 894c 1af8 | 4983 c3f8 | 4d89 5f48 | e96b e4ff 
  0x0000024187fb5d68: ff45 85c9 | 0f84 43f3 | ffff 4d8b | 5728 498b | c948 c1e1 | 034d 85d2 | 0f84 f912 | 0000 4d8b 
  0x0000024187fb5d88: 4738 4b89 | 4c10 f849 | 83c2 f84d | 8957 28e9 | 19f3 ffff | 458b dae9 | 01f3 ffff 

  0x0000024187fb5da4: ;   {metadata('java/util/concurrent/locks/ReentrantLock$NonfairSync')}
  0x0000024187fb5da4: 48ba 50fd | 1a8f 4102 | 0000 48ff | 7424 6848 | 8f44 2428 | 4889 5c24 | 5048 895c 

  0x0000024187fb5dc0: ;   {runtime_call _new_instance_Java}
  0x0000024187fb5dc0: 2458 90e8 

  0x0000024187fb5dc4: ; ImmutableOopMap {rbp=Oop [40]=Oop [72]=Oop [80]=Oop [88]=Oop [104]=Oop }
                      ;*new {reexecute=0 rethrow=0 return_oop=1}
                      ; - java.util.concurrent.locks.ReentrantLock::<init>@5 (line 294)
                      ; - java.lang.ref.ReferenceQueue::<init>@14 (line 78)
                      ; - java.util.WeakHashMap::<init>@9 (line 179)
                      ; - java.util.WeakHashMap::<init>@5 (line 246)
                      ; - com.sun.javafx.tk.Toolkit::firePulse@4 (line 434)
  0x0000024187fb5dc4: b83d 5bff 

  0x0000024187fb5dc8: ;   {other}
  0x0000024187fb5dc8: 0f1f 8400 | 3837 0026 | 488b 5c24 | 50e9 ffcf 

  0x0000024187fb5dd8: ;   {metadata('java/util/concurrent/locks/ReentrantLock')}
  0x0000024187fb5dd8: ffff 48ba | 68ec 178f | 4102 0000 | 488b 6c24 | 4848 ff74 | 2468 488f | 4424 2048 | 895c 2440 
  0x0000024187fb5df8: 4889 5c24 

  0x0000024187fb5dfc: ;   {runtime_call _new_instance_Java}
  0x0000024187fb5dfc: 5066 90e8 

  0x0000024187fb5e00: ; ImmutableOopMap {rbp=Oop [32]=Oop [64]=Oop [72]=Oop [80]=Oop [104]=Oop }
                      ;*new {reexecute=0 rethrow=0 return_oop=1}
                      ; - java.lang.ref.ReferenceQueue::<init>@10 (line 78)
                      ; - java.util.WeakHashMap::<init>@9 (line 179)
                      ; - java.util.WeakHashMap::<init>@5 (line 246)
                      ; - com.sun.javafx.tk.Toolkit::firePulse@4 (line 434)
  0x0000024187fb5e00: 7c3d 5bff 

  0x0000024187fb5e04: ;   {other}
  0x0000024187fb5e04: 0f1f 8400 | 7437 0027 | 488b e848 | 8b5c 2440 | e97c cfff 

  0x0000024187fb5e18: ;   {metadata('java/util/WeakHashMap')}
  0x0000024187fb5e18: ff48 bad8 | 4310 8f41 | 0200 0048 | 8b6c 2448 

  0x0000024187fb5e28: ;   {runtime_call _new_instance_Java}
  0x0000024187fb5e28: 6666 90e8 

  0x0000024187fb5e2c: ; ImmutableOopMap {rbp=Oop [72]=Oop }
                      ;*new {reexecute=0 rethrow=0 return_oop=1}
                      ; - com.sun.javafx.tk.Toolkit::firePulse@0 (line 434)
  0x0000024187fb5e2c: 503d 5bff 

  0x0000024187fb5e30: ;   {other}
  0x0000024187fb5e30: 0f1f 8400 | a037 0028 | e9d2 ceff 

  0x0000024187fb5e3c: ;   {metadata('java/lang/ref/ReferenceQueue')}
  0x0000024187fb5e3c: ff48 baf8 | 0004 8f41 | 0200 0048 | 8b6c 2448 | 4889 4424 | 2848 8944 

  0x0000024187fb5e54: ;   {runtime_call _new_instance_Java}
  0x0000024187fb5e54: 2430 90e8 

  0x0000024187fb5e58: ; ImmutableOopMap {rbp=Oop [40]=Oop [48]=Oop [72]=Oop [104]=Oop }
                      ;*new {reexecute=0 rethrow=0 return_oop=1}
                      ; - java.util.WeakHashMap::<init>@5 (line 179)
                      ; - java.util.WeakHashMap::<init>@5 (line 246)
                      ; - com.sun.javafx.tk.Toolkit::firePulse@4 (line 434)
  0x0000024187fb5e58: 243d 5bff 

  0x0000024187fb5e5c: ;   {other}
  0x0000024187fb5e5c: 0f1f 8400 | cc37 0029 | 488b d8e9 | ecce ffff | 488b 6c24 

  0x0000024187fb5e70: ;   {metadata('java/util/WeakHashMap')}
  0x0000024187fb5e70: 6848 bad8 | 4310 8f41 

  0x0000024187fb5e78: ;   {runtime_call _new_instance_Java}
  0x0000024187fb5e78: 0200 00e8 

  0x0000024187fb5e7c: ; ImmutableOopMap {rbp=Oop [72]=Oop [104]=Oop }
                      ;*new {reexecute=0 rethrow=0 return_oop=1}
                      ; - com.sun.javafx.tk.Toolkit::firePulse@8 (line 437)
  0x0000024187fb5e7c: 003d 5bff 

  0x0000024187fb5e80: ;   {other}
  0x0000024187fb5e80: 0f1f 8400 | f037 002a | e9be d1ff 

  0x0000024187fb5e8c: ;   {metadata('java/util/concurrent/locks/ReentrantLock')}
  0x0000024187fb5e8c: ff48 ba68 | ec17 8f41 | 0200 0048 | 8b6c 2448 | 48ff 7424 | 7048 8f44 | 2428 4889 | 7424 5048 
  0x0000024187fb5eac: 8974 2458 

  0x0000024187fb5eb0: ;   {runtime_call _new_instance_Java}
  0x0000024187fb5eb0: 6666 90e8 

  0x0000024187fb5eb4: ; ImmutableOopMap {rbp=Oop [40]=Oop [72]=Oop [80]=Oop [88]=Oop [104]=Oop [112]=Oop }
                      ;*new {reexecute=0 rethrow=0 return_oop=1}
                      ; - java.lang.ref.ReferenceQueue::<init>@10 (line 78)
                      ; - java.util.WeakHashMap::<init>@9 (line 179)
                      ; - java.util.WeakHashMap::<init>@5 (line 246)
                      ; - com.sun.javafx.tk.Toolkit::firePulse@12 (line 437)
  0x0000024187fb5eb4: c83c 5bff 

  0x0000024187fb5eb8: ;   {other}
  0x0000024187fb5eb8: 0f1f 8400 | 2838 002b | 488b d848 | 8b74 2450 | e903 d2ff | ff48 8b6c 

  0x0000024187fb5ed0: ;   {metadata('java/util/WeakHashMap$Entry'[])}
  0x0000024187fb5ed0: 2468 48ba | e0fd 208f | 4102 0000 | 41b8 1000 

  0x0000024187fb5ee0: ;   {runtime_call _new_array_Java}
  0x0000024187fb5ee0: 0000 90e8 

  0x0000024187fb5ee4: ; ImmutableOopMap {rbp=Oop [72]=Oop [104]=Oop }
                      ;*anewarray {reexecute=0 rethrow=0 return_oop=1}
                      ; - java.util.WeakHashMap::newTable@1 (line 194)
                      ; - java.util.WeakHashMap::<init>@103 (line 221)
                      ; - java.util.WeakHashMap::<init>@5 (line 246)
                      ; - com.sun.javafx.tk.Toolkit::firePulse@4 (line 434)
  0x0000024187fb5ee4: 9839 5bff 

  0x0000024187fb5ee8: ;   {other}
  0x0000024187fb5ee8: 0f1f 8400 | 5838 002c | 488b d8e9 | a9d0 ffff | 4889 5c24 | 3048 8974 | 2428 48ff | 7424 7048 
  0x0000024187fb5f08: 8f44 2420 | 488b 6c24 

  0x0000024187fb5f10: ;   {metadata('java/util/concurrent/locks/ReentrantLock$NonfairSync')}
  0x0000024187fb5f10: 6848 ba50 | fd1a 8f41 

  0x0000024187fb5f18: ;   {runtime_call _new_instance_Java}
  0x0000024187fb5f18: 0200 00e8 

  0x0000024187fb5f1c: ; ImmutableOopMap {rbp=Oop [32]=Oop [40]=Oop [48]=Oop [72]=Oop [112]=Oop }
                      ;*new {reexecute=0 rethrow=0 return_oop=1}
                      ; - java.util.concurrent.locks.ReentrantLock::<init>@5 (line 294)
                      ; - java.lang.ref.ReferenceQueue::<init>@14 (line 78)
                      ; - java.util.WeakHashMap::<init>@9 (line 179)
                      ; - java.util.WeakHashMap::<init>@5 (line 246)
                      ; - com.sun.javafx.tk.Toolkit::firePulse@12 (line 437)
  0x0000024187fb5f1c: 603c 5bff 

  0x0000024187fb5f20: ;   {other}
  0x0000024187fb5f20: 0f1f 8400 | 9038 002d | 4889 6c24 | 684c 8b54 | 2428 488b | 5c24 3049 | 8bf2 e9d5 

  0x0000024187fb5f3c: ;   {metadata('java/lang/ref/ReferenceQueue')}
  0x0000024187fb5f3c: d1ff ff48 | baf8 0004 | 8f41 0200 | 0048 8b6c | 2448 4889 | 4424 3048 | 8944 2438 

  0x0000024187fb5f58: ;   {runtime_call _new_instance_Java}
  0x0000024187fb5f58: 6666 90e8 

  0x0000024187fb5f5c: ; ImmutableOopMap {rbp=Oop [48]=Oop [56]=Oop [72]=Oop [104]=Oop [112]=Oop }
                      ;*new {reexecute=0 rethrow=0 return_oop=1}
                      ; - java.util.WeakHashMap::<init>@5 (line 179)
                      ; - java.util.WeakHashMap::<init>@5 (line 246)
                      ; - com.sun.javafx.tk.Toolkit::firePulse@12 (line 437)
  0x0000024187fb5f5c: 203c 5bff 

  0x0000024187fb5f60: ;   {other}
  0x0000024187fb5f60: 0f1f 8400 | d038 002e | 488b f0e9 | 24d1 ffff | 4889 5c24 | 2848 ff74 | 2468 488f 

  0x0000024187fb5f7c: ;   {metadata('java/util/concurrent/locks/AbstractQueuedSynchronizer$ConditionObject')}
  0x0000024187fb5f7c: 4424 2048 | ba48 1a1b | 8f41 0200 

  0x0000024187fb5f88: ;   {runtime_call _new_instance_Java}
  0x0000024187fb5f88: 0066 90e8 

  0x0000024187fb5f8c: ; ImmutableOopMap {rbp=NarrowOop [32]=Oop [40]=Oop [72]=Oop [104]=Oop }
                      ;*new {reexecute=0 rethrow=0 return_oop=1}
                      ; - java.util.concurrent.locks.ReentrantLock$Sync::newCondition@0 (line 190)
                      ; - java.util.concurrent.locks.ReentrantLock::newCondition@4 (line 537)
                      ; - java.lang.ref.ReferenceQueue::<init>@25 (line 79)
                      ; - java.util.WeakHashMap::<init>@9 (line 179)
                      ; - java.util.WeakHashMap::<init>@5 (line 246)
                      ; - com.sun.javafx.tk.Toolkit::firePulse@4 (line 434)
  0x0000024187fb5f8c: f03b 5bff 

  0x0000024187fb5f90: ;   {other}
  0x0000024187fb5f90: 0f1f 8400 | 0039 002f | 4c8b 5c24 | 2848 8bf8 | 498b dbe9 | f4ce ffff 

  0x0000024187fb5fa8: ;   {metadata('java/lang/ref/ReferenceQueue')}
  0x0000024187fb5fa8: 48ba f800 | 048f 4102 | 0000 488b | 6c24 4848 | 8944 2438 | 4889 4424 

  0x0000024187fb5fc0: ;   {runtime_call _new_instance_Java}
  0x0000024187fb5fc0: 4066 90e8 

  0x0000024187fb5fc4: ; ImmutableOopMap {rbp=Oop [56]=Oop [64]=Oop [72]=Oop [104]=Oop [112]=Oop [120]=Oop }
                      ;*new {reexecute=0 rethrow=0 return_oop=1}
                      ; - java.util.WeakHashMap::<init>@5 (line 179)
                      ; - java.util.WeakHashMap::<init>@5 (line 246)
                      ; - com.sun.javafx.tk.Toolkit::firePulse@20 (line 440)
  0x0000024187fb5fc4: b83b 5bff 

  0x0000024187fb5fc8: ;   {other}
  0x0000024187fb5fc8: 0f1f 8400 | 3839 0030 | 488b f0e9 | f2d3 ffff | 48ff 7424 | 7048 8f44 

  0x0000024187fb5fe0: ;   {metadata('java/util/WeakHashMap')}
  0x0000024187fb5fe0: 2420 48ba | d843 108f | 4102 0000 

  0x0000024187fb5fec: ;   {runtime_call _new_instance_Java}
  0x0000024187fb5fec: 6666 90e8 

  0x0000024187fb5ff0: ; ImmutableOopMap {[32]=Oop [72]=Oop [104]=Oop [112]=Oop }
                      ;*new {reexecute=0 rethrow=0 return_oop=1}
                      ; - com.sun.javafx.tk.Toolkit::firePulse@16 (line 440)
  0x0000024187fb5ff0: 8c3b 5bff 

  0x0000024187fb5ff4: ;   {other}
  0x0000024187fb5ff4: 0f1f 8400 | 6439 0031 | e980 d3ff 

  0x0000024187fb6000: ;   {metadata('java/util/concurrent/locks/ReentrantLock')}
  0x0000024187fb6000: ff48 ba68 | ec17 8f41 | 0200 0048 | 8b6c 2448 | 48ff 7424 | 7848 8f44 | 2430 4889 | 7424 5848 
  0x0000024187fb6020: 8974 2460 

  0x0000024187fb6024: ;   {runtime_call _new_instance_Java}
  0x0000024187fb6024: 6666 90e8 

  0x0000024187fb6028: ; ImmutableOopMap {rbp=Oop [48]=Oop [72]=Oop [88]=Oop [96]=Oop [104]=Oop [112]=Oop [120]=Oop }
                      ;*new {reexecute=0 rethrow=0 return_oop=1}
                      ; - java.lang.ref.ReferenceQueue::<init>@10 (line 78)
                      ; - java.util.WeakHashMap::<init>@9 (line 179)
                      ; - java.util.WeakHashMap::<init>@5 (line 246)
                      ; - com.sun.javafx.tk.Toolkit::firePulse@20 (line 440)
  0x0000024187fb6028: 543b 5bff 

  0x0000024187fb602c: ;   {other}
  0x0000024187fb602c: 0f1f 8400 | 9c39 0032 | 488b d848 | 8b74 2458 | e9c5 d3ff | ff48 895c | 2438 4889 | 7424 3048 
  0x0000024187fb604c: ff74 2478 | 488f 4424 | 2848 ff74 | 2470 488f | 4424 2048 | 8b6c 2468 

  0x0000024187fb6064: ;   {metadata('java/util/concurrent/locks/ReentrantLock$NonfairSync')}
  0x0000024187fb6064: 48ba 50fd | 1a8f 4102 

  0x0000024187fb606c: ;   {runtime_call _new_instance_Java}
  0x0000024187fb606c: 0000 90e8 

  0x0000024187fb6070: ; ImmutableOopMap {rbp=Oop [32]=Oop [40]=Oop [48]=Oop [56]=Oop [72]=Oop [120]=Oop }
                      ;*new {reexecute=0 rethrow=0 return_oop=1}
                      ; - java.util.concurrent.locks.ReentrantLock::<init>@5 (line 294)
                      ; - java.lang.ref.ReferenceQueue::<init>@14 (line 78)
                      ; - java.util.WeakHashMap::<init>@9 (line 179)
                      ; - java.util.WeakHashMap::<init>@5 (line 246)
                      ; - com.sun.javafx.tk.Toolkit::firePulse@20 (line 440)
  0x0000024187fb6070: 0c3b 5bff 

  0x0000024187fb6074: ;   {other}
  0x0000024187fb6074: 0f1f 8400 | e439 0033 | 4889 6c24 | 6848 ff74 | 2420 488f | 4424 704c | 8b54 2430 | 488b 5c24 
  0x0000024187fb6094: 3849 8bf2 | e9ad d3ff | ff48 8974 | 2430 48ff | 7424 7048 | 8f44 2428 

  0x0000024187fb60ac: ;   {metadata('java/util/concurrent/locks/AbstractQueuedSynchronizer$ConditionObject')}
  0x0000024187fb60ac: 48ba 481a | 1b8f 4102 

  0x0000024187fb60b4: ;   {runtime_call _new_instance_Java}
  0x0000024187fb60b4: 0000 90e8 

  0x0000024187fb60b8: ; ImmutableOopMap {rbp=NarrowOop [40]=Oop [48]=Oop [72]=Oop [104]=Oop [112]=Oop }
                      ;*new {reexecute=0 rethrow=0 return_oop=1}
                      ; - java.util.concurrent.locks.ReentrantLock$Sync::newCondition@0 (line 190)
                      ; - java.util.concurrent.locks.ReentrantLock::newCondition@4 (line 537)
                      ; - java.lang.ref.ReferenceQueue::<init>@25 (line 79)
                      ; - java.util.WeakHashMap::<init>@9 (line 179)
                      ; - java.util.WeakHashMap::<init>@5 (line 246)
                      ; - com.sun.javafx.tk.Toolkit::firePulse@12 (line 437)
  0x0000024187fb60b8: c43a 5bff 

  0x0000024187fb60bc: ;   {other}
  0x0000024187fb60bc: 0f1f 8400 | 2c3a 0034 | 4c8b 5c24 | 3048 8bf8 | 498b f3e9 | 03d1 ffff | 48ff 7424 | 7048 8f44 
  0x0000024187fb60dc: ;   {metadata('java/util/WeakHashMap$Entry'[])}
  0x0000024187fb60dc: 2420 48ba | e0fd 208f | 4102 0000 | 41b8 1000 

  0x0000024187fb60ec: ;   {runtime_call _new_array_Java}
  0x0000024187fb60ec: 0000 90e8 

  0x0000024187fb60f0: ; ImmutableOopMap {[32]=Oop [72]=Oop [104]=Oop [112]=Oop }
                      ;*anewarray {reexecute=0 rethrow=0 return_oop=1}
                      ; - java.util.WeakHashMap::newTable@1 (line 194)
                      ; - java.util.WeakHashMap::<init>@103 (line 221)
                      ; - java.util.WeakHashMap::<init>@5 (line 246)
                      ; - com.sun.javafx.tk.Toolkit::firePulse@12 (line 437)
  0x0000024187fb60f0: 8c37 5bff 

  0x0000024187fb60f4: ;   {other}
  0x0000024187fb60f4: 0f1f 8400 | 643a 0035 | 488b d8e9 | d8d1 ffff 

  0x0000024187fb6104: ;   {metadata('java/util/WeakHashMap$Entry'[])}
  0x0000024187fb6104: 48ba e0fd | 208f 4102 | 0000 41b8 | 1000 0000 | 488b 6c24 | 4848 ff74 | 2478 488f 

  0x0000024187fb6120: ;   {runtime_call _new_array_Java}
  0x0000024187fb6120: 4424 30e8 

  0x0000024187fb6124: ; ImmutableOopMap {rbp=Oop [48]=Oop [72]=Oop [104]=Oop [112]=Oop [120]=Oop }
                      ;*anewarray {reexecute=0 rethrow=0 return_oop=1}
                      ; - java.util.WeakHashMap::newTable@1 (line 194)
                      ; - java.util.WeakHashMap::<init>@103 (line 221)
                      ; - java.util.WeakHashMap::<init>@5 (line 246)
                      ; - com.sun.javafx.tk.Toolkit::firePulse@20 (line 440)
  0x0000024187fb6124: 5837 5bff 

  0x0000024187fb6128: ;   {other}
  0x0000024187fb6128: 0f1f 8400 | 983a 0036 | 488b d8e9 | dad4 ffff | 4889 7424 | 3848 ff74 | 2478 488f 

  0x0000024187fb6144: ;   {metadata('java/util/concurrent/locks/AbstractQueuedSynchronizer$ConditionObject')}
  0x0000024187fb6144: 4424 3048 | ba48 1a1b | 8f41 0200 

  0x0000024187fb6150: ;   {runtime_call _new_instance_Java}
  0x0000024187fb6150: 0066 90e8 

  0x0000024187fb6154: ; ImmutableOopMap {rbp=NarrowOop [48]=Oop [56]=Oop [72]=Oop [104]=Oop [112]=Oop [120]=Oop }
                      ;*new {reexecute=0 rethrow=0 return_oop=1}
                      ; - java.util.concurrent.locks.ReentrantLock$Sync::newCondition@0 (line 190)
                      ; - java.util.concurrent.locks.ReentrantLock::newCondition@4 (line 537)
                      ; - java.lang.ref.ReferenceQueue::<init>@25 (line 79)
                      ; - java.util.WeakHashMap::<init>@9 (line 179)
                      ; - java.util.WeakHashMap::<init>@5 (line 246)
                      ; - com.sun.javafx.tk.Toolkit::firePulse@20 (line 440)
  0x0000024187fb6154: 283a 5bff 

  0x0000024187fb6158: ;   {other}
  0x0000024187fb6158: 0f1f 8400 | c83a 0037 | 4c8b 5c24 | 3848 8bd8 | 498b f3e9 | 9dd3 ffff | 4889 7c24 | 3089 7424 
  0x0000024187fb6178: ;   {metadata('java/util/WeakHashMap$EntryIterator')}
  0x0000024187fb6178: 2848 ba68 | 072f 9041 

  0x0000024187fb6180: ;   {runtime_call _new_instance_Java}
  0x0000024187fb6180: 0200 00e8 

  0x0000024187fb6184: ; ImmutableOopMap {[48]=Oop [72]=Oop [120]=Oop }
                      ;*new {reexecute=0 rethrow=0 return_oop=1}
                      ; - java.util.WeakHashMap$EntrySet::iterator@0 (line 980)
                      ; - com.sun.javafx.tk.Toolkit::firePulse@141 (line 451)
  0x0000024187fb6184: f839 5bff 

  0x0000024187fb6188: ;   {other}
  0x0000024187fb6188: 0f1f 8400 | f83a 0038 | 8b74 2428 | 488b 7c24 | 30e9 5cea | ffff 4c89 | 6c24 5089 | 7424 4048 
  0x0000024187fb61a8: 895c 2428 | 488b 6c24 

  0x0000024187fb61b0: ;   {metadata('java/util/WeakHashMap$EntrySet')}
  0x0000024187fb61b0: 4848 ba60 | 032f 9041 

  0x0000024187fb61b8: ;   {runtime_call _new_instance_Java}
  0x0000024187fb61b8: 0200 00e8 

  0x0000024187fb61bc: ; ImmutableOopMap {rbp=Oop [104]=Oop [112]=Oop [120]=Oop }
                      ;*new {reexecute=0 rethrow=0 return_oop=1}
                      ; - java.util.WeakHashMap::entrySet@14 (line 975)
                      ; - com.sun.javafx.tk.Toolkit::firePulse@74 (line 448)
  0x0000024187fb61bc: c039 5bff 

  0x0000024187fb61c0: ;   {other}
  0x0000024187fb61c0: 0f1f 8400 | 303b 0039 | 4889 6c24 | 4848 8b5c | 2428 8b74 | 2440 4c8b | 6c24 5048 | 8bf8 e993 
  0x0000024187fb61e0: e4ff ff89 | 7424 3848 | 895c 2420 

  0x0000024187fb61ec: ;   {metadata('java/util/WeakHashMap$EntrySet')}
  0x0000024187fb61ec: 48ba 6003 | 2f90 4102 

  0x0000024187fb61f4: ;   {runtime_call _new_instance_Java}
  0x0000024187fb61f4: 0000 90e8 

  0x0000024187fb61f8: ; ImmutableOopMap {[72]=Oop [112]=Oop [120]=Oop }
                      ;*new {reexecute=0 rethrow=0 return_oop=1}
                      ; - java.util.WeakHashMap::entrySet@14 (line 975)
                      ; - com.sun.javafx.tk.Toolkit::firePulse@136 (line 451)
  0x0000024187fb61f8: 8439 5bff 

  0x0000024187fb61fc: ;   {other}
  0x0000024187fb61fc: 0f1f 8400 | 6c3b 003a | 488b 5c24 | 208b 7424 | 3848 8bf8 | e940 e9ff | ff4c 896c | 2438 8974 
  0x0000024187fb621c: 2430 4889 | 7c24 2848 | 895c 2420 | 488b 6c24 

  0x0000024187fb622c: ;   {metadata('java/util/WeakHashMap$EntrySet')}
  0x0000024187fb622c: 6848 ba60 | 032f 9041 | 0200 0048 | ff74 2448 | 488f 4424 

  0x0000024187fb6240: ;   {runtime_call _new_instance_Java}
  0x0000024187fb6240: 4066 90e8 

  0x0000024187fb6244: ; ImmutableOopMap {rbp=Oop [40]=Oop [64]=Oop [72]=Oop [112]=Oop [120]=Oop }
                      ;*new {reexecute=0 rethrow=0 return_oop=1}
                      ; - java.util.WeakHashMap::entrySet@14 (line 975)
                      ; - java.util.WeakHashMap::putAll@81 (line 576)
                      ; - com.sun.javafx.tk.Toolkit::firePulse@34 (line 444)
  0x0000024187fb6244: 3839 5bff 

  0x0000024187fb6248: ;   {other}
  0x0000024187fb6248: 0f1f 8400 | b83b 003b | 4889 6c24 | 6848 8b5c | 2420 488b | 7c24 288b | 7424 304c | 8b6c 2438 
  0x0000024187fb6268: 4c8b f0e9 | 07da ffff | 4889 7c24 | 2048 8b6c 

  0x0000024187fb6278: ;   {metadata('java/util/WeakHashMap$EntrySet')}
  0x0000024187fb6278: 2470 48ba | 6003 2f90 | 4102 0000 

  0x0000024187fb6284: ;   {runtime_call _new_instance_Java}
  0x0000024187fb6284: 6666 90e8 

  0x0000024187fb6288: ; ImmutableOopMap {rbp=Oop [32]=Oop [72]=Oop [104]=Oop [120]=Oop }
                      ;*new {reexecute=0 rethrow=0 return_oop=1}
                      ; - java.util.WeakHashMap::entrySet@14 (line 975)
                      ; - java.util.WeakHashMap::putAll@81 (line 576)
                      ; - com.sun.javafx.tk.Toolkit::firePulse@44 (line 445)
  0x0000024187fb6288: f438 5bff 

  0x0000024187fb628c: ;   {other}
  0x0000024187fb628c: 0f1f 8400 | fc3b 003c | 4889 6c24 | 7048 8b7c | 2420 488b | d8e9 8dd7 | ffff 4889 | 7c24 2048 
  0x0000024187fb62ac: 8b6c 2478 

  0x0000024187fb62b0: ;   {metadata('java/util/WeakHashMap$EntrySet')}
  0x0000024187fb62b0: 48ba 6003 | 2f90 4102 

  0x0000024187fb62b8: ;   {runtime_call _new_instance_Java}
  0x0000024187fb62b8: 0000 90e8 

  0x0000024187fb62bc: ; ImmutableOopMap {rbp=Oop [32]=Oop [72]=Oop [104]=Oop [112]=Oop }
                      ;*new {reexecute=0 rethrow=0 return_oop=1}
                      ; - java.util.WeakHashMap::entrySet@14 (line 975)
                      ; - java.util.WeakHashMap::putAll@81 (line 576)
                      ; - com.sun.javafx.tk.Toolkit::firePulse@54 (line 446)
  0x0000024187fb62bc: c038 5bff 

  0x0000024187fb62c0: ;   {other}
  0x0000024187fb62c0: 0f1f 8400 | 303c 003d | 4889 6c24 | 7848 8b7c | 2420 488b | d8e9 adde | ffff ba5e 

  0x0000024187fb62dc: ;   {runtime_call UncommonTrapBlob}
  0x0000024187fb62dc: ffff ffe8 

  0x0000024187fb62e0: ; ImmutableOopMap {[56]=Oop [72]=Oop [120]=Oop }
                      ;*invokeinterface getKey {reexecute=0 rethrow=0 return_oop=0}
                      ; - com.sun.javafx.tk.Toolkit::firePulse@173 (line 452)
  0x0000024187fb62e0: 1ce3 4eff 

  0x0000024187fb62e4: ;   {other}
  0x0000024187fb62e4: 0f1f 8400 | 543c 003e | 448b d7ba | e4ff ffff | 488b 6c24 | 4889 5c24 | 3844 8954 | 243c 4489 
  0x0000024187fb6304: 4c24 4089 | 7424 4844 | 8b54 2458 | 4489 5424 | 4c44 8944 

  0x0000024187fb6318: ;   {runtime_call UncommonTrapBlob}
  0x0000024187fb6318: 2458 90e8 

  0x0000024187fb631c: ; ImmutableOopMap {rbp=Oop [56]=NarrowOop [72]=NarrowOop [76]=NarrowOop [80]=Oop [88]=NarrowOop [112]=Oop [120]=Oop }
                      ;*aaload {reexecute=0 rethrow=0 return_oop=0}
                      ; - java.util.WeakHashMap$HashIterator::hasNext@38 (line 798)
                      ; - com.sun.javafx.tk.Toolkit::firePulse@88 (line 448)
  0x0000024187fb631c: e0e2 4eff 

  0x0000024187fb6320: ;   {other}
  0x0000024187fb6320: 0f1f 8400 | 903c 003f | 458b d8ba | e4ff ffff | 488b 6c24 | 484c 8b54 | 2468 4c89 | 5424 204c 
  0x0000024187fb6340: 8b54 2478 | 4c89 5424 | 304c 8b54 | 2470 4c89 | 5424 4889 | 7424 5844 | 895c 245c | 897c 2460 
  0x0000024187fb6360: 8944 2468 | 4489 6c24 

  0x0000024187fb6368: ;   {runtime_call UncommonTrapBlob}
  0x0000024187fb6368: 7866 90e8 

  0x0000024187fb636c: ; ImmutableOopMap {rbp=Oop [32]=Oop [48]=Oop [72]=Oop [88]=NarrowOop [104]=NarrowOop [120]=NarrowOop [132]=NarrowOop [136]=Oop }
                      ;*aaload {reexecute=0 rethrow=0 return_oop=0}
                      ; - java.util.WeakHashMap$HashIterator::hasNext@38 (line 798)
                      ; - java.util.WeakHashMap::putAll@93 (line 576)
                      ; - com.sun.javafx.tk.Toolkit::firePulse@44 (line 445)
  0x0000024187fb636c: 90e2 4eff 

  0x0000024187fb6370: ;   {other}
  0x0000024187fb6370: 0f1f 8400 | e03c 0040 | 448b d9ba | e4ff ffff | 488b 6c24 | 484c 8b54 | 2468 4c89 | 5424 204c 
  0x0000024187fb6390: 8b54 2470 | 4c89 5424 | 284c 8b54 | 2478 4c89 | 5424 4889 | 7c24 5844 | 895c 245c | 8974 2460 
  0x0000024187fb63b0: 4489 7424 | 6889 4424 

  0x0000024187fb63b8: ;   {runtime_call UncommonTrapBlob}
  0x0000024187fb63b8: 7866 90e8 

  0x0000024187fb63bc: ; ImmutableOopMap {rbp=Oop [32]=Oop [40]=Oop [72]=Oop [88]=NarrowOop [104]=NarrowOop [120]=NarrowOop [132]=NarrowOop [136]=Oop }
                      ;*aaload {reexecute=0 rethrow=0 return_oop=0}
                      ; - java.util.WeakHashMap$HashIterator::hasNext@38 (line 798)
                      ; - java.util.WeakHashMap::putAll@93 (line 576)
                      ; - com.sun.javafx.tk.Toolkit::firePulse@54 (line 446)
  0x0000024187fb63bc: 40e2 4eff 

  0x0000024187fb63c0: ;   {other}
  0x0000024187fb63c0: 0f1f 8400 | 303d 0041 | 4d8b eb41 | 8bfa 418b | f149 8bd7 | 49ba b022 | 64cd fd7f | 0000 41ff 
  0x0000024187fb63e0: ;   {other}
  0x0000024187fb63e0: d20f 1f84 | 0000 0000 | 0044 8bce | 448b d74d | 8bdd e935 | e5ff ffba | 45ff ffff | 4c8b 4424 
  0x0000024187fb6400: 4849 8be8 | 897c 2430 | 448b 4424 | 5c44 894c | 2438 4489 | 4424 3c4c | 895c 2440 | 4c8b 5c24 
  0x0000024187fb6420: 504c 895c | 2448 4489 | 5424 5048 | 894c 2458 | 4489 7424 

  0x0000024187fb6434: ;   {runtime_call UncommonTrapBlob}
  0x0000024187fb6434: 5466 90e8 

  0x0000024187fb6438: ; ImmutableOopMap {rbp=Oop [64]=Oop [72]=Oop [80]=NarrowOop [84]=NarrowOop [88]=Oop [112]=Oop [120]=Oop }
                      ;*if_icmpeq {reexecute=1 rethrow=0 return_oop=0}
                      ; - (reexecute) java.util.WeakHashMap$HashIterator::nextEntry@11 (line 814)
                      ; - java.util.WeakHashMap$EntryIterator::next@1 (line 854)
                      ; - java.util.WeakHashMap$EntryIterator::next@1 (line 852)
                      ; - com.sun.javafx.tk.Toolkit::firePulse@98 (line 448)
  0x0000024187fb6438: c4e1 4eff 

  0x0000024187fb643c: ;   {other}
  0x0000024187fb643c: 0f1f 8400 | ac3d 0042 | ba45 ffff | ff4c 8b44 | 2448 498b | e844 894c | 2434 4c89 | 5c24 404c 
  0x0000024187fb645c: 8b5c 2450 | 4c89 5c24 | 4844 8954 | 243c 4889 | 4c24 5044 | 8974 2458 

  0x0000024187fb6474: ;   {runtime_call UncommonTrapBlob}
  0x0000024187fb6474: 6666 90e8 

  0x0000024187fb6478: ; ImmutableOopMap {rbp=Oop [60]=NarrowOop [64]=Oop [72]=Oop [80]=Oop [88]=NarrowOop [112]=Oop [120]=Oop }
                      ;*ifnonnull {reexecute=1 rethrow=0 return_oop=0}
                      ; - (reexecute) java.util.WeakHashMap$HashIterator::nextEntry@26 (line 816)
                      ; - java.util.WeakHashMap$EntryIterator::next@1 (line 854)
                      ; - java.util.WeakHashMap$EntryIterator::next@1 (line 852)
                      ; - com.sun.javafx.tk.Toolkit::firePulse@98 (line 448)
  0x0000024187fb6478: 84e1 4eff 

  0x0000024187fb647c: ;   {other}
  0x0000024187fb647c: 0f1f 8400 | ec3d 0043 | ba45 ffff | ff48 8b4c | 2448 4889 | 4c24 4044 | 894c 244c | 8b4c 245c 
  0x0000024187fb649c: 894c 2450 | 4489 4424 | 544c 895c | 2458 4489 | 5424 6044 | 8974 2464 

  0x0000024187fb64b4: ;   {runtime_call UncommonTrapBlob}
  0x0000024187fb64b4: 6666 90e8 

  0x0000024187fb64b8: ; ImmutableOopMap {rbp=NarrowOop [64]=Oop [84]=NarrowOop [88]=Oop [96]=NarrowOop [100]=NarrowOop [112]=Oop [120]=Oop }
                      ;*if_acmpne {reexecute=1 rethrow=0 return_oop=0}
                      ; - (reexecute) java.util.WeakHashMap::unmaskNull@4 (line 284)
                      ; - java.util.WeakHashMap$Entry::getKey@4 (line 731)
                      ; - com.sun.javafx.tk.Toolkit::firePulse@111 (line 449)
  0x0000024187fb64b8: 44e1 4eff 

  0x0000024187fb64bc: ;   {other}
  0x0000024187fb64bc: 0f1f 8400 | 2c3e 0044 | 498b d749 | bab0 2264 | cdfd 7f00 | 0041 ffd2 

  0x0000024187fb64d4: ;   {other}
  0x0000024187fb64d4: 0f1f 8400 | 0000 0000 | e965 ecff | ff44 8bdd | bae4 ffff | ff48 8b6c | 2448 4c8b | 5424 704c 
  0x0000024187fb64f4: 8954 2428 | 4c8b 5424 | 784c 8954 | 2430 4c8b | 5424 684c | 8954 2448 | 895c 2458 | 4489 5c24 
  0x0000024187fb6514: 5c89 7c24 | 6044 896c | 2468 8944 

  0x0000024187fb6520: ;   {runtime_call UncommonTrapBlob}
  0x0000024187fb6520: 2478 90e8 

  0x0000024187fb6524: ; ImmutableOopMap {rbp=Oop [40]=Oop [48]=Oop [72]=Oop [88]=NarrowOop [104]=NarrowOop [120]=NarrowOop [132]=NarrowOop [136]=Oop }
                      ;*aaload {reexecute=0 rethrow=0 return_oop=0}
                      ; - java.util.WeakHashMap$HashIterator::hasNext@38 (line 798)
                      ; - java.util.WeakHashMap::putAll@93 (line 576)
                      ; - com.sun.javafx.tk.Toolkit::firePulse@34 (line 444)
  0x0000024187fb6524: d8e0 4eff 

  0x0000024187fb6528: ;   {other}
  0x0000024187fb6528: 0f1f 8400 | 983e 0045 | ba45 ffff | ff4c 8b5c | 2448 498b | eb89 5c24 | 3089 7c24 | 384c 896c 
  0x0000024187fb6548: 2440 48ff | 7424 5048 | 8f44 2448 | 8974 2450 | 4889 4424 | f88b 4424 | 5889 4424 | 5448 8b44 
  0x0000024187fb6568: 24f8 4489 

  0x0000024187fb656c: ;   {runtime_call UncommonTrapBlob}
  0x0000024187fb656c: 5424 58e8 

  0x0000024187fb6570: ; ImmutableOopMap {rbp=Oop [48]=NarrowOop [64]=Oop [72]=Oop [80]=NarrowOop [84]=NarrowOop [88]=NarrowOop [112]=Oop [120]=Oop }
                      ;*ifnonnull {reexecute=1 rethrow=0 return_oop=0}
                      ; - (reexecute) java.util.WeakHashMap$HashIterator::hasNext@76 (line 806)
                      ; - com.sun.javafx.tk.Toolkit::firePulse@88 (line 448)
  0x0000024187fb6570: 8ce0 4eff 

  0x0000024187fb6574: ;   {other}
  0x0000024187fb6574: 0f1f 8400 | e43e 0046 | 4d8b f04d | 8be9 8bf3 | 418b da49 | 8bc8 498b | d749 bab0 | 2264 cdfd 
  0x0000024187fb6594: 7f00 0041 

  0x0000024187fb6598: ;   {other}
  0x0000024187fb6598: ffd2 0f1f | 8400 0000 | 0000 448b | d38b de4d | 8bcd 4d8b | c6e9 8ad9 | ffff 4889 | 7c24 204c 
  0x0000024187fb65b8: 8be9 458b | f141 8bf2 | 488b 4c24 | 2049 8bd7 | 49ba b022 | 64cd fd7f | 0000 41ff 

  0x0000024187fb65d4: ;   {other}
  0x0000024187fb65d4: d20f 1f84 | 0000 0000 | 0044 8bd6 | 458b ce49 | 8bcd 488b | 7c24 20e9 | 13de ffff | ba45 ffff 
  0x0000024187fb65f4: ff4c 8b5c | 2468 4c89 | 5c24 284c | 8b5c 2478 | 4c89 5c24 | 384c 8b5c | 2470 4c89 | 5c24 5044 
  0x0000024187fb6614: 8944 2458 | 448b 9c24 | 8000 0000 | 4489 5c24 | 604c 894c | 2468 4889 | 4c24 7089 | 5c24 6448 
  0x0000024187fb6634: 897c 2478 | 4489 ac24 | 8000 0000 

  0x0000024187fb6640: ;   {runtime_call UncommonTrapBlob}
  0x0000024187fb6640: 6666 90e8 

  0x0000024187fb6644: ; ImmutableOopMap {[40]=Oop [56]=Oop [72]=Oop [80]=Oop [100]=NarrowOop [104]=Oop [112]=Oop [120]=Oop [128]=NarrowOop }
                      ;*if_icmpeq {reexecute=1 rethrow=0 return_oop=0}
                      ; - (reexecute) java.util.WeakHashMap$HashIterator::nextEntry@11 (line 814)
                      ; - java.util.WeakHashMap$EntryIterator::next@1 (line 854)
                      ; - java.util.WeakHashMap$EntryIterator::next@1 (line 852)
                      ; - java.util.WeakHashMap::putAll@102 (line 576)
                      ; - com.sun.javafx.tk.Toolkit::firePulse@44 (line 445)
  0x0000024187fb6644: b8df 4eff 

  0x0000024187fb6648: ;   {other}
  0x0000024187fb6648: 0f1f 8400 | b83f 0047 | ba45 ffff | ff4c 8b5c | 2468 4c89 | 5c24 284c | 8b5c 2478 | 4c89 5c24 
  0x0000024187fb6668: 384c 8b5c | 2470 4c89 | 5c24 504c | 894c 2460 | 4889 4c24 | 6889 5c24 | 7048 897c | 2478 4489 
  0x0000024187fb6688: ;   {runtime_call UncommonTrapBlob}
  0x0000024187fb6688: 6c24 74e8 

  0x0000024187fb668c: ; ImmutableOopMap {[40]=Oop [56]=Oop [72]=Oop [80]=Oop [96]=Oop [104]=Oop [112]=NarrowOop [116]=NarrowOop [120]=Oop }
                      ;*ifnonnull {reexecute=1 rethrow=0 return_oop=0}
                      ; - (reexecute) java.util.WeakHashMap$HashIterator::nextEntry@26 (line 816)
                      ; - java.util.WeakHashMap$EntryIterator::next@1 (line 854)
                      ; - java.util.WeakHashMap$EntryIterator::next@1 (line 852)
                      ; - java.util.WeakHashMap::putAll@102 (line 576)
                      ; - com.sun.javafx.tk.Toolkit::firePulse@44 (line 445)
  0x0000024187fb668c: 70df 4eff 

  0x0000024187fb6690: ;   {other}
  0x0000024187fb6690: 0f1f 8400 | 0040 0048 | ba45 ffff | ff4c 8b44 | 2468 4c89 | 4424 284c | 8b44 2478 | 4c89 4424 
  0x0000024187fb66b0: 384c 8b44 | 2470 4c89 | 4424 5048 | ff74 2470 | 488f 4424 | 6089 7c24 | 6c48 8944 | 24f8 8b84 
  0x0000024187fb66d0: 2480 0000 | 0089 4424 | 7048 8b44 | 24f8 4489 | 5c24 744c | 894c 2478 | 899c 2480 | 0000 0044 
  0x0000024187fb66f0: 8994 2484 

  0x0000024187fb66f4: ;   {runtime_call UncommonTrapBlob}
  0x0000024187fb66f4: 0000 00e8 

  0x0000024187fb66f8: ; ImmutableOopMap {[40]=Oop [56]=Oop [72]=Oop [80]=Oop [96]=Oop [108]=NarrowOop [116]=NarrowOop [120]=Oop [128]=NarrowOop [132]=NarrowOop }
                      ;*if_acmpne {reexecute=1 rethrow=0 return_oop=0}
                      ; - (reexecute) java.util.WeakHashMap::unmaskNull@4 (line 284)
                      ; - java.util.WeakHashMap$Entry::getKey@4 (line 731)
                      ; - java.util.WeakHashMap::putAll@115 (line 577)
                      ; - com.sun.javafx.tk.Toolkit::firePulse@44 (line 445)
  0x0000024187fb66f8: 04df 4eff 

  0x0000024187fb66fc: ;   {other}
  0x0000024187fb66fc: 0f1f 8400 | 6c40 0049 | ba45 ffff | ff4c 8b5c | 2468 4c89 | 5c24 284c | 8b5c 2470 | 4c89 5c24 
  0x0000024187fb671c: 304c 8b5c | 2478 4c89 | 5c24 5044 | 8944 2458 | 448b 9c24 | 8000 0000 | 4489 5c24 | 6048 894c 
  0x0000024187fb673c: 2468 4889 | 7c24 7044 | 894c 2464 | 4889 5c24 | 7844 89ac | 2480 0000 

  0x0000024187fb6754: ;   {runtime_call UncommonTrapBlob}
  0x0000024187fb6754: 0066 90e8 

  0x0000024187fb6758: ; ImmutableOopMap {[40]=Oop [48]=Oop [72]=Oop [80]=Oop [100]=NarrowOop [104]=Oop [112]=Oop [120]=Oop [128]=NarrowOop }
                      ;*if_icmpeq {reexecute=1 rethrow=0 return_oop=0}
                      ; - (reexecute) java.util.WeakHashMap$HashIterator::nextEntry@11 (line 814)
                      ; - java.util.WeakHashMap$EntryIterator::next@1 (line 854)
                      ; - java.util.WeakHashMap$EntryIterator::next@1 (line 852)
                      ; - java.util.WeakHashMap::putAll@102 (line 576)
                      ; - com.sun.javafx.tk.Toolkit::firePulse@54 (line 446)
  0x0000024187fb6758: a4de 4eff 

  0x0000024187fb675c: ;   {other}
  0x0000024187fb675c: 0f1f 8400 | cc40 004a | ba45 ffff | ff4c 8b5c | 2468 4c89 | 5c24 284c | 8b5c 2470 | 4c89 5c24 
  0x0000024187fb677c: 304c 8b5c | 2478 4c89 | 5c24 5048 | 894c 2460 | 4889 7c24 | 6844 894c | 2470 4889 | 5c24 7844 
  0x0000024187fb679c: 896c 2474 

  0x0000024187fb67a0: ;   {runtime_call UncommonTrapBlob}
  0x0000024187fb67a0: 6666 90e8 

  0x0000024187fb67a4: ; ImmutableOopMap {[40]=Oop [48]=Oop [72]=Oop [80]=Oop [96]=Oop [104]=Oop [112]=NarrowOop [116]=NarrowOop [120]=Oop }
                      ;*ifnonnull {reexecute=1 rethrow=0 return_oop=0}
                      ; - (reexecute) java.util.WeakHashMap$HashIterator::nextEntry@26 (line 816)
                      ; - java.util.WeakHashMap$EntryIterator::next@1 (line 854)
                      ; - java.util.WeakHashMap$EntryIterator::next@1 (line 852)
                      ; - java.util.WeakHashMap::putAll@102 (line 576)
                      ; - com.sun.javafx.tk.Toolkit::firePulse@54 (line 446)
  0x0000024187fb67a4: 58de 4eff 

  0x0000024187fb67a8: ;   {other}
  0x0000024187fb67a8: 0f1f 8400 | 1841 004b | ba45 ffff | ff4c 8b5c | 2468 4c89 | 5c24 284c | 8b5c 2470 | 4c89 5c24 
  0x0000024187fb67c8: 304c 8b5c | 2478 4c89 | 5c24 5048 | ff74 2478 | 488f 4424 | 6089 5c24 | 6c48 8944 | 24f8 8b84 
  0x0000024187fb67e8: 2480 0000 | 0089 4424 | 7048 8b44 | 24f8 4489 | 4424 7448 | 894c 2478 | 4489 8c24 | 8000 0000 
  0x0000024187fb6808: 4489 9424 | 8400 0000 

  0x0000024187fb6810: ;   {runtime_call UncommonTrapBlob}
  0x0000024187fb6810: 6666 90e8 

  0x0000024187fb6814: ; ImmutableOopMap {[40]=Oop [48]=Oop [72]=Oop [80]=Oop [96]=Oop [108]=NarrowOop [116]=NarrowOop [120]=Oop [128]=NarrowOop [132]=NarrowOop }
                      ;*if_acmpne {reexecute=1 rethrow=0 return_oop=0}
                      ; - (reexecute) java.util.WeakHashMap::unmaskNull@4 (line 284)
                      ; - java.util.WeakHashMap$Entry::getKey@4 (line 731)
                      ; - java.util.WeakHashMap::putAll@115 (line 577)
                      ; - com.sun.javafx.tk.Toolkit::firePulse@54 (line 446)
  0x0000024187fb6814: e8dd 4eff 

  0x0000024187fb6818: ;   {other}
  0x0000024187fb6818: 0f1f 8400 | 8841 004c | 498b d749 | bab0 2264 | cdfd 7f00 | 0041 ffd2 

  0x0000024187fb6830: ;   {other}
  0x0000024187fb6830: 0f1f 8400 | 0000 0000 | e99f e9ff | ff49 8bd7 | 49ba b022 | 64cd fd7f | 0000 41ff 

  0x0000024187fb684c: ;   {other}
  0x0000024187fb684c: d20f 1f84 | 0000 0000 | 00e9 bde9 | ffff ba45 | ffff ff4c | 8b5c 2468 | 4c89 5c24 | 284c 8b5c 
  0x0000024187fb686c: 2478 4c89 | 5c24 384c | 8b5c 2470 | 4c89 5c24 | 5089 7424 | 5848 897c | 2468 895c | 2464 4489 
  0x0000024187fb688c: ;   {runtime_call UncommonTrapBlob}
  0x0000024187fb688c: 5424 7ce8 

  0x0000024187fb6890: ; ImmutableOopMap {[40]=Oop [56]=Oop [72]=Oop [80]=Oop [88]=NarrowOop [100]=NarrowOop [104]=Oop [124]=NarrowOop [132]=NarrowOop [136]=Oop }
                      ;*ifnonnull {reexecute=1 rethrow=0 return_oop=0}
                      ; - (reexecute) java.util.WeakHashMap$HashIterator::hasNext@76 (line 806)
                      ; - java.util.WeakHashMap::putAll@93 (line 576)
                      ; - com.sun.javafx.tk.Toolkit::firePulse@44 (line 445)
  0x0000024187fb6890: 6cdd 4eff 

  0x0000024187fb6894: ;   {other}
  0x0000024187fb6894: 0f1f 8400 | 0442 004d | ba45 ffff | ff4c 8b5c | 2468 4c89 | 5c24 284c | 8b5c 2470 | 4c89 5c24 
  0x0000024187fb68b4: 304c 8b5c | 2478 4c89 | 5c24 5089 | 7c24 5848 | 8974 2468 | 895c 2464 | 4489 5424 

  0x0000024187fb68d0: ;   {runtime_call UncommonTrapBlob}
  0x0000024187fb68d0: 7c66 90e8 

  0x0000024187fb68d4: ; ImmutableOopMap {[40]=Oop [48]=Oop [72]=Oop [80]=Oop [88]=NarrowOop [100]=NarrowOop [104]=Oop [124]=NarrowOop [132]=NarrowOop [136]=Oop }
                      ;*ifnonnull {reexecute=1 rethrow=0 return_oop=0}
                      ; - (reexecute) java.util.WeakHashMap$HashIterator::hasNext@76 (line 806)
                      ; - java.util.WeakHashMap::putAll@93 (line 576)
                      ; - com.sun.javafx.tk.Toolkit::firePulse@54 (line 446)
  0x0000024187fb68d4: 28dd 4eff 

  0x0000024187fb68d8: ;   {other}
  0x0000024187fb68d8: 0f1f 8400 | 4842 004e | 4889 4c24 | 384c 8944 | 2428 4489 | 4c24 2045 | 8bf3 498b | d749 bab0 
  0x0000024187fb68f8: 2264 cdfd | 7f00 0041 

  0x0000024187fb6900: ;   {other}
  0x0000024187fb6900: ffd2 0f1f | 8400 0000 | 0000 458b | de44 8b4c | 2420 4c8b | 4424 2848 | 8b4c 2438 | e9ba ceff 
  0x0000024187fb6920: ffba 45ff | ffff 48ff | 7424 7048 | 8f44 2430 | 48ff 7424 | 7848 8f44 | 2438 48ff | 7424 6848 
  0x0000024187fb6940: 8f44 2450 | 4489 5424 | 588b bc24 | 8000 0000 | 4489 5c24 | 6089 7c24 | 644c 8944 | 2468 4889 
  0x0000024187fb6960: 4c24 7044 | 894c 2478 | 4889 9c24 | 8000 0000 

  0x0000024187fb6970: ;   {runtime_call UncommonTrapBlob}
  0x0000024187fb6970: 6666 90e8 

  0x0000024187fb6974: ; ImmutableOopMap {rbp=NarrowOop [48]=Oop [56]=Oop [72]=Oop [80]=Oop [104]=Oop [112]=Oop [120]=NarrowOop [128]=Oop }
                      ;*if_icmpeq {reexecute=1 rethrow=0 return_oop=0}
                      ; - (reexecute) java.util.WeakHashMap$HashIterator::nextEntry@11 (line 814)
                      ; - java.util.WeakHashMap$EntryIterator::next@1 (line 854)
                      ; - java.util.WeakHashMap$EntryIterator::next@1 (line 852)
                      ; - java.util.WeakHashMap::putAll@102 (line 576)
                      ; - com.sun.javafx.tk.Toolkit::firePulse@34 (line 444)
  0x0000024187fb6974: 88dc 4eff 

  0x0000024187fb6978: ;   {other}
  0x0000024187fb6978: 0f1f 8400 | e842 004f | ba45 ffff | ff48 ff74 | 2470 488f | 4424 3048 | ff74 2478 | 488f 4424 
  0x0000024187fb6998: 3848 ff74 | 2468 488f | 4424 5044 | 895c 245c | 4c89 4424 | 6848 894c | 2470 4489 | 4c24 6448 
  0x0000024187fb69b8: 895c 2478 

  0x0000024187fb69bc: ;   {runtime_call UncommonTrapBlob}
  0x0000024187fb69bc: 6666 90e8 

  0x0000024187fb69c0: ; ImmutableOopMap {rbp=NarrowOop [48]=Oop [56]=Oop [72]=Oop [80]=Oop [100]=NarrowOop [104]=Oop [112]=Oop [120]=Oop }
                      ;*ifnonnull {reexecute=1 rethrow=0 return_oop=0}
                      ; - (reexecute) java.util.WeakHashMap$HashIterator::nextEntry@26 (line 816)
                      ; - java.util.WeakHashMap$EntryIterator::next@1 (line 854)
                      ; - java.util.WeakHashMap$EntryIterator::next@1 (line 852)
                      ; - java.util.WeakHashMap::putAll@102 (line 576)
                      ; - com.sun.javafx.tk.Toolkit::firePulse@34 (line 444)
  0x0000024187fb69c0: 3cdc 4eff 

  0x0000024187fb69c4: ;   {other}
  0x0000024187fb69c4: 0f1f 8400 | 3443 0050 | ba45 ffff | ff48 ff74 | 2470 488f | 4424 3048 | ff74 2478 | 488f 4424 
  0x0000024187fb69e4: 3848 ff74 | 2468 488f | 4424 5048 | 8b4c 2468 | 4889 4c24 | 6089 7c24 | 6c44 895c | 2470 4889 
  0x0000024187fb6a04: 4424 f88b | 8424 8000 | 0000 8944 | 2474 488b | 4424 f844 | 8954 2478 | 4c89 8424 | 8000 0000 
  0x0000024187fb6a24: 4489 4c24 

  0x0000024187fb6a28: ;   {runtime_call UncommonTrapBlob}
  0x0000024187fb6a28: 7c66 90e8 

  0x0000024187fb6a2c: ; ImmutableOopMap {rbp=NarrowOop [48]=Oop [56]=Oop [72]=Oop [80]=Oop [96]=Oop [108]=NarrowOop [120]=NarrowOop [124]=NarrowOop [128]=Oop }
                      ;*if_acmpne {reexecute=1 rethrow=0 return_oop=0}
                      ; - (reexecute) java.util.WeakHashMap::unmaskNull@4 (line 284)
                      ; - java.util.WeakHashMap$Entry::getKey@4 (line 731)
                      ; - java.util.WeakHashMap::putAll@115 (line 577)
                      ; - com.sun.javafx.tk.Toolkit::firePulse@34 (line 444)
  0x0000024187fb6a2c: d0db 4eff 

  0x0000024187fb6a30: ;   {other}
  0x0000024187fb6a30: 0f1f 8400 | a043 0051 | 498b d749 | bab0 2264 | cdfd 7f00 | 0041 ffd2 

  0x0000024187fb6a48: ;   {other}
  0x0000024187fb6a48: 0f1f 8400 | 0000 0000 | e92d cdff | ffba 45ff | ffff 4c8b | 5424 704c | 8954 2430 | 4c8b 5424 
  0x0000024187fb6a68: 784c 8954 | 2438 4c8b | 5424 684c | 8954 2450 | 895c 2458 | 4889 7424 | 6889 7c24 

  0x0000024187fb6a84: ;   {runtime_call UncommonTrapBlob}
  0x0000024187fb6a84: 7866 90e8 

  0x0000024187fb6a88: ; ImmutableOopMap {rbp=NarrowOop [48]=Oop [56]=Oop [72]=Oop [80]=Oop [88]=NarrowOop [104]=Oop [120]=NarrowOop [132]=NarrowOop [136]=Oop }
                      ;*ifnonnull {reexecute=1 rethrow=0 return_oop=0}
                      ; - (reexecute) java.util.WeakHashMap$HashIterator::hasNext@76 (line 806)
                      ; - java.util.WeakHashMap::putAll@93 (line 576)
                      ; - com.sun.javafx.tk.Toolkit::firePulse@34 (line 444)
  0x0000024187fb6a88: 74db 4eff 

  0x0000024187fb6a8c: ;   {other}
  0x0000024187fb6a8c: 0f1f 8400 | fc43 0052 | bae4 ffff | ff48 ff74 | 2448 488f | 4424 2044 | 895c 2440 | 4489 4c24 
  0x0000024187fb6aac: 4444 8974 

  0x0000024187fb6ab0: ;   {runtime_call UncommonTrapBlob}
  0x0000024187fb6ab0: 244c 90e8 

  0x0000024187fb6ab4: ; ImmutableOopMap {rbp=NarrowOop [32]=Oop [76]=NarrowOop [112]=Oop [120]=Oop }
                      ;*aaload {reexecute=0 rethrow=0 return_oop=0}
                      ; - java.util.WeakHashMap$HashIterator::hasNext@38 (line 798)
                      ; - com.sun.javafx.tk.Toolkit::firePulse@88 (line 448)
  0x0000024187fb6ab4: 48db 4eff 

  0x0000024187fb6ab8: ;   {other}
  0x0000024187fb6ab8: 0f1f 8400 | 2844 0053 | baf6 ffff | ff48 8b6c 

  0x0000024187fb6ac8: ;   {runtime_call UncommonTrapBlob}
  0x0000024187fb6ac8: 2448 90e8 

  0x0000024187fb6acc: ; ImmutableOopMap {rbp=Oop [104]=Oop }
                      ;*invokevirtual newCondition {reexecute=0 rethrow=0 return_oop=0}
                      ; - java.util.concurrent.locks.ReentrantLock::newCondition@4 (line 537)
                      ; - java.lang.ref.ReferenceQueue::<init>@25 (line 79)
                      ; - java.util.WeakHashMap::<init>@9 (line 179)
                      ; - java.util.WeakHashMap::<init>@5 (line 246)
                      ; - com.sun.javafx.tk.Toolkit::firePulse@4 (line 434)
  0x0000024187fb6acc: 30db 4eff 

  0x0000024187fb6ad0: ;   {other}
  0x0000024187fb6ad0: 0f1f 8400 | 4044 0054 | baf6 ffff | ff48 8b6c 

  0x0000024187fb6ae0: ;   {runtime_call UncommonTrapBlob}
  0x0000024187fb6ae0: 2448 90e8 

  0x0000024187fb6ae4: ; ImmutableOopMap {rbp=Oop [104]=Oop [112]=Oop }
                      ;*invokevirtual newCondition {reexecute=0 rethrow=0 return_oop=0}
                      ; - java.util.concurrent.locks.ReentrantLock::newCondition@4 (line 537)
                      ; - java.lang.ref.ReferenceQueue::<init>@25 (line 79)
                      ; - java.util.WeakHashMap::<init>@9 (line 179)
                      ; - java.util.WeakHashMap::<init>@5 (line 246)
                      ; - com.sun.javafx.tk.Toolkit::firePulse@12 (line 437)
  0x0000024187fb6ae4: 18db 4eff 

  0x0000024187fb6ae8: ;   {other}
  0x0000024187fb6ae8: 0f1f 8400 | 5844 0055 | baf6 ffff | ff48 8b6c 

  0x0000024187fb6af8: ;   {runtime_call UncommonTrapBlob}
  0x0000024187fb6af8: 2448 90e8 

  0x0000024187fb6afc: ; ImmutableOopMap {rbp=Oop [104]=Oop [112]=Oop [120]=Oop }
                      ;*invokevirtual newCondition {reexecute=0 rethrow=0 return_oop=0}
                      ; - java.util.concurrent.locks.ReentrantLock::newCondition@4 (line 537)
                      ; - java.lang.ref.ReferenceQueue::<init>@25 (line 79)
                      ; - java.util.WeakHashMap::<init>@9 (line 179)
                      ; - java.util.WeakHashMap::<init>@5 (line 246)
                      ; - com.sun.javafx.tk.Toolkit::firePulse@20 (line 440)
  0x0000024187fb6afc: 00db 4eff 

  0x0000024187fb6b00: ;   {other}
  0x0000024187fb6b00: 0f1f 8400 | 7044 0056 | 498b d34c | 8d84 2490 | 0000 0048 | 8954 2438 | 4889 5424 

  0x0000024187fb6b1c: ;   {runtime_call _complete_monitor_locking_Java}
  0x0000024187fb6b1c: 4066 90e8 

  0x0000024187fb6b20: ; ImmutableOopMap {[56]=Oop [64]=Oop [72]=Oop [104]=Oop [112]=Oop [120]=Oop }
                      ;*monitorenter {reexecute=0 rethrow=0 return_oop=0}
                      ; - com.sun.javafx.tk.Toolkit::firePulse@28 (line 443)
  0x0000024187fb6b20: dc4e 5bff 

  0x0000024187fb6b24: ;   {other}
  0x0000024187fb6b24: 0f1f 8400 | 9444 0057 | e9ad cbff | ffba deff | ffff 488b | 6c24 4844 | 8954 2454 

  0x0000024187fb6b40: ;   {runtime_call UncommonTrapBlob}
  0x0000024187fb6b40: 6666 90e8 

  0x0000024187fb6b44: ; ImmutableOopMap {rbp=Oop [84]=NarrowOop [104]=Oop [112]=Oop [120]=Oop }
                      ;*invokeinterface size {reexecute=0 rethrow=0 return_oop=0}
                      ; - java.util.WeakHashMap::putAll@1 (line 552)
                      ; - com.sun.javafx.tk.Toolkit::firePulse@34 (line 444)
  0x0000024187fb6b44: b8da 4eff 

  0x0000024187fb6b48: ;   {other}
  0x0000024187fb6b48: 0f1f 8400 | b844 0058 | bade ffff | ff48 ff74 | 2448 488f | 4424 3848 | ff74 2448 | 488f 4424 
  0x0000024187fb6b68: 4044 8954 

  0x0000024187fb6b6c: ;   {runtime_call UncommonTrapBlob}
  0x0000024187fb6b6c: 2454 90e8 

  0x0000024187fb6b70: ; ImmutableOopMap {[56]=Oop [64]=Oop [84]=NarrowOop [104]=Oop [112]=Oop [120]=Oop }
                      ;*invokeinterface size {reexecute=0 rethrow=0 return_oop=0}
                      ; - java.util.WeakHashMap::putAll@1 (line 552)
                      ; - com.sun.javafx.tk.Toolkit::firePulse@44 (line 445)
  0x0000024187fb6b70: 8cda 4eff 

  0x0000024187fb6b74: ;   {other}
  0x0000024187fb6b74: 0f1f 8400 | e444 0059 | bade ffff | ff48 ff74 | 2448 488f | 4424 3848 | ff74 2448 | 488f 4424 
  0x0000024187fb6b94: 4044 8954 

  0x0000024187fb6b98: ;   {runtime_call UncommonTrapBlob}
  0x0000024187fb6b98: 2454 90e8 

  0x0000024187fb6b9c: ; ImmutableOopMap {[56]=Oop [64]=Oop [84]=NarrowOop [104]=Oop [112]=Oop [120]=Oop }
                      ;*invokeinterface size {reexecute=0 rethrow=0 return_oop=0}
                      ; - java.util.WeakHashMap::putAll@1 (line 552)
                      ; - com.sun.javafx.tk.Toolkit::firePulse@54 (line 446)
  0x0000024187fb6b9c: 60da 4eff 

  0x0000024187fb6ba0: ;   {other}
  0x0000024187fb6ba0: 0f1f 8400 | 1045 005a | bade ffff | ff48 897c 

  0x0000024187fb6bb0: ;   {runtime_call UncommonTrapBlob}
  0x0000024187fb6bb0: 2430 90e8 

  0x0000024187fb6bb4: ; ImmutableOopMap {[48]=Oop [72]=Oop [112]=Oop [120]=Oop }
                      ;*invokeinterface iterator {reexecute=0 rethrow=0 return_oop=0}
                      ; - com.sun.javafx.tk.Toolkit::firePulse@79 (line 448)
  0x0000024187fb6bb4: 48da 4eff 

  0x0000024187fb6bb8: ;   {other}
  0x0000024187fb6bb8: 0f1f 8400 | 2845 005b | 488b 4c24 | 4848 8d94 | 2490 0000 | 004d 8bc7 | 49ba 50d9 | a4cd fd7f 
  0x0000024187fb6bd8: 0000 41ff 

  0x0000024187fb6bdc: ;   {other}
  0x0000024187fb6bdc: d20f 1f84 | 0000 0000 | 00e9 3dda | ffff bade | ffff ff48 | 897c 2428 

  0x0000024187fb6bf4: ;   {runtime_call UncommonTrapBlob}
  0x0000024187fb6bf4: 6666 90e8 

  0x0000024187fb6bf8: ; ImmutableOopMap {[40]=Oop [72]=Oop [120]=Oop }
                      ;*invokeinterface iterator {reexecute=0 rethrow=0 return_oop=0}
                      ; - com.sun.javafx.tk.Toolkit::firePulse@141 (line 451)
  0x0000024187fb6bf8: 04da 4eff 

  0x0000024187fb6bfc: ;   {other}
  0x0000024187fb6bfc: 0f1f 8400 | 6c45 005c | bade ffff | ff48 8944 

  0x0000024187fb6c0c: ;   {runtime_call UncommonTrapBlob}
  0x0000024187fb6c0c: 2420 90e8 

  0x0000024187fb6c10: ; ImmutableOopMap {[32]=Oop [72]=Oop }
                      ;*invokeinterface iterator {reexecute=0 rethrow=0 return_oop=0}
                      ; - com.sun.javafx.tk.Toolkit::firePulse@203 (line 454)
  0x0000024187fb6c10: ecd9 4eff 

  0x0000024187fb6c14: ;   {other}
  0x0000024187fb6c14: 0f1f 8400 | 8445 005d | bade ffff | ff48 8944 

  0x0000024187fb6c24: ;   {runtime_call UncommonTrapBlob}
  0x0000024187fb6c24: 2428 90e8 

  0x0000024187fb6c28: ; ImmutableOopMap {[40]=Oop [72]=Oop }
                      ;*invokeinterface hasNext {reexecute=0 rethrow=0 return_oop=0}
                      ; - com.sun.javafx.tk.Toolkit::firePulse@212 (line 454)
  0x0000024187fb6c28: d4d9 4eff 

  0x0000024187fb6c2c: ;   {other}
  0x0000024187fb6c2c: 0f1f 8400 | 9c45 005e | 418b dd44 | 8b8c 2480 | 0000 00ba | e4ff ffff | 4c8b 5c24 | 4849 8beb 
  0x0000024187fb6c4c: 4c8b 5c24 | 684c 895c | 2420 8974 | 2458 4489 | 4424 5c44 | 8954 2460 | 4489 4c24 | 6489 5c24 
  0x0000024187fb6c6c: ;   {runtime_call UncommonTrapBlob}
  0x0000024187fb6c6c: 6866 90e8 

  0x0000024187fb6c70: ; ImmutableOopMap {rbp=Oop [32]=Oop [88]=NarrowOop [104]=NarrowOop [112]=Oop [120]=Oop }
                      ;*aaload {reexecute=0 rethrow=0 return_oop=0}
                      ; - java.util.WeakHashMap$HashIterator::hasNext@38 (line 798)
                      ; - java.util.WeakHashMap::putAll@93 (line 576)
                      ; - com.sun.javafx.tk.Toolkit::firePulse@44 (line 445)
  0x0000024187fb6c70: 8cd9 4eff 

  0x0000024187fb6c74: ;   {other}
  0x0000024187fb6c74: 0f1f 8400 | e445 005f | 418b dd44 | 8b8c 2480 | 0000 00ba | e4ff ffff | 488b 6c24 | 484c 8b44 
  0x0000024187fb6c94: 2468 4c89 | 4424 2089 | 7c24 5844 | 895c 245c | 4489 5424 | 6044 894c | 2464 895c 

  0x0000024187fb6cb0: ;   {runtime_call UncommonTrapBlob}
  0x0000024187fb6cb0: 2468 90e8 

  0x0000024187fb6cb4: ; ImmutableOopMap {rbp=Oop [32]=Oop [88]=NarrowOop [104]=NarrowOop [112]=Oop [120]=Oop }
                      ;*aaload {reexecute=0 rethrow=0 return_oop=0}
                      ; - java.util.WeakHashMap$HashIterator::hasNext@38 (line 798)
                      ; - java.util.WeakHashMap::putAll@93 (line 576)
                      ; - com.sun.javafx.tk.Toolkit::firePulse@54 (line 446)
  0x0000024187fb6cb4: 48d9 4eff 

  0x0000024187fb6cb8: ;   {other}
  0x0000024187fb6cb8: 0f1f 8400 | 2846 0060 | 418b c3e9 | 7edb ffff | bae4 ffff | ff48 ff74 | 2448 488f | 4424 204c 
  0x0000024187fb6cd8: 8b5c 2468 | 4c89 5c24 | 5089 7c24 | 6044 8954 | 2464 4489 

  0x0000024187fb6cec: ;   {runtime_call UncommonTrapBlob}
  0x0000024187fb6cec: 4424 68e8 

  0x0000024187fb6cf0: ; ImmutableOopMap {rbp=NarrowOop [32]=Oop [80]=Oop [96]=NarrowOop [112]=Oop [120]=Oop }
                      ;*aaload {reexecute=0 rethrow=0 return_oop=0}
                      ; - java.util.WeakHashMap$HashIterator::hasNext@38 (line 798)
                      ; - java.util.WeakHashMap::putAll@93 (line 576)
                      ; - com.sun.javafx.tk.Toolkit::firePulse@34 (line 444)
  0x0000024187fb6cf0: 0cd9 4eff 

  0x0000024187fb6cf4: ;   {other}
  0x0000024187fb6cf4: 0f1f 8400 | 6446 0061 | bade ffff | ff48 8b6c | 2448 4c89 

  0x0000024187fb6d08: ;   {runtime_call UncommonTrapBlob}
  0x0000024187fb6d08: 7424 50e8 

  0x0000024187fb6d0c: ; ImmutableOopMap {rbp=Oop [80]=Oop [104]=Oop [112]=Oop [120]=Oop }
                      ;*invokeinterface iterator {reexecute=0 rethrow=0 return_oop=0}
                      ; - java.util.WeakHashMap::putAll@86 (line 576)
                      ; - com.sun.javafx.tk.Toolkit::firePulse@34 (line 444)
  0x0000024187fb6d0c: f0d8 4eff 

  0x0000024187fb6d10: ;   {other}
  0x0000024187fb6d10: 0f1f 8400 | 8046 0062 | bade ffff | ff48 8b6c | 2448 4889 

  0x0000024187fb6d24: ;   {runtime_call UncommonTrapBlob}
  0x0000024187fb6d24: 5c24 50e8 

  0x0000024187fb6d28: ; ImmutableOopMap {rbp=Oop [80]=Oop [104]=Oop [112]=Oop [120]=Oop }
                      ;*invokeinterface iterator {reexecute=0 rethrow=0 return_oop=0}
                      ; - java.util.WeakHashMap::putAll@86 (line 576)
                      ; - com.sun.javafx.tk.Toolkit::firePulse@44 (line 445)
  0x0000024187fb6d28: d4d8 4eff 

  0x0000024187fb6d2c: ;   {other}
  0x0000024187fb6d2c: 0f1f 8400 | 9c46 0063 | bade ffff | ff48 8b6c | 2448 4889 

  0x0000024187fb6d40: ;   {runtime_call UncommonTrapBlob}
  0x0000024187fb6d40: 5c24 50e8 

  0x0000024187fb6d44: ; ImmutableOopMap {rbp=Oop [80]=Oop [104]=Oop [112]=Oop [120]=Oop }
                      ;*invokeinterface iterator {reexecute=0 rethrow=0 return_oop=0}
                      ; - java.util.WeakHashMap::putAll@86 (line 576)
                      ; - com.sun.javafx.tk.Toolkit::firePulse@54 (line 446)
  0x0000024187fb6d44: b8d8 4eff 

  0x0000024187fb6d48: ;   {other}
  0x0000024187fb6d48: 0f1f 8400 | b846 0064 | 498b d749 | bab0 2264 | cdfd 7f00 | 0041 ffd2 

  0x0000024187fb6d60: ;   {other}
  0x0000024187fb6d60: 0f1f 8400 | 0000 0000 | e9b5 c0ff | ff49 8bd7 | 49ba b022 | 64cd fd7f | 0000 41ff 

  0x0000024187fb6d7c: ;   {other}
  0x0000024187fb6d7c: d20f 1f84 | 0000 0000 | 00e9 69c1 | ffff 498b | d749 bab0 | 2264 cdfd | 7f00 0041 

  0x0000024187fb6d98: ;   {other}
  0x0000024187fb6d98: ffd2 0f1f | 8400 0000 | 0000 e905 | c2ff ff49 | 8bd7 49ba | b022 64cd | fd7f 0000 

  0x0000024187fb6db4: ;   {other}
  0x0000024187fb6db4: 41ff d20f | 1f84 0000 | 0000 00e9 | 99c3 ffff | 498b d749 | bab0 2264 | cdfd 7f00 | 0041 ffd2 
  0x0000024187fb6dd4: ;   {other}
  0x0000024187fb6dd4: 0f1f 8400 | 0000 0000 | e9c9 c0ff | ff49 8bd7 | 49ba b022 | 64cd fd7f | 0000 41ff 

  0x0000024187fb6df0: ;   {other}
  0x0000024187fb6df0: d20f 1f84 | 0000 0000 | 00e9 95c6 | ffff 498b | d749 bab0 | 2264 cdfd | 7f00 0041 

  0x0000024187fb6e0c: ;   {other}
  0x0000024187fb6e0c: ffd2 0f1f | 8400 0000 | 0000 e9ca | c3ff ff49 | 8bd7 49ba | b022 64cd | fd7f 0000 

  0x0000024187fb6e28: ;   {other}
  0x0000024187fb6e28: 41ff d20f | 1f84 0000 | 0000 00e9 | afc4 ffff | 498b d749 | bab0 2264 | cdfd 7f00 | 0041 ffd2 
  0x0000024187fb6e48: ;   {other}
  0x0000024187fb6e48: 0f1f 8400 | 0000 0000 | e9d9 c3ff | ff49 8bd7 | 49ba b022 | 64cd fd7f | 0000 41ff 

  0x0000024187fb6e64: ;   {other}
  0x0000024187fb6e64: d20f 1f84 | 0000 0000 | 00e9 a9c6 | ffff 498b | d749 bab0 | 2264 cdfd | 7f00 0041 

  0x0000024187fb6e80: ;   {other}
  0x0000024187fb6e80: ffd2 0f1f | 8400 0000 | 0000 e9d5 | c6ff ff49 | 8bd7 49ba | b022 64cd | fd7f 0000 

  0x0000024187fb6e9c: ;   {other}
  0x0000024187fb6e9c: 41ff d20f | 1f84 0000 | 0000 00e9 | 71c7 ffff | ba45 ffff | ff89 4424 

  0x0000024187fb6eb4: ;   {runtime_call UncommonTrapBlob}
  0x0000024187fb6eb4: 2866 90e8 

  0x0000024187fb6eb8: ; ImmutableOopMap {rbp=Oop [72]=Oop }
                      ;*ifeq {reexecute=1 rethrow=0 return_oop=0}
                      ; - (reexecute) com.sun.javafx.tk.Toolkit::firePulse@217 (line 454)
  0x0000024187fb6eb8: 44d7 4eff 

  0x0000024187fb6ebc: ;   {other}
  0x0000024187fb6ebc: 0f1f 8400 | 2c48 0065 | ba45 ffff | ff44 8954 

  0x0000024187fb6ecc: ;   {runtime_call UncommonTrapBlob}
  0x0000024187fb6ecc: 2420 90e8 

  0x0000024187fb6ed0: ; ImmutableOopMap {[32]=NarrowOop [72]=Oop }
                      ;*ifnull {reexecute=1 rethrow=0 return_oop=0}
                      ; - (reexecute) com.sun.javafx.tk.Toolkit::firePulse@263 (line 458)
  0x0000024187fb6ed0: 2cd7 4eff 

  0x0000024187fb6ed4: ;   {other}
  0x0000024187fb6ed4: 0f1f 8400 | 4448 0066 | 458b ea41 | 8bf9 498b | d749 bab0 | 2264 cdfd | 7f00 0041 

  0x0000024187fb6ef0: ;   {other}
  0x0000024187fb6ef0: ffd2 0f1f | 8400 0000 | 0000 e93c | ebff ffba | 45ff ffff | 48ff 7424 | 4848 8f44 | 2420 4489 
  0x0000024187fb6f10: 4c24 3c89 | 5c24 4444 | 8954 2448 | 4489 7424 

  0x0000024187fb6f20: ;   {runtime_call UncommonTrapBlob}
  0x0000024187fb6f20: 4c66 90e8 

  0x0000024187fb6f24: ; ImmutableOopMap {rbp=NarrowOop [32]=Oop [68]=NarrowOop [72]=NarrowOop [76]=NarrowOop [112]=Oop [120]=Oop }
                      ;*ifnonnull {reexecute=1 rethrow=0 return_oop=0}
                      ; - (reexecute) java.util.WeakHashMap$HashIterator::hasNext@76 (line 806)
                      ; - com.sun.javafx.tk.Toolkit::firePulse@88 (line 448)
  0x0000024187fb6f24: d8d6 4eff 

  0x0000024187fb6f28: ;   {other}
  0x0000024187fb6f28: 0f1f 8400 | 9848 0067 | 418b e8e9 | 9ecc ffff | 418b ebe9 | d9d3 ffff | 498b d749 | bab0 2264 
  0x0000024187fb6f48: cdfd 7f00 | 0041 ffd2 

  0x0000024187fb6f50: ;   {other}
  0x0000024187fb6f50: 0f1f 8400 | 0000 0000 | e931 d7ff | ff49 8bd7 | 49ba b022 | 64cd fd7f | 0000 41ff 

  0x0000024187fb6f6c: ;   {other}
  0x0000024187fb6f6c: d20f 1f84 | 0000 0000 | 00e9 f3db | ffff 448b | f349 8bd7 | 49ba b022 | 64cd fd7f | 0000 41ff 
  0x0000024187fb6f8c: ;   {other}
  0x0000024187fb6f8c: d20f 1f84 | 0000 0000 | 0041 8bde | e90f cfff | ff41 8bf1 | 498b d749 | bab0 2264 | cdfd 7f00 
  0x0000024187fb6fac: 0041 ffd2 

  0x0000024187fb6fb0: ;   {other}
  0x0000024187fb6fb0: 0f1f 8400 | 0000 0000 | 448b cee9 | b4d3 ffff | 458b dae9 | 85ce ffff | ba45 ffff | ff4c 8b54 
  0x0000024187fb6fd0: 2468 4c89 | 5424 2889 | 7424 5889 | 7c24 6489 | 5c24 6844 | 896c 246c 

  0x0000024187fb6fe8: ;   {runtime_call UncommonTrapBlob}
  0x0000024187fb6fe8: 6666 90e8 

  0x0000024187fb6fec: ; ImmutableOopMap {[40]=Oop [72]=Oop [88]=NarrowOop [100]=NarrowOop [104]=NarrowOop [108]=NarrowOop [112]=Oop [120]=Oop }
                      ;*ifnonnull {reexecute=1 rethrow=0 return_oop=0}
                      ; - (reexecute) java.util.WeakHashMap$HashIterator::hasNext@76 (line 806)
                      ; - java.util.WeakHashMap::putAll@93 (line 576)
                      ; - com.sun.javafx.tk.Toolkit::firePulse@44 (line 445)
  0x0000024187fb6fec: 10d6 4eff 

  0x0000024187fb6ff0: ;   {other}
  0x0000024187fb6ff0: 0f1f 8400 | 6049 0068 | ba45 ffff | ff4c 8b54 | 2468 4c89 | 5424 2889 | 7c24 5889 | 5c24 6444 
  0x0000024187fb7010: 894c 2468 | 4489 6c24 

  0x0000024187fb7018: ;   {runtime_call UncommonTrapBlob}
  0x0000024187fb7018: 6c66 90e8 

  0x0000024187fb701c: ; ImmutableOopMap {[40]=Oop [72]=Oop [88]=NarrowOop [100]=NarrowOop [104]=NarrowOop [108]=NarrowOop [112]=Oop [120]=Oop }
                      ;*ifnonnull {reexecute=1 rethrow=0 return_oop=0}
                      ; - (reexecute) java.util.WeakHashMap$HashIterator::hasNext@76 (line 806)
                      ; - java.util.WeakHashMap::putAll@93 (line 576)
                      ; - com.sun.javafx.tk.Toolkit::firePulse@54 (line 446)
  0x0000024187fb701c: e0d5 4eff 

  0x0000024187fb7020: ;   {other}
  0x0000024187fb7020: 0f1f 8400 | 9049 0069 | 498b d749 | bab0 2264 | cdfd 7f00 | 0041 ffd2 

  0x0000024187fb7038: ;   {other}
  0x0000024187fb7038: 0f1f 8400 | 0000 0000 | e948 ccff | ff49 8bd7 | 49ba b022 | 64cd fd7f | 0000 41ff 

  0x0000024187fb7054: ;   {other}
  0x0000024187fb7054: d20f 1f84 | 0000 0000 | 00e9 e7c9 | ffff 498b | d749 bab0 | 2264 cdfd | 7f00 0041 

  0x0000024187fb7070: ;   {other}
  0x0000024187fb7070: ffd2 0f1f | 8400 0000 | 0000 e91e | d1ff ff44 | 894c 2420 | 458b f349 | 8bd7 49ba | b022 64cd 
  0x0000024187fb7090: fd7f 0000 

  0x0000024187fb7094: ;   {other}
  0x0000024187fb7094: 41ff d20f | 1f84 0000 | 0000 0045 | 8bde 448b | 4c24 20e9 | 09e0 ffff | ba45 ffff | ff4c 8b54 
  0x0000024187fb70b4: 2448 4c89 | 5424 2048 | ff74 2468 | 488f 4424 | 5089 7c24 | 5844 895c | 2460 895c | 2468 4489 
  0x0000024187fb70d4: ;   {runtime_call UncommonTrapBlob}
  0x0000024187fb70d4: 4c24 6ce8 

  0x0000024187fb70d8: ; ImmutableOopMap {rbp=NarrowOop [32]=Oop [80]=Oop [88]=NarrowOop [104]=NarrowOop [108]=NarrowOop [112]=Oop [120]=Oop }
                      ;*ifnonnull {reexecute=1 rethrow=0 return_oop=0}
                      ; - (reexecute) java.util.WeakHashMap$HashIterator::hasNext@76 (line 806)
                      ; - java.util.WeakHashMap::putAll@93 (line 576)
                      ; - com.sun.javafx.tk.Toolkit::firePulse@34 (line 444)
  0x0000024187fb70d8: 24d5 4eff 

  0x0000024187fb70dc: ;   {other}
  0x0000024187fb70dc: 0f1f 8400 | 4c4a 006a | 418b e9eb | 0341 8be8 | ba45 ffff | ff4c 8b54 | 2448 4c89 | 5424 4048 
  0x0000024187fb70fc: 897c 2458 | 4489 4c24 

  0x0000024187fb7104: ;   {runtime_call UncommonTrapBlob}
  0x0000024187fb7104: 6066 90e8 

  0x0000024187fb7108: ; ImmutableOopMap {[64]=Oop [72]=Oop [88]=Oop [104]=Oop [112]=Oop [120]=Oop }
                      ;*if_icmple {reexecute=1 rethrow=0 return_oop=0}
                      ; - (reexecute) java.util.WeakHashMap::putAll@71 (line 572)
                      ; - com.sun.javafx.tk.Toolkit::firePulse@34 (line 444)
  0x0000024187fb7108: f4d4 4eff 

  0x0000024187fb710c: ;   {other}
  0x0000024187fb710c: 0f1f 8400 | 7c4a 006b | 896c 2420 | eb05 4489 | 4424 20ba | 45ff ffff | 4889 7c24 

  0x0000024187fb7128: ;   {runtime_call UncommonTrapBlob}
  0x0000024187fb7128: 6066 90e8 

  0x0000024187fb712c: ; ImmutableOopMap {[72]=Oop [96]=Oop [104]=Oop [112]=Oop [120]=Oop }
                      ;*if_icmple {reexecute=1 rethrow=0 return_oop=0}
                      ; - (reexecute) java.util.WeakHashMap::putAll@71 (line 572)
                      ; - com.sun.javafx.tk.Toolkit::firePulse@44 (line 445)
  0x0000024187fb712c: d0d4 4eff 

  0x0000024187fb7130: ;   {other}
  0x0000024187fb7130: 0f1f 8400 | a04a 006c | 896c 2420 | eb05 4489 | 4424 20ba | 45ff ffff | 4889 7c24 

  0x0000024187fb714c: ;   {runtime_call UncommonTrapBlob}
  0x0000024187fb714c: 6066 90e8 

  0x0000024187fb7150: ; ImmutableOopMap {[72]=Oop [96]=Oop [104]=Oop [112]=Oop [120]=Oop }
                      ;*if_icmple {reexecute=1 rethrow=0 return_oop=0}
                      ; - (reexecute) java.util.WeakHashMap::putAll@71 (line 572)
                      ; - com.sun.javafx.tk.Toolkit::firePulse@54 (line 446)
  0x0000024187fb7150: acd4 4eff 

  0x0000024187fb7154: ;   {other}
  0x0000024187fb7154: 0f1f 8400 | c44a 006d | ba45 ffff | ff48 8b6c | 2428 4889 | 7c24 5044 | 8954 2458 

  0x0000024187fb7170: ;   {runtime_call UncommonTrapBlob}
  0x0000024187fb7170: 6666 90e8 

  0x0000024187fb7174: ; ImmutableOopMap {rbp=Oop [80]=Oop [104]=Oop [112]=Oop [120]=Oop }
                      ;*if_icmple {reexecute=1 rethrow=0 return_oop=0}
                      ; - (reexecute) java.util.WeakHashMap::putAll@36 (line 567)
                      ; - com.sun.javafx.tk.Toolkit::firePulse@34 (line 444)
  0x0000024187fb7174: 88d4 4eff 

  0x0000024187fb7178: ;   {other}
  0x0000024187fb7178: 0f1f 8400 | e84a 006e | ba45 ffff | ff48 8b6c | 2448 4889 | 7c24 5044 | 894c 2458 

  0x0000024187fb7194: ;   {runtime_call UncommonTrapBlob}
  0x0000024187fb7194: 6666 90e8 

  0x0000024187fb7198: ; ImmutableOopMap {rbp=Oop [80]=Oop [104]=Oop [112]=Oop [120]=Oop }
                      ;*if_icmple {reexecute=1 rethrow=0 return_oop=0}
                      ; - (reexecute) java.util.WeakHashMap::putAll@36 (line 567)
                      ; - com.sun.javafx.tk.Toolkit::firePulse@44 (line 445)
  0x0000024187fb7198: 64d4 4eff 

  0x0000024187fb719c: ;   {other}
  0x0000024187fb719c: 0f1f 8400 | 0c4b 006f | ba45 ffff | ff48 8b6c | 2448 4889 | 7c24 5044 | 895c 2458 

  0x0000024187fb71b8: ;   {runtime_call UncommonTrapBlob}
  0x0000024187fb71b8: 6666 90e8 

  0x0000024187fb71bc: ; ImmutableOopMap {rbp=Oop [80]=Oop [104]=Oop [112]=Oop [120]=Oop }
                      ;*if_icmple {reexecute=1 rethrow=0 return_oop=0}
                      ; - (reexecute) java.util.WeakHashMap::putAll@36 (line 567)
                      ; - com.sun.javafx.tk.Toolkit::firePulse@54 (line 446)
  0x0000024187fb71bc: 40d4 4eff 

  0x0000024187fb71c0: ;   {other}
  0x0000024187fb71c0: 0f1f 8400 | 304b 0070 | baf6 ffff | ff48 8b6c 

  0x0000024187fb71d0: ;   {runtime_call UncommonTrapBlob}
  0x0000024187fb71d0: 2448 90e8 

  0x0000024187fb71d4: ; ImmutableOopMap {rbp=Oop [104]=Oop }
                      ;*invokevirtual newCondition {reexecute=0 rethrow=0 return_oop=0}
                      ; - java.lang.ref.ReferenceQueue::<init>@25 (line 79)
                      ; - java.util.WeakHashMap::<init>@9 (line 179)
                      ; - java.util.WeakHashMap::<init>@5 (line 246)
                      ; - com.sun.javafx.tk.Toolkit::firePulse@4 (line 434)
  0x0000024187fb71d4: 28d4 4eff 

  0x0000024187fb71d8: ;   {other}
  0x0000024187fb71d8: 0f1f 8400 | 484b 0071 | baf6 ffff | ff48 8b6c 

  0x0000024187fb71e8: ;   {runtime_call UncommonTrapBlob}
  0x0000024187fb71e8: 2448 90e8 

  0x0000024187fb71ec: ; ImmutableOopMap {rbp=Oop [104]=Oop [112]=Oop }
                      ;*invokevirtual newCondition {reexecute=0 rethrow=0 return_oop=0}
                      ; - java.lang.ref.ReferenceQueue::<init>@25 (line 79)
                      ; - java.util.WeakHashMap::<init>@9 (line 179)
                      ; - java.util.WeakHashMap::<init>@5 (line 246)
                      ; - com.sun.javafx.tk.Toolkit::firePulse@12 (line 437)
  0x0000024187fb71ec: 10d4 4eff 

  0x0000024187fb71f0: ;   {other}
  0x0000024187fb71f0: 0f1f 8400 | 604b 0072 | baf6 ffff | ff48 8b6c 

  0x0000024187fb7200: ;   {runtime_call UncommonTrapBlob}
  0x0000024187fb7200: 2448 90e8 

  0x0000024187fb7204: ; ImmutableOopMap {rbp=Oop [104]=Oop [112]=Oop [120]=Oop }
                      ;*invokevirtual newCondition {reexecute=0 rethrow=0 return_oop=0}
                      ; - java.lang.ref.ReferenceQueue::<init>@25 (line 79)
                      ; - java.util.WeakHashMap::<init>@9 (line 179)
                      ; - java.util.WeakHashMap::<init>@5 (line 246)
                      ; - com.sun.javafx.tk.Toolkit::firePulse@20 (line 440)
  0x0000024187fb7204: f8d3 4eff 

  0x0000024187fb7208: ;   {other}
  0x0000024187fb7208: 0f1f 8400 | 784b 0073 | bade ffff | ff48 8b74 | 2448 488b | ee48 897c | 2438 894c | 2440 4489 
  0x0000024187fb7228: 4c24 448b | 4c24 5c89 | 4c24 4844 | 8944 244c | 4c89 5c24 | 5044 8954 | 2458 4489 

  0x0000024187fb7244: ;   {runtime_call UncommonTrapBlob}
  0x0000024187fb7244: 7424 5ce8 

  0x0000024187fb7248: ; ImmutableOopMap {rbp=Oop [56]=Oop [64]=NarrowOop [76]=NarrowOop [80]=Oop [88]=NarrowOop [92]=NarrowOop [112]=Oop [120]=Oop }
                      ;*checkcast {reexecute=0 rethrow=0 return_oop=0}
                      ; - com.sun.javafx.tk.Toolkit::firePulse@126 (line 449)
  0x0000024187fb7248: b4d3 4eff 

  0x0000024187fb724c: ;   {other}
  0x0000024187fb724c: 0f1f 8400 | bc4b 0074 | bade ffff | ff48 ff74 | 2438 488f | 4424 284c | 8944 2438 | 4489 5c24 
  0x0000024187fb726c: ;   {runtime_call UncommonTrapBlob}
  0x0000024187fb726c: 4066 90e8 

  0x0000024187fb7270: ; ImmutableOopMap {[40]=Oop [56]=Oop [64]=NarrowOop [72]=Oop [120]=Oop }
                      ;*checkcast {reexecute=0 rethrow=0 return_oop=0}
                      ; - com.sun.javafx.tk.Toolkit::firePulse@188 (line 452)
  0x0000024187fb7270: 8cd3 4eff 

  0x0000024187fb7274: ;   {other}
  0x0000024187fb7274: 0f1f 8400 | e44b 0075 | baf4 ffff | ff48 ff74 | 2438 488f 

  0x0000024187fb7288: ;   {runtime_call UncommonTrapBlob}
  0x0000024187fb7288: 4424 30e8 

  0x0000024187fb728c: ; ImmutableOopMap {rbp=Oop [48]=Oop [72]=Oop [120]=Oop }
                      ;*checkcast {reexecute=0 rethrow=0 return_oop=0}
                      ; - com.sun.javafx.tk.Toolkit::firePulse@178 (line 452)
  0x0000024187fb728c: 70d3 4eff 

  0x0000024187fb7290: ;   {other}
  0x0000024187fb7290: 0f1f 8400 | 004c 0076 | baf4 ffff | ff48 ff74 | 2438 488f | 4424 284c | 8944 2438 

  0x0000024187fb72ac: ;   {runtime_call UncommonTrapBlob}
  0x0000024187fb72ac: 6666 90e8 

  0x0000024187fb72b0: ; ImmutableOopMap {[40]=Oop [56]=Oop [72]=Oop [120]=Oop }
                      ;*checkcast {reexecute=0 rethrow=0 return_oop=0}
                      ; - com.sun.javafx.tk.Toolkit::firePulse@188 (line 452)
  0x0000024187fb72b0: 4cd3 4eff 

  0x0000024187fb72b4: ;   {other}
  0x0000024187fb72b4: 0f1f 8400 | 244c 0077 | baf4 ffff | ff48 8b4c | 2448 488b | e944 894c | 2440 4489 | 4424 484c 
  0x0000024187fb72d4: 895c 2450 | 4489 5424 | 4c44 8974 

  0x0000024187fb72e0: ;   {runtime_call UncommonTrapBlob}
  0x0000024187fb72e0: 2458 90e8 

  0x0000024187fb72e4: ; ImmutableOopMap {rbp=Oop [72]=NarrowOop [76]=NarrowOop [80]=Oop [88]=NarrowOop [112]=Oop [120]=Oop }
                      ;*checkcast {reexecute=0 rethrow=0 return_oop=0}
                      ; - com.sun.javafx.tk.Toolkit::firePulse@116 (line 449)
  0x0000024187fb72e4: 18d3 4eff 

  0x0000024187fb72e8: ;   {other}
  0x0000024187fb72e8: 0f1f 8400 | 584c 0078 | baf4 ffff | ff48 8b4c | 2448 488b | e948 897c | 2438 4489 | 4c24 4044 
  0x0000024187fb7308: 8944 2448 | 4c89 5c24 | 5044 8954 | 244c 4489 

  0x0000024187fb7318: ;   {runtime_call UncommonTrapBlob}
  0x0000024187fb7318: 7424 58e8 

  0x0000024187fb731c: ; ImmutableOopMap {rbp=Oop [56]=Oop [72]=NarrowOop [76]=NarrowOop [80]=Oop [88]=NarrowOop [112]=Oop [120]=Oop }
                      ;*checkcast {reexecute=0 rethrow=0 return_oop=0}
                      ; - com.sun.javafx.tk.Toolkit::firePulse@126 (line 449)
  0x0000024187fb731c: e0d2 4eff 

  0x0000024187fb7320: ;   {other}
  0x0000024187fb7320: 0f1f 8400 | 904c 0079 | babe ffff | ff48 8b6c | 2448 895c | 2430 4489 | 5c24 404c | 8b5c 2450 
  0x0000024187fb7340: 4c89 5c24 | 4844 8954 

  0x0000024187fb7348: ;   {runtime_call UncommonTrapBlob}
  0x0000024187fb7348: 2450 90e8 

  0x0000024187fb734c: ; ImmutableOopMap {rbp=Oop [48]=NarrowOop [64]=NarrowOop [72]=Oop [80]=NarrowOop [88]=NarrowOop [112]=Oop [120]=Oop }
                      ;*ifnonnull {reexecute=1 rethrow=0 return_oop=0}
                      ; - (reexecute) java.util.WeakHashMap$HashIterator::hasNext@26 (line 797)
                      ; - com.sun.javafx.tk.Toolkit::firePulse@88 (line 448)
  0x0000024187fb734c: b0d2 4eff 

  0x0000024187fb7350: ;   {other}
  0x0000024187fb7350: 0f1f 8400 | c04c 007a | babe ffff | ff4c 8b5c | 2468 4c89 | 5c24 284c | 8b5c 2470 | 4c89 5c24 
  0x0000024187fb7370: 5089 7424 | 5844 8954 

  0x0000024187fb7378: ;   {runtime_call UncommonTrapBlob}
  0x0000024187fb7378: 2474 90e8 

  0x0000024187fb737c: ; ImmutableOopMap {rbp=NarrowOop [40]=Oop [72]=Oop [80]=Oop [88]=NarrowOop [116]=NarrowOop [120]=Oop [132]=NarrowOop [136]=Oop }
                      ;*ifnonnull {reexecute=1 rethrow=0 return_oop=0}
                      ; - (reexecute) java.util.WeakHashMap$HashIterator::hasNext@26 (line 797)
                      ; - java.util.WeakHashMap::putAll@93 (line 576)
                      ; - com.sun.javafx.tk.Toolkit::firePulse@44 (line 445)
  0x0000024187fb737c: 80d2 4eff 

  0x0000024187fb7380: ;   {other}
  0x0000024187fb7380: 0f1f 8400 | f04c 007b | babe ffff | ff4c 8b5c | 2468 4c89 | 5c24 284c | 8b5c 2470 | 4c89 5c24 
  0x0000024187fb73a0: 3089 7c24 | 5844 8954 

  0x0000024187fb73a8: ;   {runtime_call UncommonTrapBlob}
  0x0000024187fb73a8: 2474 90e8 

  0x0000024187fb73ac: ; ImmutableOopMap {rbp=NarrowOop [40]=Oop [48]=Oop [72]=Oop [88]=NarrowOop [116]=NarrowOop [120]=Oop [132]=NarrowOop [136]=Oop }
                      ;*ifnonnull {reexecute=1 rethrow=0 return_oop=0}
                      ; - (reexecute) java.util.WeakHashMap$HashIterator::hasNext@26 (line 797)
                      ; - java.util.WeakHashMap::putAll@93 (line 576)
                      ; - com.sun.javafx.tk.Toolkit::firePulse@54 (line 446)
  0x0000024187fb73ac: 50d2 4eff 

  0x0000024187fb73b0: ;   {other}
  0x0000024187fb73b0: 0f1f 8400 | 204d 007c | babe ffff | ff48 ff74 | 2470 488f | 4424 3048 | ff74 2468 | 488f 4424 
  0x0000024187fb73d0: 5089 5c24 | 5844 895c 

  0x0000024187fb73d8: ;   {runtime_call UncommonTrapBlob}
  0x0000024187fb73d8: 2468 90e8 

  0x0000024187fb73dc: ; ImmutableOopMap {rbp=NarrowOop [48]=Oop [72]=Oop [80]=Oop [88]=NarrowOop [104]=NarrowOop [120]=Oop [132]=NarrowOop [136]=Oop }
                      ;*ifnonnull {reexecute=1 rethrow=0 return_oop=0}
                      ; - (reexecute) java.util.WeakHashMap$HashIterator::hasNext@26 (line 797)
                      ; - java.util.WeakHashMap::putAll@93 (line 576)
                      ; - com.sun.javafx.tk.Toolkit::firePulse@34 (line 444)
  0x0000024187fb73dc: 20d2 4eff 

  0x0000024187fb73e0: ;   {other}
  0x0000024187fb73e0: 0f1f 8400 | 504d 007d | baf6 ffff | ff48 8b6c 

  0x0000024187fb73f0: ;   {runtime_call UncommonTrapBlob}
  0x0000024187fb73f0: 2448 90e8 

  0x0000024187fb73f4: ; ImmutableOopMap {rbp=Oop [104]=Oop [112]=Oop [120]=Oop }
                      ;*invokeinterface size {reexecute=0 rethrow=0 return_oop=0}
                      ; - java.util.WeakHashMap::putAll@1 (line 552)
                      ; - com.sun.javafx.tk.Toolkit::firePulse@34 (line 444)
  0x0000024187fb73f4: 08d2 4eff 

  0x0000024187fb73f8: ;   {other}
  0x0000024187fb73f8: 0f1f 8400 | 684d 007e | baf6 ffff 

  0x0000024187fb7404: ;   {runtime_call UncommonTrapBlob}
  0x0000024187fb7404: ff66 90e8 

  0x0000024187fb7408: ; ImmutableOopMap {[72]=Oop [104]=Oop [112]=Oop [120]=Oop }
                      ;*invokeinterface size {reexecute=0 rethrow=0 return_oop=0}
                      ; - java.util.WeakHashMap::putAll@1 (line 552)
                      ; - com.sun.javafx.tk.Toolkit::firePulse@44 (line 445)
  0x0000024187fb7408: f4d1 4eff 

  0x0000024187fb740c: ;   {other}
  0x0000024187fb740c: 0f1f 8400 | 7c4d 007f | baf6 ffff 

  0x0000024187fb7418: ;   {runtime_call UncommonTrapBlob}
  0x0000024187fb7418: ff66 90e8 

  0x0000024187fb741c: ; ImmutableOopMap {[72]=Oop [104]=Oop [112]=Oop [120]=Oop }
                      ;*invokeinterface size {reexecute=0 rethrow=0 return_oop=0}
                      ; - java.util.WeakHashMap::putAll@1 (line 552)
                      ; - com.sun.javafx.tk.Toolkit::firePulse@54 (line 446)
  0x0000024187fb741c: e0d1 4eff 

  0x0000024187fb7420: ;   {other}
  0x0000024187fb7420: 0f1f 8400 | 904d 0080 | baf6 ffff 

  0x0000024187fb742c: ;   {runtime_call UncommonTrapBlob}
  0x0000024187fb742c: ff66 90e8 

  0x0000024187fb7430: ; ImmutableOopMap {[72]=Oop [112]=Oop [120]=Oop }
                      ;*getfield modCount {reexecute=1 rethrow=0 return_oop=0}
                      ; - (reexecute) java.util.WeakHashMap$HashIterator::<init>@14 (line 773)
                      ; - java.util.WeakHashMap$EntryIterator::<init>@2 (line 852)
                      ; - java.util.WeakHashMap$EntrySet::iterator@8 (line 980)
                      ; - com.sun.javafx.tk.Toolkit::firePulse@79 (line 448)
  0x0000024187fb7430: ccd1 4eff 

  0x0000024187fb7434: ;   {other}
  0x0000024187fb7434: 0f1f 8400 | a44d 0081 | babe ffff | ff44 894c | 243c 4489 | 4424 4044 | 8954 2444 

  0x0000024187fb7450: ;   {runtime_call UncommonTrapBlob}
  0x0000024187fb7450: 6666 90e8 

  0x0000024187fb7454: ; ImmutableOopMap {rbp=NarrowOop [68]=NarrowOop [72]=Oop [112]=Oop [120]=Oop }
                      ;*ifnonnull {reexecute=1 rethrow=0 return_oop=0}
                      ; - (reexecute) java.util.WeakHashMap$HashIterator::hasNext@26 (line 797)
                      ; - com.sun.javafx.tk.Toolkit::firePulse@88 (line 448)
  0x0000024187fb7454: a8d1 4eff 

  0x0000024187fb7458: ;   {other}
  0x0000024187fb7458: 0f1f 8400 | c84d 0082 | baf6 ffff 

  0x0000024187fb7464: ;   {runtime_call UncommonTrapBlob}
  0x0000024187fb7464: ff66 90e8 

  0x0000024187fb7468: ; ImmutableOopMap {[72]=Oop [120]=Oop }
                      ;*getfield modCount {reexecute=1 rethrow=0 return_oop=0}
                      ; - (reexecute) java.util.WeakHashMap$HashIterator::<init>@14 (line 773)
                      ; - java.util.WeakHashMap$EntryIterator::<init>@2 (line 852)
                      ; - java.util.WeakHashMap$EntrySet::iterator@8 (line 980)
                      ; - com.sun.javafx.tk.Toolkit::firePulse@141 (line 451)
  0x0000024187fb7468: 94d1 4eff 

  0x0000024187fb746c: ;   {other}
  0x0000024187fb746c: 0f1f 8400 | dc4d 0083 | baf6 ffff 

  0x0000024187fb7478: ;   {runtime_call UncommonTrapBlob}
  0x0000024187fb7478: ff66 90e8 

  0x0000024187fb747c: ; ImmutableOopMap {[72]=Oop }
                      ;*invokeinterface iterator {reexecute=0 rethrow=0 return_oop=0}
                      ; - com.sun.javafx.tk.Toolkit::firePulse@203 (line 454)
  0x0000024187fb747c: 80d1 4eff 

  0x0000024187fb7480: ;   {other}
  0x0000024187fb7480: 0f1f 8400 | f04d 0084 | baf6 ffff 

  0x0000024187fb748c: ;   {runtime_call UncommonTrapBlob}
  0x0000024187fb748c: ff66 90e8 

  0x0000024187fb7490: ; ImmutableOopMap {[72]=Oop }
                      ;*invokeinterface hasNext {reexecute=0 rethrow=0 return_oop=0}
                      ; - com.sun.javafx.tk.Toolkit::firePulse@212 (line 454)
  0x0000024187fb7490: 6cd1 4eff 

  0x0000024187fb7494: ;   {other}
  0x0000024187fb7494: 0f1f 8400 | 044e 0085 | baf6 ffff 

  0x0000024187fb74a0: ;   {runtime_call UncommonTrapBlob}
  0x0000024187fb74a0: ff66 90e8 

  0x0000024187fb74a4: ; ImmutableOopMap {[72]=Oop [112]=Oop [120]=Oop }
                      ;*arraylength {reexecute=0 rethrow=0 return_oop=0}
                      ; - java.util.WeakHashMap$HashIterator::<init>@36 (line 788)
                      ; - java.util.WeakHashMap$EntryIterator::<init>@2 (line 852)
                      ; - java.util.WeakHashMap$EntrySet::iterator@8 (line 980)
                      ; - com.sun.javafx.tk.Toolkit::firePulse@79 (line 448)
  0x0000024187fb74a4: 58d1 4eff 

  0x0000024187fb74a8: ;   {other}
  0x0000024187fb74a8: 0f1f 8400 | 184e 0086 | baf6 ffff 

  0x0000024187fb74b4: ;   {runtime_call UncommonTrapBlob}
  0x0000024187fb74b4: ff66 90e8 

  0x0000024187fb74b8: ; ImmutableOopMap {[72]=Oop [120]=Oop }
                      ;*arraylength {reexecute=0 rethrow=0 return_oop=0}
                      ; - java.util.WeakHashMap$HashIterator::<init>@36 (line 788)
                      ; - java.util.WeakHashMap$EntryIterator::<init>@2 (line 852)
                      ; - java.util.WeakHashMap$EntrySet::iterator@8 (line 980)
                      ; - com.sun.javafx.tk.Toolkit::firePulse@141 (line 451)
  0x0000024187fb74b8: 44d1 4eff 

  0x0000024187fb74bc: ;   {other}
  0x0000024187fb74bc: 0f1f 8400 | 2c4e 0087 | baf6 ffff | ff48 8b6c 

  0x0000024187fb74cc: ;   {runtime_call UncommonTrapBlob}
  0x0000024187fb74cc: 2448 90e8 

  0x0000024187fb74d0: ; ImmutableOopMap {rbp=Oop [104]=Oop [112]=Oop [120]=Oop }
                      ;*getfield modCount {reexecute=1 rethrow=0 return_oop=0}
                      ; - (reexecute) java.util.WeakHashMap$HashIterator::<init>@14 (line 773)
                      ; - java.util.WeakHashMap$EntryIterator::<init>@2 (line 852)
                      ; - java.util.WeakHashMap$EntrySet::iterator@8 (line 980)
                      ; - java.util.WeakHashMap::putAll@86 (line 576)
                      ; - com.sun.javafx.tk.Toolkit::firePulse@34 (line 444)
  0x0000024187fb74d0: 2cd1 4eff 

  0x0000024187fb74d4: ;   {other}
  0x0000024187fb74d4: 0f1f 8400 | 444e 0088 | baf6 ffff 

  0x0000024187fb74e0: ;   {runtime_call UncommonTrapBlob}
  0x0000024187fb74e0: ff66 90e8 

  0x0000024187fb74e4: ; ImmutableOopMap {[72]=Oop [104]=Oop [112]=Oop [120]=Oop }
                      ;*getfield modCount {reexecute=1 rethrow=0 return_oop=0}
                      ; - (reexecute) java.util.WeakHashMap$HashIterator::<init>@14 (line 773)
                      ; - java.util.WeakHashMap$EntryIterator::<init>@2 (line 852)
                      ; - java.util.WeakHashMap$EntrySet::iterator@8 (line 980)
                      ; - java.util.WeakHashMap::putAll@86 (line 576)
                      ; - com.sun.javafx.tk.Toolkit::firePulse@44 (line 445)
  0x0000024187fb74e4: 18d1 4eff 

  0x0000024187fb74e8: ;   {other}
  0x0000024187fb74e8: 0f1f 8400 | 584e 0089 | babe ffff | ff4c 8b5c | 2448 498b | eb89 7424 | 5044 8954 | 2458 4489 
  0x0000024187fb7508: 4c24 5c89 

  0x0000024187fb750c: ;   {runtime_call UncommonTrapBlob}
  0x0000024187fb750c: 5c24 60e8 

  0x0000024187fb7510: ; ImmutableOopMap {rbp=Oop [80]=NarrowOop [96]=NarrowOop [104]=Oop [112]=Oop [120]=Oop }
                      ;*ifnonnull {reexecute=1 rethrow=0 return_oop=0}
                      ; - (reexecute) java.util.WeakHashMap$HashIterator::hasNext@26 (line 797)
                      ; - java.util.WeakHashMap::putAll@93 (line 576)
                      ; - com.sun.javafx.tk.Toolkit::firePulse@44 (line 445)
  0x0000024187fb7510: ecd0 4eff 

  0x0000024187fb7514: ;   {other}
  0x0000024187fb7514: 0f1f 8400 | 844e 008a | baf6 ffff 

  0x0000024187fb7520: ;   {runtime_call UncommonTrapBlob}
  0x0000024187fb7520: ff66 90e8 

  0x0000024187fb7524: ; ImmutableOopMap {[72]=Oop [104]=Oop [112]=Oop [120]=Oop }
                      ;*getfield modCount {reexecute=1 rethrow=0 return_oop=0}
                      ; - (reexecute) java.util.WeakHashMap$HashIterator::<init>@14 (line 773)
                      ; - java.util.WeakHashMap$EntryIterator::<init>@2 (line 852)
                      ; - java.util.WeakHashMap$EntrySet::iterator@8 (line 980)
                      ; - java.util.WeakHashMap::putAll@86 (line 576)
                      ; - com.sun.javafx.tk.Toolkit::firePulse@54 (line 446)
  0x0000024187fb7524: d8d0 4eff 

  0x0000024187fb7528: ;   {other}
  0x0000024187fb7528: 0f1f 8400 | 984e 008b | babe ffff | ff48 8b6c | 2448 897c | 2450 4489 | 5424 5844 | 894c 245c 
  0x0000024187fb7548: 895c 2460 

  0x0000024187fb754c: ;   {runtime_call UncommonTrapBlob}
  0x0000024187fb754c: 6666 90e8 

  0x0000024187fb7550: ; ImmutableOopMap {rbp=Oop [80]=NarrowOop [96]=NarrowOop [104]=Oop [112]=Oop [120]=Oop }
                      ;*ifnonnull {reexecute=1 rethrow=0 return_oop=0}
                      ; - (reexecute) java.util.WeakHashMap$HashIterator::hasNext@26 (line 797)
                      ; - java.util.WeakHashMap::putAll@93 (line 576)
                      ; - com.sun.javafx.tk.Toolkit::firePulse@54 (line 446)
  0x0000024187fb7550: acd0 4eff 

  0x0000024187fb7554: ;   {other}
  0x0000024187fb7554: 0f1f 8400 | c44e 008c | baf6 ffff | ff48 8b6c 

  0x0000024187fb7564: ;   {runtime_call UncommonTrapBlob}
  0x0000024187fb7564: 2448 90e8 

  0x0000024187fb7568: ; ImmutableOopMap {rbp=Oop [104]=Oop [112]=Oop [120]=Oop }
                      ;*arraylength {reexecute=0 rethrow=0 return_oop=0}
                      ; - java.util.WeakHashMap$HashIterator::<init>@36 (line 788)
                      ; - java.util.WeakHashMap$EntryIterator::<init>@2 (line 852)
                      ; - java.util.WeakHashMap$EntrySet::iterator@8 (line 980)
                      ; - java.util.WeakHashMap::putAll@86 (line 576)
                      ; - com.sun.javafx.tk.Toolkit::firePulse@34 (line 444)
  0x0000024187fb7568: 94d0 4eff 

  0x0000024187fb756c: ;   {other}
  0x0000024187fb756c: 0f1f 8400 | dc4e 008d | baf6 ffff 

  0x0000024187fb7578: ;   {runtime_call UncommonTrapBlob}
  0x0000024187fb7578: ff66 90e8 

  0x0000024187fb757c: ; ImmutableOopMap {[72]=Oop [104]=Oop [112]=Oop [120]=Oop }
                      ;*arraylength {reexecute=0 rethrow=0 return_oop=0}
                      ; - java.util.WeakHashMap$HashIterator::<init>@36 (line 788)
                      ; - java.util.WeakHashMap$EntryIterator::<init>@2 (line 852)
                      ; - java.util.WeakHashMap$EntrySet::iterator@8 (line 980)
                      ; - java.util.WeakHashMap::putAll@86 (line 576)
                      ; - com.sun.javafx.tk.Toolkit::firePulse@44 (line 445)
  0x0000024187fb757c: 80d0 4eff 

  0x0000024187fb7580: ;   {other}
  0x0000024187fb7580: 0f1f 8400 | f04e 008e | baf6 ffff 

  0x0000024187fb758c: ;   {runtime_call UncommonTrapBlob}
  0x0000024187fb758c: ff66 90e8 

  0x0000024187fb7590: ; ImmutableOopMap {[72]=Oop [104]=Oop [112]=Oop [120]=Oop }
                      ;*arraylength {reexecute=0 rethrow=0 return_oop=0}
                      ; - java.util.WeakHashMap$HashIterator::<init>@36 (line 788)
                      ; - java.util.WeakHashMap$EntryIterator::<init>@2 (line 852)
                      ; - java.util.WeakHashMap$EntrySet::iterator@8 (line 980)
                      ; - java.util.WeakHashMap::putAll@86 (line 576)
                      ; - com.sun.javafx.tk.Toolkit::firePulse@54 (line 446)
  0x0000024187fb7590: 6cd0 4eff 

  0x0000024187fb7594: ;   {other}
  0x0000024187fb7594: 0f1f 8400 | 044f 008f | baf6 ffff | ff48 8b6c 

  0x0000024187fb75a4: ;   {runtime_call UncommonTrapBlob}
  0x0000024187fb75a4: 2428 90e8 

  0x0000024187fb75a8: ; ImmutableOopMap {rbp=Oop [104]=Oop [112]=Oop [120]=Oop }
                      ;*arraylength {reexecute=0 rethrow=0 return_oop=0}
                      ; - java.util.WeakHashMap::putAll@46 (line 569)
                      ; - com.sun.javafx.tk.Toolkit::firePulse@34 (line 444)
  0x0000024187fb75a8: 54d0 4eff 

  0x0000024187fb75ac: ;   {other}
  0x0000024187fb75ac: 0f1f 8400 | 1c4f 0090 | baf6 ffff 

  0x0000024187fb75b8: ;   {runtime_call UncommonTrapBlob}
  0x0000024187fb75b8: ff66 90e8 

  0x0000024187fb75bc: ; ImmutableOopMap {[72]=Oop [104]=Oop [112]=Oop [120]=Oop }
                      ;*arraylength {reexecute=0 rethrow=0 return_oop=0}
                      ; - java.util.WeakHashMap::putAll@46 (line 569)
                      ; - com.sun.javafx.tk.Toolkit::firePulse@44 (line 445)
  0x0000024187fb75bc: 40d0 4eff 

  0x0000024187fb75c0: ;   {other}
  0x0000024187fb75c0: 0f1f 8400 | 304f 0091 | baf6 ffff 

  0x0000024187fb75cc: ;   {runtime_call UncommonTrapBlob}
  0x0000024187fb75cc: ff66 90e8 

  0x0000024187fb75d0: ; ImmutableOopMap {[72]=Oop [104]=Oop [112]=Oop [120]=Oop }
                      ;*arraylength {reexecute=0 rethrow=0 return_oop=0}
                      ; - java.util.WeakHashMap::putAll@46 (line 569)
                      ; - com.sun.javafx.tk.Toolkit::firePulse@54 (line 446)
  0x0000024187fb75d0: 2cd0 4eff 

  0x0000024187fb75d4: ;   {other}
  0x0000024187fb75d4: 0f1f 8400 | 444f 0092 | 488b d8e9 | d400 0000 | 488b d8e9 | cc00 0000 | 488b d8e9 | c400 0000 
  0x0000024187fb75f4: 488b d0e9 | 7601 0000 | 488b d0e9 | 6e01 0000 | eb66 eb26 | eb24 eb2e | eb2c 488b | d0e9 5c01 
  0x0000024187fb7614: 0000 eb2e | eb2c 488b | d0e9 5001 | 0000 488b | d0e9 4801 | 0000 eb02 | eb00 488b | d0e9 3c01 
  0x0000024187fb7634: 0000 eb02 | eb00 488b | d0e9 3001 | 0000 eb02 | eb00 488b | d0e9 2401 | 0000 488b | d8eb 6548 
  0x0000024187fb7654: 8bd8 eb60 | 488b d8eb | 5b48 8bd8 | eb56 488b | d8eb 5148 | 8bd8 eb4c | 488b d0e9 | fe00 0000 
  0x0000024187fb7674: 488b d0e9 | f600 0000 | 488b d8eb | 3748 8bd8 | eb32 488b | d8eb 2d48 | 8bd0 e9df | 0000 0048 
  0x0000024187fb7694: 8bd0 e9d7 | 0000 0048 | 8bd0 e9cf | 0000 0048 | 8bd0 e9c7 | 0000 0048 | 8bd8 eb08 | 488b d8eb 
  0x0000024187fb76b4: 0348 8bd8 | 4c8b 5c24 | 4848 8d84 | 2490 0000 | 0048 8338 | 000f 8479 | 0000 004d 

  0x0000024187fb76d0: ;   {no_reloc}
  0x0000024187fb76d0: 8b13 41f6 | c202 0f84 | 6200 0000 | 4983 ba86 | 0000 0000 | 7409 49ff | 8a86 0000 | 00eb 4b49 
  0x0000024187fb76f0: 8b82 9600 | 0000 490b | 828e 0000 | 0075 0a49 | c742 3e00 | 0000 00eb | 3d49 83ba | 9e00 0000 
  0x0000024187fb7710: 0074 2248 | 33c0 49c7 | 423e 0000 | 0000 f083 | 0424 0049 | 83ba 9e00 | 0000 0075 | 0df0 4d0f 
  0x0000024187fb7730: b17a 3e75 | 0583 c801 | eb0c a800 | eb08 4c8b | 10f0 4d0f | b113 750a | 49ff 8f50 | 0500 0045 
  0x0000024187fb7750: 33d2 752b | 488b d3eb | 1948 8bd0 | eb14 488b | d0eb 0f48 | 8bd0 eb0a | 488b d0eb | 05eb 0048 
  0x0000024187fb7770: 8bd0 4881 | c4a0 0000 

  0x0000024187fb7778: ;   {runtime_call _rethrow_Java}
  0x0000024187fb7778: 005d e901 | 3f6d ff48 | 8b4c 2448 | 488d 9424 | 9000 0000 | 4d8b c749 | ba50 d9a4 | cdfd 7f00 
  0x0000024187fb7798: 0041 ffd2 

  0x0000024187fb779c: ;   {other}
  0x0000024187fb779c: 0f1f 8400 | 0000 0000 | ebae 4883 | ec08 c5fb 

  0x0000024187fb77ac: ;   {runtime_call StubRoutines (initial stubs)}
  0x0000024187fb77ac: 1104 24e8 | e399 49ff | 415b e957 | d8ff ff48 | 83ec 08c5 | fb11 0424 

  0x0000024187fb77c4: ;   {runtime_call StubRoutines (initial stubs)}
  0x0000024187fb77c4: e8ce 9949 | ff41 59e9 | a3d7 ffff | 4883 ec08 | c5fb 1104 

  0x0000024187fb77d8: ;   {runtime_call StubRoutines (initial stubs)}
  0x0000024187fb77d8: 24e8 b999 | 49ff 415a | e9c6 d6ff 

  0x0000024187fb77e4: ;   {internal_word}
  0x0000024187fb77e4: ff49 baee | 4cfb 8741 | 0200 004d | 8997 6804 

  0x0000024187fb77f4: ;   {runtime_call SafepointBlob}
  0x0000024187fb77f4: 0000 e905 

  0x0000024187fb77f8: ;   {runtime_call StubRoutines (final stubs)}
  0x0000024187fb77f8: df4e ffe8 | 60d5 4cff | e9b9 b4ff | fff4 f4f4 
[Stub Code]
  0x0000024187fb7808: ;   {no_reloc}
  0x0000024187fb7808: 48bb 0000 | 0000 0000 

  0x0000024187fb7810: ;   {runtime_call}
  0x0000024187fb7810: 0000 e9fb 

  0x0000024187fb7814: ;   {static_stub}
  0x0000024187fb7814: ffff ff48 | bb00 0000 | 0000 0000 

  0x0000024187fb7820: ;   {runtime_call}
  0x0000024187fb7820: 00e9 fbff 

  0x0000024187fb7824: ;   {static_stub}
  0x0000024187fb7824: ffff 48bb | 0000 0000 | 0000 0000 

  0x0000024187fb7830: ;   {runtime_call}
  0x0000024187fb7830: e9fb ffff 

  0x0000024187fb7834: ;   {static_stub}
  0x0000024187fb7834: ff48 bb00 | 0000 0000 

  0x0000024187fb783c: ;   {runtime_call}
  0x0000024187fb783c: 0000 00e9 | fbff ffff 

  0x0000024187fb7844: ;   {static_stub}
  0x0000024187fb7844: 48bb 0000 | 0000 0000 

  0x0000024187fb784c: ;   {runtime_call}
  0x0000024187fb784c: 0000 e9fb 

  0x0000024187fb7850: ;   {static_stub}
  0x0000024187fb7850: ffff ff48 | bb00 0000 | 0000 0000 

  0x0000024187fb785c: ;   {runtime_call}
  0x0000024187fb785c: 00e9 fbff 

  0x0000024187fb7860: ;   {static_stub}
  0x0000024187fb7860: ffff 48bb | 0000 0000 | 0000 0000 

  0x0000024187fb786c: ;   {runtime_call}
  0x0000024187fb786c: e9fb ffff 

  0x0000024187fb7870: ;   {static_stub}
  0x0000024187fb7870: ff48 bb00 | 0000 0000 

  0x0000024187fb7878: ;   {runtime_call}
  0x0000024187fb7878: 0000 00e9 | fbff ffff 

  0x0000024187fb7880: ;   {static_stub}
  0x0000024187fb7880: 48bb 0000 | 0000 0000 

  0x0000024187fb7888: ;   {runtime_call}
  0x0000024187fb7888: 0000 e9fb 

  0x0000024187fb788c: ;   {static_stub}
  0x0000024187fb788c: ffff ff48 | bb00 0000 | 0000 0000 

  0x0000024187fb7898: ;   {runtime_call}
  0x0000024187fb7898: 00e9 fbff 

  0x0000024187fb789c: ;   {static_stub}
  0x0000024187fb789c: ffff 48bb | 0000 0000 | 0000 0000 

  0x0000024187fb78a8: ;   {runtime_call}
  0x0000024187fb78a8: e9fb ffff 

  0x0000024187fb78ac: ;   {static_stub}
  0x0000024187fb78ac: ff48 bb00 | 0000 0000 

  0x0000024187fb78b4: ;   {runtime_call}
  0x0000024187fb78b4: 0000 00e9 | fbff ffff 

  0x0000024187fb78bc: ;   {static_stub}
  0x0000024187fb78bc: 48bb 0000 | 0000 0000 

  0x0000024187fb78c4: ;   {runtime_call}
  0x0000024187fb78c4: 0000 e9fb 

  0x0000024187fb78c8: ;   {static_stub}
  0x0000024187fb78c8: ffff ff48 | bb00 0000 | 0000 0000 

  0x0000024187fb78d4: ;   {runtime_call}
  0x0000024187fb78d4: 00e9 fbff 

  0x0000024187fb78d8: ;   {static_stub}
  0x0000024187fb78d8: ffff 48bb | 0000 0000 | 0000 0000 

  0x0000024187fb78e4: ;   {runtime_call}
  0x0000024187fb78e4: e9fb ffff 

  0x0000024187fb78e8: ;   {static_stub}
  0x0000024187fb78e8: ff48 bb00 | 0000 0000 

  0x0000024187fb78f0: ;   {runtime_call}
  0x0000024187fb78f0: 0000 00e9 | fbff ffff 
[Exception Handler]
  0x0000024187fb78f8: ;   {runtime_call ExceptionBlob}
  0x0000024187fb78f8: e983 255b | ffe8 0000 | 0000 4883 

  0x0000024187fb7904: ;   {runtime_call DeoptimizationBlob}
  0x0000024187fb7904: 2c24 05e9 | 94d0 4eff | f4f4 f4f4 
[/MachCode]


---------------  P R O C E S S  ---------------

Threads class SMR info:
_java_thread_list=0x000002424def05f0, length=59, elements={
0x00000241ea96bf70, 0x00000241fd78c840, 0x00000241fd78d4a0, 0x00000241fd790270,
0x00000241fd791e10, 0x00000241fd794d10, 0x00000241fd798be0, 0x00000241fd7a2f40,
0x00000241fd8e0310, 0x00000241fd9f23f0, 0x00000241fe9b0cc0, 0x00000241febd0220,
0x00000241fe7fe8f0, 0x00000241ff094fb0, 0x00000241fe92c7d0, 0x00000241d48cd590,
0x00000241d48cc1e0, 0x00000241d48ce2b0, 0x00000241d48cdc20, 0x00000241d48cefd0,
0x00000241d48ccf00, 0x00000241dc3574a0, 0x00000241dc354020, 0x00000241dc355a60,
0x00000241dc3560f0, 0x00000241dc357b30, 0x00000241dc3546b0, 0x00000241dc3581c0,
0x00000241dc358850, 0x00000241dc3553d0, 0x00000241dc35a920, 0x00000241dc359570,
0x00000241dc35afb0, 0x000002424f4c0c10, 0x000002424e41ed50, 0x00000242515dc130,
0x000002424e41f3e0, 0x00000242554e4fc0, 0x0000024250d27c80, 0x0000024250612ca0,
0x0000024256a1f6a0, 0x000002424e41fa70, 0x000002425567dd00, 0x000002425567bc30,
0x00000242515dbaa0, 0x00000242515da060, 0x00000241dfb4f110, 0x00000242515da6f0,
0x00000241dfb4dd60, 0x000002424f226a10, 0x00000241e9273230, 0x00000241fe488910,
0x00000242515dad80, 0x000002425567c2c0, 0x0000024255d0ddf0, 0x000002425567b5a0,
0x00000241e958b130, 0x00000241e926fdb0, 0x00000241e9270ad0
}

Java Threads: ( => current thread )
  0x00000241ea96bf70 JavaThread "main"                              [_thread_blocked, id=10928, stack(0x000000d1e0900000,0x000000d1e0a00000) (1024K)]
  0x00000241fd78c840 JavaThread "Reference Handler"          daemon [_thread_blocked, id=26632, stack(0x000000d1e1100000,0x000000d1e1200000) (1024K)]
  0x00000241fd78d4a0 JavaThread "Finalizer"                  daemon [_thread_blocked, id=14292, stack(0x000000d1e1200000,0x000000d1e1300000) (1024K)]
  0x00000241fd790270 JavaThread "Signal Dispatcher"          daemon [_thread_blocked, id=1208, stack(0x000000d1e1300000,0x000000d1e1400000) (1024K)]
  0x00000241fd791e10 JavaThread "Attach Listener"            daemon [_thread_blocked, id=6968, stack(0x000000d1e1400000,0x000000d1e1500000) (1024K)]
  0x00000241fd794d10 JavaThread "Service Thread"             daemon [_thread_blocked, id=27512, stack(0x000000d1e1500000,0x000000d1e1600000) (1024K)]
  0x00000241fd798be0 JavaThread "Monitor Deflation Thread"   daemon [_thread_blocked, id=20464, stack(0x000000d1e1600000,0x000000d1e1700000) (1024K)]
  0x00000241fd7a2f40 JavaThread "C2 CompilerThread0"         daemon [_thread_blocked, id=14920, stack(0x000000d1e1700000,0x000000d1e1800000) (1024K)]
  0x00000241fd8e0310 JavaThread "C1 CompilerThread0"         daemon [_thread_blocked, id=18012, stack(0x000000d1e1800000,0x000000d1e1900000) (1024K)]
  0x00000241fd9f23f0 JavaThread "Common-Cleaner"             daemon [_thread_blocked, id=22008, stack(0x000000d1e1b00000,0x000000d1e1c00000) (1024K)]
  0x00000241fe9b0cc0 JavaThread "Monitor Ctrl-Break"         daemon [_thread_in_native, id=14884, stack(0x000000d1e2400000,0x000000d1e2500000) (1024K)]
  0x00000241febd0220 JavaThread "Notification Thread"        daemon [_thread_blocked, id=22060, stack(0x000000d1e2500000,0x000000d1e2600000) (1024K)]
  0x00000241fe7fe8f0 JavaThread "QuantumRenderer-0"          daemon [_thread_blocked, id=22296, stack(0x000000d1e2b00000,0x000000d1e2c00000) (1024K)]
  0x00000241ff094fb0 JavaThread "InvokeLaterDispatcher"      daemon [_thread_blocked, id=28380, stack(0x000000d1e2200000,0x000000d1e2300000) (1024K)]
=>0x00000241fe92c7d0 JavaThread "JavaFX Application Thread"         [_thread_in_native, id=23992, stack(0x000000d1e2300000,0x000000d1e2400000) (1024K)]
  0x00000241d48cd590 JavaThread "JavaFX-Launcher"                   [_thread_blocked, id=15232, stack(0x000000d1e3200000,0x000000d1e3300000) (1024K)]
  0x00000241d48cc1e0 JavaThread "Thread-2"                   daemon [_thread_in_native, id=6944, stack(0x000000d1e3100000,0x000000d1e3200000) (1024K)]
  0x00000241d48ce2b0 JavaThread "mysql-cj-abandoned-connection-cleanup" daemon [_thread_blocked, id=22888, stack(0x000000d1e3300000,0x000000d1e3400000) (1024K)]
  0x00000241d48cdc20 JavaThread "Prism Font Disposer"        daemon [_thread_blocked, id=8088, stack(0x000000d1e3f00000,0x000000d1e4000000) (1024K)]
  0x00000241d48cefd0 JavaThread "Cleaner-0"                  daemon [_thread_blocked, id=29204, stack(0x000000d1e4200000,0x000000d1e4300000) (1024K)]
  0x00000241d48ccf00 JavaThread "Thread-4"                          [_thread_in_native, id=25632, stack(0x000000d1e2100000,0x000000d1e2200000) (1024K)]
  0x00000241dc3574a0 JavaThread "Disposer"                   daemon [_thread_blocked, id=19036, stack(0x000000d1e6600000,0x000000d1e6700000) (1024K)]
  0x00000241dc354020 JavaThread "idle-timeout-task"          daemon [_thread_blocked, id=21640, stack(0x000000d1e6800000,0x000000d1e6900000) (1024K)]
  0x00000241dc355a60 JavaThread "HTTP-Dispatcher"                   [_thread_in_native, id=17312, stack(0x000000d1e6900000,0x000000d1e6a00000) (1024K)]
  0x00000241dc3560f0 JavaThread "HttpClient-1-SelectorManager" daemon [_thread_in_native, id=6232, stack(0x000000d1e6a00000,0x000000d1e6b00000) (1024K)]
  0x00000241dc357b30 JavaThread "HttpClient-1-Worker-0"      daemon [_thread_blocked, id=24060, stack(0x000000d1e6b00000,0x000000d1e6c00000) (1024K)]
  0x00000241dc3546b0 JavaThread "idle-timeout-task"          daemon [_thread_blocked, id=11316, stack(0x000000d1e6c00000,0x000000d1e6d00000) (1024K)]
  0x00000241dc3581c0 JavaThread "HTTP-Dispatcher"                   [_thread_in_native, id=12420, stack(0x000000d1e6d00000,0x000000d1e6e00000) (1024K)]
  0x00000241dc358850 JavaThread "HttpClient-1-Worker-1"      daemon [_thread_blocked, id=10444, stack(0x000000d1e6f00000,0x000000d1e7000000) (1024K)]
  0x00000241dc3553d0 JavaThread "HttpClient-1-Worker-2"      daemon [_thread_blocked, id=26736, stack(0x000000d1e7000000,0x000000d1e7100000) (1024K)]
  0x00000241dc35a920 JavaThread "ForkJoinPool.commonPool-worker-1" daemon [_thread_blocked, id=23708, stack(0x000000d1e7100000,0x000000d1e7200000) (1024K)]
  0x00000241dc359570 JavaThread "Thread-7"                   daemon [_thread_in_native, id=28316, stack(0x000000d1e7c00000,0x000000d1e7d00000) (1024K)]
  0x00000241dc35afb0 JavaThread "ForkJoinPool.commonPool-worker-2" daemon [_thread_blocked, id=21400, stack(0x000000d1e7200000,0x000000d1e7300000) (1024K)]
  0x000002424f4c0c10 JavaThread "ForkJoinPool.commonPool-worker-3" daemon [_thread_blocked, id=7716, stack(0x000000d1e8300000,0x000000d1e8400000) (1024K)]
  0x000002424e41ed50 JavaThread "ForkJoinPool.commonPool-worker-4" daemon [_thread_blocked, id=24544, stack(0x000000d1e8400000,0x000000d1e8500000) (1024K)]
  0x00000242515dc130 JavaThread "Thread-18"                         [_thread_in_native, id=19084, stack(0x000000d1e8500000,0x000000d1e8600000) (1024K)]
  0x000002424e41f3e0 JavaThread "Thread-833"                        [_thread_blocked, id=15060, stack(0x000000d1e4300000,0x000000d1e4400000) (1024K)]
  0x00000242554e4fc0 JavaThread "Thread-834"                        [_thread_blocked, id=12956, stack(0x000000d1e4e00000,0x000000d1e4f00000) (1024K)]
  0x0000024250d27c80 JavaThread "Thread-835"                        [_thread_blocked, id=16816, stack(0x000000d1e1900000,0x000000d1e1a00000) (1024K)]
  0x0000024250612ca0 JavaThread "Thread-836"                        [_thread_blocked, id=26168, stack(0x000000d1e8a00000,0x000000d1e8b00000) (1024K)]
  0x0000024256a1f6a0 JavaThread "Thread-837"                        [_thread_blocked, id=20832, stack(0x000000d1e9100000,0x000000d1e9200000) (1024K)]
  0x000002424e41fa70 JavaThread "Thread-838"                        [_thread_blocked, id=12992, stack(0x000000d1e6700000,0x000000d1e6800000) (1024K)]
  0x000002425567dd00 JavaThread "Thread-839"                        [_thread_blocked, id=16204, stack(0x000000d1e7e00000,0x000000d1e7f00000) (1024K)]
  0x000002425567bc30 JavaThread "Thread-840"                        [_thread_blocked, id=24844, stack(0x000000d1e7f00000,0x000000d1e8000000) (1024K)]
  0x00000242515dbaa0 JavaThread "Thread-841"                        [_thread_blocked, id=13192, stack(0x000000d1e8700000,0x000000d1e8800000) (1024K)]
  0x00000242515da060 JavaThread "Thread-842"                        [_thread_blocked, id=5140, stack(0x000000d1e8800000,0x000000d1e8900000) (1024K)]
  0x00000241dfb4f110 JavaThread "Thread-843"                        [_thread_blocked, id=27920, stack(0x000000d1e8900000,0x000000d1e8a00000) (1024K)]
  0x00000242515da6f0 JavaThread "Thread-844"                        [_thread_blocked, id=11640, stack(0x000000d1e0700000,0x000000d1e0800000) (1024K)]
  0x00000241dfb4dd60 JavaThread "Thread-846"                        [_thread_blocked, id=18780, stack(0x000000d1e0800000,0x000000d1e0900000) (1024K)]
  0x000002424f226a10 JavaThread "Thread-847"                        [_thread_blocked, id=4144, stack(0x000000d1e1c00000,0x000000d1e1d00000) (1024K)]
  0x00000241e9273230 JavaThread "Thread-848"                        [_thread_blocked, id=27216, stack(0x000000d1e9200000,0x000000d1e9300000) (1024K)]
  0x00000241fe488910 JavaThread "Thread-849"                        [_thread_blocked, id=22956, stack(0x000000d1e8b00000,0x000000d1e8c00000) (1024K)]
  0x00000242515dad80 JavaThread "Thread-850"                        [_thread_blocked, id=16740, stack(0x000000d1e8c00000,0x000000d1e8d00000) (1024K)]
  0x000002425567c2c0 JavaThread "Thread-851"                        [_thread_blocked, id=19560, stack(0x000000d1e7d00000,0x000000d1e7e00000) (1024K)]
  0x0000024255d0ddf0 JavaThread "Thread-852"                        [_thread_blocked, id=23620, stack(0x000000d1e8d00000,0x000000d1e8e00000) (1024K)]
  0x000002425567b5a0 JavaThread "Thread-853"                        [_thread_blocked, id=23852, stack(0x000000d1e8e00000,0x000000d1e8f00000) (1024K)]
  0x00000241e958b130 JavaThread "Thread-854"                        [_thread_blocked, id=5144, stack(0x000000d1e8f00000,0x000000d1e9000000) (1024K)]
  0x00000241e926fdb0 JavaThread "Thread-855"                        [_thread_blocked, id=3792, stack(0x000000d1e1a00000,0x000000d1e1b00000) (1024K)]
  0x00000241e9270ad0 JavaThread "Thread-856"                        [_thread_blocked, id=21700, stack(0x000000d1e2000000,0x000000d1e2100000) (1024K)]
Total: 59

Other Threads:
  0x00000241fd769900 VMThread "VM Thread"                           [id=12432, stack(0x000000d1e1000000,0x000000d1e1100000) (1024K)]
  0x00000241fd751fe0 WatcherThread "VM Periodic Task Thread"        [id=28420, stack(0x000000d1e0f00000,0x000000d1e1000000) (1024K)]
  0x00000241ec4566c0 WorkerThread "GC Thread#0"                     [id=3592, stack(0x000000d1e0a00000,0x000000d1e0b00000) (1024K)]
  0x00000241fdff49e0 WorkerThread "GC Thread#1"                     [id=12856, stack(0x000000d1e2600000,0x000000d1e2700000) (1024K)]
  0x00000241fdff4d80 WorkerThread "GC Thread#2"                     [id=10668, stack(0x000000d1e2700000,0x000000d1e2800000) (1024K)]
  0x00000241fdff5120 WorkerThread "GC Thread#3"                     [id=27800, stack(0x000000d1e2800000,0x000000d1e2900000) (1024K)]
  0x00000241fdff54c0 WorkerThread "GC Thread#4"                     [id=26692, stack(0x000000d1e2900000,0x000000d1e2a00000) (1024K)]
  0x00000241fdff5860 WorkerThread "GC Thread#5"                     [id=16756, stack(0x000000d1e2a00000,0x000000d1e2b00000) (1024K)]
  0x00000241ff06d940 WorkerThread "GC Thread#6"                     [id=2712, stack(0x000000d1e3400000,0x000000d1e3500000) (1024K)]
  0x00000241ff06eb60 WorkerThread "GC Thread#7"                     [id=13032, stack(0x000000d1e3500000,0x000000d1e3600000) (1024K)]
  0x00000241ff06dce0 WorkerThread "GC Thread#8"                     [id=23080, stack(0x000000d1e3600000,0x000000d1e3700000) (1024K)]
  0x00000241ff06e080 WorkerThread "GC Thread#9"                     [id=28996, stack(0x000000d1e3700000,0x000000d1e3800000) (1024K)]
  0x00000241ff06e420 WorkerThread "GC Thread#10"                    [id=8116, stack(0x000000d1e3800000,0x000000d1e3900000) (1024K)]
  0x00000241ff06d200 WorkerThread "GC Thread#11"                    [id=25156, stack(0x000000d1e3900000,0x000000d1e3a00000) (1024K)]
  0x00000241ff06e7c0 WorkerThread "GC Thread#12"                    [id=23532, stack(0x000000d1e3a00000,0x000000d1e3b00000) (1024K)]
  0x00000241ec468f10 ConcurrentGCThread "G1 Main Marker"            [id=28248, stack(0x000000d1e0b00000,0x000000d1e0c00000) (1024K)]
  0x00000241ec46a8c0 WorkerThread "G1 Conc#0"                       [id=28100, stack(0x000000d1e0c00000,0x000000d1e0d00000) (1024K)]
  0x00000241d4d956a0 WorkerThread "G1 Conc#1"                       [id=5972, stack(0x000000d1e4000000,0x000000d1e4100000) (1024K)]
  0x00000241d4d95a40 WorkerThread "G1 Conc#2"                       [id=19616, stack(0x000000d1e4100000,0x000000d1e4200000) (1024K)]
  0x00000241fd618370 ConcurrentGCThread "G1 Refine#0"               [id=4952, stack(0x000000d1e0d00000,0x000000d1e0e00000) (1024K)]
  0x00000241fd618d80 ConcurrentGCThread "G1 Service"                [id=4300, stack(0x000000d1e0e00000,0x000000d1e0f00000) (1024K)]
Total: 21

Threads with active compile tasks:
Total: 0

VM state: not at safepoint (normal execution)

VM Mutex/Monitor currently owned by a thread: None

OutOfMemory and StackOverflow Exception counts:
StackOverflowErrors=697
LinkageErrors=83

Heap address: 0x0000000705200000, size: 4014 MB, Compressed Oops mode: Zero based, Oop shift amount: 3

CDS archive(s) mapped at: [0x000002418f000000-0x000002418fc90000-0x000002418fc90000), size 13172736, SharedBaseAddress: 0x000002418f000000, ArchiveRelocationMode: 1.
Compressed class space mapped at: 0x0000024190000000-0x00000241d0000000, reserved size: 1073741824
Narrow klass base: 0x000002418f000000, Narrow klass shift: 0, Narrow klass range: 0x100000000

GC Precious Log:
 CardTable entry size: 512
 Card Set container configuration: InlinePtr #cards 4 size 8 Array Of Cards #cards 16 size 48 Howl #buckets 8 coarsen threshold 3686 Howl Bitmap #cards 512 size 80 coarsen threshold 460 Card regions per heap region 1 cards per card region 4096
 CPUs: 16 total, 16 available
 Memory: 16051M
 Large Page Support: Disabled
 NUMA Support: Disabled
 Compressed Oops: Enabled (Zero based)
 Heap Region Size: 2M
 Heap Min Capacity: 8M
 Heap Initial Capacity: 252M
 Heap Max Capacity: 4014M
 Pre-touch: Disabled
 Parallel Workers: 13
 Concurrent Workers: 3
 Concurrent Refinement Workers: 13
 Periodic GC: Disabled

Heap:
 garbage-first heap   total 253952K, used 152211K [0x0000000705200000, 0x0000000800000000)
  region size 2048K, 9 young (18432K), 2 survivors (4096K)
 Metaspace       used 38321K, committed 38912K, reserved 1114112K
  class space    used 4562K, committed 4864K, reserved 1048576K

Heap Regions: E=young(eden), S=young(survivor), O=old, HS=humongous(starts), HC=humongous(continues), CS=collection set, F=free, TAMS=top-at-mark-start, PB=parsable bottom
|   0|0x0000000705200000, 0x0000000705400000, 0x0000000705400000|100%| O|  |TAMS 0x0000000705200000| PB 0x0000000705200000| Untracked 
|   1|0x0000000705400000, 0x0000000705600000, 0x0000000705600000|100%| O|  |TAMS 0x0000000705400000| PB 0x0000000705400000| Untracked 
|   2|0x0000000705600000, 0x0000000705800000, 0x0000000705800000|100%| O|  |TAMS 0x0000000705600000| PB 0x0000000705600000| Untracked 
|   3|0x0000000705800000, 0x0000000705a00000, 0x0000000705a00000|100%| O|  |TAMS 0x0000000705800000| PB 0x0000000705800000| Untracked 
|   4|0x0000000705a00000, 0x0000000705c00000, 0x0000000705c00000|100%| O|  |TAMS 0x0000000705a00000| PB 0x0000000705a00000| Untracked 
|   5|0x0000000705c00000, 0x0000000705e00000, 0x0000000705e00000|100%| O|  |TAMS 0x0000000705c00000| PB 0x0000000705c00000| Untracked 
|   6|0x0000000705e00000, 0x0000000706000000, 0x0000000706000000|100%| O|  |TAMS 0x0000000705e00000| PB 0x0000000705e00000| Untracked 
|   7|0x0000000706000000, 0x0000000706200000, 0x0000000706200000|100%| O|  |TAMS 0x0000000706000000| PB 0x0000000706000000| Untracked 
|   8|0x0000000706200000, 0x0000000706400000, 0x0000000706400000|100%| O|  |TAMS 0x0000000706200000| PB 0x0000000706200000| Untracked 
|   9|0x0000000706400000, 0x0000000706600000, 0x0000000706600000|100%| O|  |TAMS 0x0000000706400000| PB 0x0000000706400000| Untracked 
|  10|0x0000000706600000, 0x0000000706800000, 0x0000000706800000|100%| O|  |TAMS 0x0000000706600000| PB 0x0000000706600000| Untracked 
|  11|0x0000000706800000, 0x0000000706a00000, 0x0000000706a00000|100%| O|  |TAMS 0x0000000706800000| PB 0x0000000706800000| Untracked 
|  12|0x0000000706a00000, 0x0000000706c00000, 0x0000000706c00000|100%| O|  |TAMS 0x0000000706a00000| PB 0x0000000706a00000| Untracked 
|  13|0x0000000706c00000, 0x0000000706e00000, 0x0000000706e00000|100%| O|  |TAMS 0x0000000706c00000| PB 0x0000000706c00000| Untracked 
|  14|0x0000000706e00000, 0x0000000707000000, 0x0000000707000000|100%| O|  |TAMS 0x0000000706e00000| PB 0x0000000706e00000| Untracked 
|  15|0x0000000707000000, 0x0000000707200000, 0x0000000707200000|100%| O|  |TAMS 0x0000000707000000| PB 0x0000000707000000| Untracked 
|  16|0x0000000707200000, 0x0000000707400000, 0x0000000707400000|100%| O|  |TAMS 0x0000000707200000| PB 0x0000000707200000| Untracked 
|  17|0x0000000707400000, 0x0000000707400000, 0x0000000707600000|  0%| F|  |TAMS 0x0000000707400000| PB 0x0000000707400000| Untracked 
|  18|0x0000000707600000, 0x0000000707800000, 0x0000000707800000|100%| O|  |TAMS 0x0000000707600000| PB 0x0000000707600000| Untracked 
|  19|0x0000000707800000, 0x0000000707a00000, 0x0000000707a00000|100%| O|  |TAMS 0x0000000707800000| PB 0x0000000707800000| Untracked 
|  20|0x0000000707a00000, 0x0000000707c00000, 0x0000000707c00000|100%| O|  |TAMS 0x0000000707a00000| PB 0x0000000707a00000| Untracked 
|  21|0x0000000707c00000, 0x0000000707e00000, 0x0000000707e00000|100%| O|  |TAMS 0x0000000707c00000| PB 0x0000000707c00000| Untracked 
|  22|0x0000000707e00000, 0x0000000708000000, 0x0000000708000000|100%| O|  |TAMS 0x0000000707e00000| PB 0x0000000707e00000| Untracked 
|  23|0x0000000708000000, 0x0000000708200000, 0x0000000708200000|100%| O|  |TAMS 0x0000000708000000| PB 0x0000000708000000| Untracked 
|  24|0x0000000708200000, 0x0000000708400000, 0x0000000708400000|100%| O|Cm|TAMS 0x0000000708200000| PB 0x0000000708200000| Complete 
|  25|0x0000000708400000, 0x0000000708600000, 0x0000000708600000|100%| O|  |TAMS 0x0000000708400000| PB 0x0000000708400000| Untracked 
|  26|0x0000000708600000, 0x0000000708800000, 0x0000000708800000|100%| O|  |TAMS 0x0000000708600000| PB 0x0000000708600000| Untracked 
|  27|0x0000000708800000, 0x0000000708a00000, 0x0000000708a00000|100%| O|  |TAMS 0x0000000708800000| PB 0x0000000708800000| Untracked 
|  28|0x0000000708a00000, 0x0000000708c00000, 0x0000000708c00000|100%| O|  |TAMS 0x0000000708a00000| PB 0x0000000708a00000| Untracked 
|  29|0x0000000708c00000, 0x0000000708e00000, 0x0000000708e00000|100%| O|  |TAMS 0x0000000708c00000| PB 0x0000000708c00000| Untracked 
|  30|0x0000000708e00000, 0x0000000709000000, 0x0000000709000000|100%| O|  |TAMS 0x0000000708e00000| PB 0x0000000708e00000| Untracked 
|  31|0x0000000709000000, 0x0000000709200000, 0x0000000709200000|100%| O|  |TAMS 0x0000000709000000| PB 0x0000000709000000| Untracked 
|  32|0x0000000709200000, 0x0000000709400000, 0x0000000709400000|100%| O|  |TAMS 0x0000000709200000| PB 0x0000000709200000| Untracked 
|  33|0x0000000709400000, 0x0000000709600000, 0x0000000709600000|100%| O|  |TAMS 0x0000000709400000| PB 0x0000000709400000| Untracked 
|  34|0x0000000709600000, 0x0000000709800000, 0x0000000709800000|100%| O|  |TAMS 0x0000000709600000| PB 0x0000000709600000| Untracked 
|  35|0x0000000709800000, 0x0000000709a00000, 0x0000000709a00000|100%| O|  |TAMS 0x0000000709800000| PB 0x0000000709800000| Untracked 
|  36|0x0000000709a00000, 0x0000000709c00000, 0x0000000709c00000|100%| O|  |TAMS 0x0000000709a00000| PB 0x0000000709a00000| Untracked 
|  37|0x0000000709c00000, 0x0000000709e00000, 0x0000000709e00000|100%| O|  |TAMS 0x0000000709c00000| PB 0x0000000709c00000| Untracked 
|  38|0x0000000709e00000, 0x000000070a000000, 0x000000070a000000|100%| O|  |TAMS 0x0000000709e00000| PB 0x0000000709e00000| Untracked 
|  39|0x000000070a000000, 0x000000070a200000, 0x000000070a200000|100%| O|  |TAMS 0x000000070a000000| PB 0x000000070a000000| Untracked 
|  40|0x000000070a200000, 0x000000070a400000, 0x000000070a400000|100%| O|  |TAMS 0x000000070a200000| PB 0x000000070a200000| Untracked 
|  41|0x000000070a400000, 0x000000070a600000, 0x000000070a600000|100%| O|  |TAMS 0x000000070a400000| PB 0x000000070a400000| Untracked 
|  42|0x000000070a600000, 0x000000070a800000, 0x000000070a800000|100%| O|  |TAMS 0x000000070a600000| PB 0x000000070a600000| Untracked 
|  43|0x000000070a800000, 0x000000070aa00000, 0x000000070aa00000|100%| O|  |TAMS 0x000000070a800000| PB 0x000000070a800000| Untracked 
|  44|0x000000070aa00000, 0x000000070ac00000, 0x000000070ac00000|100%| O|  |TAMS 0x000000070aa00000| PB 0x000000070aa00000| Untracked 
|  45|0x000000070ac00000, 0x000000070ae00000, 0x000000070ae00000|100%| O|  |TAMS 0x000000070ac00000| PB 0x000000070ac00000| Untracked 
|  46|0x000000070ae00000, 0x000000070b000000, 0x000000070b000000|100%| O|  |TAMS 0x000000070ae00000| PB 0x000000070ae00000| Untracked 
|  47|0x000000070b000000, 0x000000070b200000, 0x000000070b200000|100%| O|  |TAMS 0x000000070b000000| PB 0x000000070b000000| Untracked 
|  48|0x000000070b200000, 0x000000070b200000, 0x000000070b400000|  0%| F|  |TAMS 0x000000070b200000| PB 0x000000070b200000| Untracked 
|  49|0x000000070b400000, 0x000000070b600000, 0x000000070b600000|100%| O|  |TAMS 0x000000070b400000| PB 0x000000070b400000| Untracked 
|  50|0x000000070b600000, 0x000000070b800000, 0x000000070b800000|100%| O|  |TAMS 0x000000070b600000| PB 0x000000070b600000| Untracked 
|  51|0x000000070b800000, 0x000000070ba00000, 0x000000070ba00000|100%| O|  |TAMS 0x000000070b800000| PB 0x000000070b800000| Untracked 
|  52|0x000000070ba00000, 0x000000070bc00000, 0x000000070bc00000|100%| O|  |TAMS 0x000000070ba00000| PB 0x000000070ba00000| Untracked 
|  53|0x000000070bc00000, 0x000000070be00000, 0x000000070be00000|100%| O|  |TAMS 0x000000070bc00000| PB 0x000000070bc00000| Untracked 
|  54|0x000000070be00000, 0x000000070c000000, 0x000000070c000000|100%| O|Cm|TAMS 0x000000070be00000| PB 0x000000070be00000| Complete 
|  55|0x000000070c000000, 0x000000070c000000, 0x000000070c200000|  0%| F|  |TAMS 0x000000070c000000| PB 0x000000070c000000| Untracked 
|  56|0x000000070c200000, 0x000000070c400000, 0x000000070c400000|100%| O|  |TAMS 0x000000070c200000| PB 0x000000070c200000| Untracked 
|  57|0x000000070c400000, 0x000000070c600000, 0x000000070c600000|100%| O|Cm|TAMS 0x000000070c400000| PB 0x000000070c400000| Complete 
|  58|0x000000070c600000, 0x000000070c600000, 0x000000070c800000|  0%| F|  |TAMS 0x000000070c600000| PB 0x000000070c600000| Untracked 
|  59|0x000000070c800000, 0x000000070ca00000, 0x000000070ca00000|100%| O|  |TAMS 0x000000070c800000| PB 0x000000070c800000| Untracked 
|  60|0x000000070ca00000, 0x000000070cc00000, 0x000000070cc00000|100%| O|  |TAMS 0x000000070ca00000| PB 0x000000070ca00000| Untracked 
|  61|0x000000070cc00000, 0x000000070ce00000, 0x000000070ce00000|100%| O|  |TAMS 0x000000070cc00000| PB 0x000000070cc00000| Untracked 
|  62|0x000000070ce00000, 0x000000070ce00000, 0x000000070d000000|  0%| F|  |TAMS 0x000000070ce00000| PB 0x000000070ce00000| Untracked 
|  63|0x000000070d000000, 0x000000070d000000, 0x000000070d200000|  0%| F|  |TAMS 0x000000070d000000| PB 0x000000070d000000| Untracked 
|  64|0x000000070d200000, 0x000000070d400000, 0x000000070d400000|100%| O|Cm|TAMS 0x000000070d200000| PB 0x000000070d200000| Complete 
|  65|0x000000070d400000, 0x000000070d400000, 0x000000070d600000|  0%| F|  |TAMS 0x000000070d400000| PB 0x000000070d400000| Untracked 
|  66|0x000000070d600000, 0x000000070d600000, 0x000000070d800000|  0%| F|  |TAMS 0x000000070d600000| PB 0x000000070d600000| Untracked 
|  67|0x000000070d800000, 0x000000070d800000, 0x000000070da00000|  0%| F|  |TAMS 0x000000070d800000| PB 0x000000070d800000| Untracked 
|  68|0x000000070da00000, 0x000000070da00000, 0x000000070dc00000|  0%| F|  |TAMS 0x000000070da00000| PB 0x000000070da00000| Untracked 
|  69|0x000000070dc00000, 0x000000070dc00000, 0x000000070de00000|  0%| F|  |TAMS 0x000000070dc00000| PB 0x000000070dc00000| Untracked 
|  70|0x000000070de00000, 0x000000070de00000, 0x000000070e000000|  0%| F|  |TAMS 0x000000070de00000| PB 0x000000070de00000| Untracked 
|  71|0x000000070e000000, 0x000000070e000000, 0x000000070e200000|  0%| F|  |TAMS 0x000000070e000000| PB 0x000000070e000000| Untracked 
|  72|0x000000070e200000, 0x000000070e200000, 0x000000070e400000|  0%| F|  |TAMS 0x000000070e200000| PB 0x000000070e200000| Untracked 
|  73|0x000000070e400000, 0x000000070e400000, 0x000000070e600000|  0%| F|  |TAMS 0x000000070e400000| PB 0x000000070e400000| Untracked 
|  74|0x000000070e600000, 0x000000070e600000, 0x000000070e800000|  0%| F|  |TAMS 0x000000070e600000| PB 0x000000070e600000| Untracked 
|  75|0x000000070e800000, 0x000000070ea00000, 0x000000070ea00000|100%| O|  |TAMS 0x000000070e800000| PB 0x000000070e800000| Untracked 
|  76|0x000000070ea00000, 0x000000070ea00000, 0x000000070ec00000|  0%| F|  |TAMS 0x000000070ea00000| PB 0x000000070ea00000| Untracked 
|  77|0x000000070ec00000, 0x000000070ee00000, 0x000000070ee00000|100%| O|  |TAMS 0x000000070ec00000| PB 0x000000070ec00000| Untracked 
|  78|0x000000070ee00000, 0x000000070ee00000, 0x000000070f000000|  0%| F|  |TAMS 0x000000070ee00000| PB 0x000000070ee00000| Untracked 
|  79|0x000000070f000000, 0x000000070f000000, 0x000000070f200000|  0%| F|  |TAMS 0x000000070f000000| PB 0x000000070f000000| Untracked 
|  80|0x000000070f200000, 0x000000070f200000, 0x000000070f400000|  0%| F|  |TAMS 0x000000070f200000| PB 0x000000070f200000| Untracked 
|  81|0x000000070f400000, 0x000000070f400000, 0x000000070f600000|  0%| F|  |TAMS 0x000000070f400000| PB 0x000000070f400000| Untracked 
|  82|0x000000070f600000, 0x000000070f800000, 0x000000070f800000|100%| O|Cm|TAMS 0x000000070f600000| PB 0x000000070f600000| Complete 
|  83|0x000000070f800000, 0x000000070fa00000, 0x000000070fa00000|100%| O|  |TAMS 0x000000070f800000| PB 0x000000070f800000| Untracked 
|  84|0x000000070fa00000, 0x000000070fc00000, 0x000000070fc00000|100%| O|  |TAMS 0x000000070fa00000| PB 0x000000070fa00000| Untracked 
|  85|0x000000070fc00000, 0x000000070fe00000, 0x000000070fe00000|100%|HS|  |TAMS 0x000000070fc00000| PB 0x000000070fc00000| Complete 
|  86|0x000000070fe00000, 0x0000000710000000, 0x0000000710000000|100%| O|  |TAMS 0x000000070fe00000| PB 0x000000070fe00000| Untracked 
|  87|0x0000000710000000, 0x0000000710184cd0, 0x0000000710200000| 75%| O|  |TAMS 0x0000000710000000| PB 0x0000000710000000| Untracked 
|  88|0x0000000710200000, 0x0000000710200000, 0x0000000710400000|  0%| F|  |TAMS 0x0000000710200000| PB 0x0000000710200000| Untracked 
|  89|0x0000000710400000, 0x0000000710400000, 0x0000000710600000|  0%| F|  |TAMS 0x0000000710400000| PB 0x0000000710400000| Untracked 
|  90|0x0000000710600000, 0x0000000710600000, 0x0000000710800000|  0%| F|  |TAMS 0x0000000710600000| PB 0x0000000710600000| Untracked 
|  91|0x0000000710800000, 0x0000000710800000, 0x0000000710a00000|  0%| F|  |TAMS 0x0000000710800000| PB 0x0000000710800000| Untracked 
|  92|0x0000000710a00000, 0x0000000710a00000, 0x0000000710c00000|  0%| F|  |TAMS 0x0000000710a00000| PB 0x0000000710a00000| Untracked 
|  93|0x0000000710c00000, 0x0000000710c00000, 0x0000000710e00000|  0%| F|  |TAMS 0x0000000710c00000| PB 0x0000000710c00000| Untracked 
|  94|0x0000000710e00000, 0x0000000710e00000, 0x0000000711000000|  0%| F|  |TAMS 0x0000000710e00000| PB 0x0000000710e00000| Untracked 
|  95|0x0000000711000000, 0x0000000711000000, 0x0000000711200000|  0%| F|  |TAMS 0x0000000711000000| PB 0x0000000711000000| Untracked 
|  99|0x0000000711800000, 0x0000000711800000, 0x0000000711a00000|  0%| F|  |TAMS 0x0000000711800000| PB 0x0000000711800000| Untracked 
| 103|0x0000000712000000, 0x0000000712000000, 0x0000000712200000|  0%| F|  |TAMS 0x0000000712000000| PB 0x0000000712000000| Untracked 
| 104|0x0000000712200000, 0x0000000712320050, 0x0000000712400000| 56%| S|CS|TAMS 0x0000000712200000| PB 0x0000000712200000| Complete 
| 105|0x0000000712400000, 0x0000000712600000, 0x0000000712600000|100%| S|CS|TAMS 0x0000000712400000| PB 0x0000000712400000| Complete 
| 106|0x0000000712600000, 0x0000000712600000, 0x0000000712800000|  0%| F|  |TAMS 0x0000000712600000| PB 0x0000000712600000| Untracked 
| 107|0x0000000712800000, 0x0000000712800000, 0x0000000712a00000|  0%| F|  |TAMS 0x0000000712800000| PB 0x0000000712800000| Untracked 
| 125|0x0000000714c00000, 0x0000000714c00000, 0x0000000714e00000|  0%| F|  |TAMS 0x0000000714c00000| PB 0x0000000714c00000| Untracked 
|1986|0x00000007fd600000, 0x00000007fd800000, 0x00000007fd800000|100%| O|Cm|TAMS 0x00000007fd600000| PB 0x00000007fd600000| Complete 
|1987|0x00000007fd800000, 0x00000007fd800000, 0x00000007fda00000|  0%| F|  |TAMS 0x00000007fd800000| PB 0x00000007fd800000| Untracked 
|1988|0x00000007fda00000, 0x00000007fda00000, 0x00000007fdc00000|  0%| F|  |TAMS 0x00000007fda00000| PB 0x00000007fda00000| Untracked 
|1989|0x00000007fdc00000, 0x00000007fdc00000, 0x00000007fde00000|  0%| F|  |TAMS 0x00000007fdc00000| PB 0x00000007fdc00000| Untracked 
|1990|0x00000007fde00000, 0x00000007fde00000, 0x00000007fe000000|  0%| F|  |TAMS 0x00000007fde00000| PB 0x00000007fde00000| Untracked 
|1991|0x00000007fe000000, 0x00000007fe000000, 0x00000007fe200000|  0%| F|  |TAMS 0x00000007fe000000| PB 0x00000007fe000000| Untracked 
|1992|0x00000007fe200000, 0x00000007fe200000, 0x00000007fe400000|  0%| F|  |TAMS 0x00000007fe200000| PB 0x00000007fe200000| Untracked 
|1993|0x00000007fe400000, 0x00000007fe400000, 0x00000007fe600000|  0%| F|  |TAMS 0x00000007fe400000| PB 0x00000007fe400000| Untracked 
|1994|0x00000007fe600000, 0x00000007fe600000, 0x00000007fe800000|  0%| F|  |TAMS 0x00000007fe600000| PB 0x00000007fe600000| Untracked 
|1995|0x00000007fe800000, 0x00000007fe800000, 0x00000007fea00000|  0%| F|  |TAMS 0x00000007fe800000| PB 0x00000007fe800000| Untracked 
|1996|0x00000007fea00000, 0x00000007fea00000, 0x00000007fec00000|  0%| F|  |TAMS 0x00000007fea00000| PB 0x00000007fea00000| Untracked 
|1997|0x00000007fec00000, 0x00000007fec00000, 0x00000007fee00000|  0%| F|  |TAMS 0x00000007fec00000| PB 0x00000007fec00000| Untracked 
|1998|0x00000007fee00000, 0x00000007fee00000, 0x00000007ff000000|  0%| F|  |TAMS 0x00000007fee00000| PB 0x00000007fee00000| Untracked 
|1999|0x00000007ff000000, 0x00000007ff000000, 0x00000007ff200000|  0%| F|  |TAMS 0x00000007ff000000| PB 0x00000007ff000000| Untracked 
|2000|0x00000007ff200000, 0x00000007ff2e1010, 0x00000007ff400000| 43%| E|  |TAMS 0x00000007ff200000| PB 0x00000007ff200000| Complete 
|2001|0x00000007ff400000, 0x00000007ff57f4c8, 0x00000007ff600000| 74%| E|  |TAMS 0x00000007ff400000| PB 0x00000007ff400000| Complete 
|2002|0x00000007ff600000, 0x00000007ff800000, 0x00000007ff800000|100%| E|CS|TAMS 0x00000007ff600000| PB 0x00000007ff600000| Complete 
|2003|0x00000007ff800000, 0x00000007ffa00000, 0x00000007ffa00000|100%| E|CS|TAMS 0x00000007ff800000| PB 0x00000007ff800000| Complete 
|2004|0x00000007ffa00000, 0x00000007ffc00000, 0x00000007ffc00000|100%| E|CS|TAMS 0x00000007ffa00000| PB 0x00000007ffa00000| Complete 
|2005|0x00000007ffc00000, 0x00000007ffe00000, 0x00000007ffe00000|100%| E|CS|TAMS 0x00000007ffc00000| PB 0x00000007ffc00000| Complete 
|2006|0x00000007ffe00000, 0x0000000800000000, 0x0000000800000000|100%| E|CS|TAMS 0x00000007ffe00000| PB 0x00000007ffe00000| Complete 

Card table byte_map: [0x00000241f6060000,0x00000241f6840000] _byte_map_base: 0x00000241f2837000

Marking Bits: (CMBitMap*) 0x00000241ec456cd0
 Bits: [0x00000241f6840000, 0x00000241fa6f8000)

Polling page: 0x00000241eab60000

Metaspace:

Usage:
  Non-class:     32.97 MB used.
      Class:      4.46 MB used.
       Both:     37.42 MB used.

Virtual space:
  Non-class space:       64.00 MB reserved,      33.25 MB ( 52%) committed,  1 nodes.
      Class space:        1.00 GB reserved,       4.75 MB ( <1%) committed,  1 nodes.
             Both:        1.06 GB reserved,      38.00 MB (  3%) committed. 

Chunk freelists:
   Non-Class:  14.06 MB
       Class:  11.09 MB
        Both:  25.16 MB

MaxMetaspaceSize: unlimited
CompressedClassSpaceSize: 1.00 GB
Initial GC threshold: 21.00 MB
Current GC threshold: 63.38 MB
CDS: on
 - commit_granule_bytes: 65536.
 - commit_granule_words: 8192.
 - virtual_space_node_default_size: 8388608.
 - enlarge_chunks_in_place: 1.
 - use_allocation_guard: 0.


Internal statistics:

num_allocs_failed_limit: 3.
num_arena_births: 808.
num_arena_deaths: 0.
num_vsnodes_births: 2.
num_vsnodes_deaths: 0.
num_space_committed: 608.
num_space_uncommitted: 0.
num_chunks_returned_to_freelist: 3.
num_chunks_taken_from_freelist: 2019.
num_chunk_merges: 3.
num_chunk_splits: 1322.
num_chunks_enlarged: 865.
num_inconsistent_stats: 0.

CodeHeap 'non-profiled nmethods': size=119168Kb used=5573Kb max_used=5589Kb free=113594Kb
 bounds [0x0000024187ba0000, 0x0000024188120000, 0x000002418f000000]
CodeHeap 'profiled nmethods': size=119104Kb used=20387Kb max_used=20847Kb free=98716Kb
 bounds [0x0000024180000000, 0x0000024181470000, 0x0000024187450000]
CodeHeap 'non-nmethods': size=7488Kb used=2399Kb max_used=4151Kb free=5088Kb
 bounds [0x0000024187450000, 0x0000024187870000, 0x0000024187ba0000]
 total_blobs=10484 nmethods=9189 adapters=1199
 compilation: enabled
              stopped_count=0, restarted_count=0
 full_count=0

Compilation events (20 events):
Event: 76.729 Thread 0x00000241fd8e0310 10907       3       java.util.concurrent.ConcurrentSkipListMap::doRemove (180 bytes)
Event: 76.730 Thread 0x00000241fd8e0310 nmethod 10907 0x00000241811c9c90 code [0x00000241811ca000, 0x00000241811cb690]
Event: 76.775 Thread 0x00000241fd8e0310 10908       3       java.nio.ByteBuffer::allocateDirect (9 bytes)
Event: 76.776 Thread 0x00000241fd8e0310 nmethod 10908 0x0000024180661090 code [0x0000024180661240, 0x00000241806613d8]
Event: 76.776 Thread 0x00000241fd8e0310 10909   !   3       java.nio.DirectByteBuffer::<init> (171 bytes)
Event: 76.777 Thread 0x00000241fd8e0310 nmethod 10909 0x0000024180e2bc90 code [0x0000024180e2bfa0, 0x0000024180e2d038]
Event: 76.778 Thread 0x00000241fd8e0310 10911       3       com.sun.javafx.webkit.prism.WCGraphicsPrismContext::isValid (39 bytes)
Event: 76.778 Thread 0x00000241fd8e0310 nmethod 10911 0x0000024180878c10 code [0x0000024180878e00, 0x00000241808795d8]
Event: 76.778 Thread 0x00000241fd8e0310 10910       3       com.sun.javafx.webkit.prism.WCGraphicsPrismContext$ContextState::setTransform (9 bytes)
Event: 76.778 Thread 0x00000241fd8e0310 nmethod 10910 0x000002418080ab90 code [0x000002418080ad40, 0x000002418080aea0]
Event: 76.779 Thread 0x00000241fd7a2f40 10912       4       javafx.scene.paint.Color::acc_getPlatformPaint (23 bytes)
Event: 76.781 Thread 0x00000241fd7a2f40 nmethod 10912 0x0000024187f3e110 code [0x0000024187f3e2c0, 0x0000024187f3e4b8]
Event: 76.858 Thread 0x00000241fd8e0310 10913       3       com.sun.prism.d3d.D3DResourceFactory::createPresentable (140 bytes)
Event: 76.859 Thread 0x00000241fd8e0310 nmethod 10913 0x0000024181454f90 code [0x0000024181455200, 0x0000024181455e98]
Event: 76.879 Thread 0x00000241fd8e0310 10914  s    3       jdk.internal.ref.Cleaner::remove (89 bytes)
Event: 76.880 Thread 0x00000241fd8e0310 nmethod 10914 0x000002418013da90 code [0x000002418013dc60, 0x000002418013e270]
Event: 76.880 Thread 0x00000241fd8e0310 10915       3       java.nio.DirectByteBuffer$Deallocator::run (38 bytes)
Event: 76.880 Thread 0x00000241fd8e0310 nmethod 10915 0x0000024180104110 code [0x0000024180104300, 0x0000024180104730]
Event: 76.937 Thread 0x00000241fd7a2f40 10916       4       com.sun.prism.impl.ps.BaseShaderGraphics::len (39 bytes)
Event: 76.937 Thread 0x00000241fd7a2f40 nmethod 10916 0x0000024187f3de10 code [0x0000024187f3dfc0, 0x0000024187f3e090]

GC Heap History (20 events):
Event: 64.045 GC heap before
{Heap before GC invocations=83 (full 0):
 garbage-first heap   total 182272K, used 156297K [0x0000000705200000, 0x0000000800000000)
  region size 2048K, 28 young (57344K), 2 survivors (4096K)
 Metaspace       used 38312K, committed 38912K, reserved 1114112K
  class space    used 4562K, committed 4864K, reserved 1048576K
}
Event: 64.048 GC heap after
{Heap after GC invocations=84 (full 0):
 garbage-first heap   total 182272K, used 107057K [0x0000000705200000, 0x0000000800000000)
  region size 2048K, 3 young (6144K), 3 survivors (6144K)
 Metaspace       used 38312K, committed 38912K, reserved 1114112K
  class space    used 4562K, committed 4864K, reserved 1048576K
}
Event: 65.753 GC heap before
{Heap before GC invocations=84 (full 0):
 garbage-first heap   total 182272K, used 162353K [0x0000000705200000, 0x0000000800000000)
  region size 2048K, 31 young (63488K), 3 survivors (6144K)
 Metaspace       used 38313K, committed 38912K, reserved 1114112K
  class space    used 4562K, committed 4864K, reserved 1048576K
}
Event: 65.757 GC heap after
{Heap after GC invocations=85 (full 0):
 garbage-first heap   total 182272K, used 107140K [0x0000000705200000, 0x0000000800000000)
  region size 2048K, 3 young (6144K), 3 survivors (6144K)
 Metaspace       used 38313K, committed 38912K, reserved 1114112K
  class space    used 4562K, committed 4864K, reserved 1048576K
}
Event: 67.422 GC heap before
{Heap before GC invocations=85 (full 0):
 garbage-first heap   total 182272K, used 162436K [0x0000000705200000, 0x0000000800000000)
  region size 2048K, 31 young (63488K), 3 survivors (6144K)
 Metaspace       used 38313K, committed 38912K, reserved 1114112K
  class space    used 4562K, committed 4864K, reserved 1048576K
}
Event: 67.425 GC heap after
{Heap after GC invocations=86 (full 0):
 garbage-first heap   total 182272K, used 110106K [0x0000000705200000, 0x0000000800000000)
  region size 2048K, 3 young (6144K), 3 survivors (6144K)
 Metaspace       used 38313K, committed 38912K, reserved 1114112K
  class space    used 4562K, committed 4864K, reserved 1048576K
}
Event: 68.984 GC heap before
{Heap before GC invocations=87 (full 0):
 garbage-first heap   total 192512K, used 161306K [0x0000000705200000, 0x0000000800000000)
  region size 2048K, 29 young (59392K), 3 survivors (6144K)
 Metaspace       used 38313K, committed 38912K, reserved 1114112K
  class space    used 4562K, committed 4864K, reserved 1048576K
}
Event: 68.988 GC heap after
{Heap after GC invocations=88 (full 0):
 garbage-first heap   total 192512K, used 112516K [0x0000000705200000, 0x0000000800000000)
  region size 2048K, 4 young (8192K), 4 survivors (8192K)
 Metaspace       used 38313K, committed 38912K, reserved 1114112K
  class space    used 4562K, committed 4864K, reserved 1048576K
}
Event: 70.724 GC heap before
{Heap before GC invocations=88 (full 0):
 garbage-first heap   total 192512K, used 167812K [0x0000000705200000, 0x0000000800000000)
  region size 2048K, 32 young (65536K), 4 survivors (8192K)
 Metaspace       used 38314K, committed 38912K, reserved 1114112K
  class space    used 4562K, committed 4864K, reserved 1048576K
}
Event: 70.728 GC heap after
{Heap after GC invocations=89 (full 0):
 garbage-first heap   total 192512K, used 111566K [0x0000000705200000, 0x0000000800000000)
  region size 2048K, 3 young (6144K), 3 survivors (6144K)
 Metaspace       used 38314K, committed 38912K, reserved 1114112K
  class space    used 4562K, committed 4864K, reserved 1048576K
}
Event: 73.522 GC heap before
{Heap before GC invocations=89 (full 0):
 garbage-first heap   total 192512K, used 170958K [0x0000000705200000, 0x0000000800000000)
  region size 2048K, 33 young (67584K), 3 survivors (6144K)
 Metaspace       used 38314K, committed 38912K, reserved 1114112K
  class space    used 4562K, committed 4864K, reserved 1048576K
}
Event: 73.528 GC heap after
{Heap after GC invocations=90 (full 0):
 garbage-first heap   total 217088K, used 148666K [0x0000000705200000, 0x0000000800000000)
  region size 2048K, 5 young (10240K), 5 survivors (10240K)
 Metaspace       used 38314K, committed 38912K, reserved 1114112K
  class space    used 4562K, committed 4864K, reserved 1048576K
}
Event: 75.599 GC heap before
{Heap before GC invocations=91 (full 0):
 garbage-first heap   total 253952K, used 177338K [0x0000000705200000, 0x0000000800000000)
  region size 2048K, 20 young (40960K), 5 survivors (10240K)
 Metaspace       used 38314K, committed 38912K, reserved 1114112K
  class space    used 4562K, committed 4864K, reserved 1048576K
}
Event: 75.604 GC heap after
{Heap after GC invocations=92 (full 0):
 garbage-first heap   total 253952K, used 179076K [0x0000000705200000, 0x0000000800000000)
  region size 2048K, 3 young (6144K), 3 survivors (6144K)
 Metaspace       used 38314K, committed 38912K, reserved 1114112K
  class space    used 4562K, committed 4864K, reserved 1048576K
}
Event: 76.635 GC heap before
{Heap before GC invocations=92 (full 0):
 garbage-first heap   total 253952K, used 205700K [0x0000000705200000, 0x0000000800000000)
  region size 2048K, 17 young (34816K), 3 survivors (6144K)
 Metaspace       used 38314K, committed 38912K, reserved 1114112K
  class space    used 4562K, committed 4864K, reserved 1048576K
}
Event: 76.639 GC heap after
{Heap after GC invocations=93 (full 0):
 garbage-first heap   total 253952K, used 197508K [0x0000000705200000, 0x0000000800000000)
  region size 2048K, 3 young (6144K), 3 survivors (6144K)
 Metaspace       used 38314K, committed 38912K, reserved 1114112K
  class space    used 4562K, committed 4864K, reserved 1048576K
}
Event: 76.746 GC heap before
{Heap before GC invocations=93 (full 0):
 garbage-first heap   total 253952K, used 215940K [0x0000000705200000, 0x0000000800000000)
  region size 2048K, 13 young (26624K), 3 survivors (6144K)
 Metaspace       used 38316K, committed 38912K, reserved 1114112K
  class space    used 4562K, committed 4864K, reserved 1048576K
}
Event: 76.749 GC heap after
{Heap after GC invocations=94 (full 0):
 garbage-first heap   total 253952K, used 202298K [0x0000000705200000, 0x0000000800000000)
  region size 2048K, 2 young (4096K), 2 survivors (4096K)
 Metaspace       used 38316K, committed 38912K, reserved 1114112K
  class space    used 4562K, committed 4864K, reserved 1048576K
}
Event: 76.876 GC heap before
{Heap before GC invocations=94 (full 0):
 garbage-first heap   total 253952K, used 222778K [0x0000000705200000, 0x0000000800000000)
  region size 2048K, 12 young (24576K), 2 survivors (4096K)
 Metaspace       used 38320K, committed 38912K, reserved 1114112K
  class space    used 4562K, committed 4864K, reserved 1048576K
}
Event: 76.879 GC heap after
{Heap after GC invocations=95 (full 0):
 garbage-first heap   total 253952K, used 207507K [0x0000000705200000, 0x0000000800000000)
  region size 2048K, 2 young (4096K), 2 survivors (4096K)
 Metaspace       used 38320K, committed 38912K, reserved 1114112K
  class space    used 4562K, committed 4864K, reserved 1048576K
}

Dll operation events (20 events):
Event: 0.288 Loaded shared library C:\Users\wassi\.openjfx\cache\17.0.6\api-ms-win-crt-runtime-l1-1-0.dll
Event: 0.289 Loaded shared library C:\Users\wassi\.openjfx\cache\17.0.6\api-ms-win-crt-stdio-l1-1-0.dll
Event: 0.291 Loaded shared library C:\Users\wassi\.openjfx\cache\17.0.6\api-ms-win-crt-string-l1-1-0.dll
Event: 0.292 Loaded shared library C:\Users\wassi\.openjfx\cache\17.0.6\api-ms-win-crt-time-l1-1-0.dll
Event: 0.292 Loaded shared library C:\Users\wassi\.openjfx\cache\17.0.6\api-ms-win-crt-utility-l1-1-0.dll
Event: 0.301 Loaded shared library C:\Users\wassi\.openjfx\cache\17.0.6\ucrtbase.dll
Event: 0.303 Loaded shared library C:\Users\wassi\.openjfx\cache\17.0.6\vcruntime140.dll
Event: 0.305 Loaded shared library C:\Users\wassi\.openjfx\cache\17.0.6\vcruntime140_1.dll
Event: 0.310 Loaded shared library C:\Users\wassi\.openjfx\cache\17.0.6\msvcp140.dll
Event: 0.311 Loaded shared library C:\Users\wassi\.openjfx\cache\17.0.6\msvcp140_1.dll
Event: 0.314 Loaded shared library C:\Users\wassi\.openjfx\cache\17.0.6\msvcp140_2.dll
Event: 0.333 Loaded shared library C:\Users\wassi\.openjfx\cache\17.0.6\prism_d3d.dll
Event: 0.411 Loaded shared library C:\Users\wassi\.openjfx\cache\17.0.6\glass.dll
Event: 0.491 Loaded shared library C:\Users\wassi\.jdks\openjdk-21.0.1\bin\jimage.dll
Event: 0.498 Loaded shared library C:\Users\wassi\.jdks\openjdk-21.0.1\bin\prefs.dll
Event: 0.758 Loaded shared library C:\Users\wassi\.openjfx\cache\17.0.6\javafx_font.dll
Event: 1.029 Loaded shared library C:\Users\wassi\.jdks\openjdk-21.0.1\bin\sunmscapi.dll
Event: 2.982 Loaded shared library C:\Users\wassi\Downloads\opencv\build\java\x64\opencv_java451.dll
Event: 15.989 Loaded shared library C:\Users\wassi\.openjfx\cache\17.0.6\jfxwebkit.dll
Event: 16.023 Loaded shared library C:\Users\wassi\.openjfx\cache\17.0.6\javafx_iio.dll

Deoptimization events (20 events):
Event: 44.373 Thread 0x00000241fe92c7d0 DEOPT PACKING pc=0x0000024180d5107a sp=0x000000d1e230cf10
Event: 44.373 Thread 0x00000241fe92c7d0 DEOPT UNPACKING pc=0x00000241874a4e42 sp=0x000000d1e230c498 mode 0
Event: 44.892 Thread 0x00000241fe92c7d0 DEOPT PACKING pc=0x00000241808f013f sp=0x000000d1e230c830
Event: 44.892 Thread 0x00000241fe92c7d0 DEOPT UNPACKING pc=0x00000241874a4e42 sp=0x000000d1e230bdc0 mode 0
Event: 44.972 Thread 0x00000241fe92c7d0 Uncommon trap: trap_request=0xfffffff4 fr.pc=0x0000024188102c4c relative=0x00000000000022cc
Event: 44.972 Thread 0x00000241fe92c7d0 Uncommon trap: reason=null_check action=make_not_entrant pc=0x0000024188102c4c method=com.mysql.cj.jdbc.JdbcPropertySetImpl.postInitialization()V @ 50 c2
Event: 44.972 Thread 0x00000241fe92c7d0 DEOPT PACKING pc=0x0000024188102c4c sp=0x000000d1e230c900
Event: 44.972 Thread 0x00000241fe92c7d0 DEOPT UNPACKING pc=0x00000241874a46a2 sp=0x000000d1e230c858 mode 2
Event: 45.302 Thread 0x00000241fe92c7d0 Uncommon trap: trap_request=0xfffffff4 fr.pc=0x00000241880f4c14 relative=0x0000000000001694
Event: 45.302 Thread 0x00000241fe92c7d0 Uncommon trap: reason=null_check action=make_not_entrant pc=0x00000241880f4c14 method=com.mysql.cj.jdbc.JdbcPropertySetImpl.postInitialization()V @ 50 c2
Event: 45.302 Thread 0x00000241fe92c7d0 DEOPT PACKING pc=0x00000241880f4c14 sp=0x000000d1e230c900
Event: 45.302 Thread 0x00000241fe92c7d0 DEOPT UNPACKING pc=0x00000241874a46a2 sp=0x000000d1e230c858 mode 2
Event: 57.287 Thread 0x00000241fe92c7d0 Uncommon trap: trap_request=0xffffff54 fr.pc=0x0000024187f3f7b0 relative=0x0000000000006450
Event: 57.287 Thread 0x00000241fe92c7d0 Uncommon trap: reason=speculate_null_assert action=make_not_entrant pc=0x0000024187f3f7b0 method=javafx.scene.CssStyleHelper.transitionToState(Ljavafx/scene/Node;)V @ 498 c2
Event: 57.287 Thread 0x00000241fe92c7d0 DEOPT PACKING pc=0x0000024187f3f7b0 sp=0x000000d1e230ca80
Event: 57.287 Thread 0x00000241fe92c7d0 DEOPT UNPACKING pc=0x00000241874a46a2 sp=0x000000d1e230ca20 mode 2
Event: 76.901 Thread 0x00000241fe92c7d0 Uncommon trap: trap_request=0xffffffbe fr.pc=0x0000024188116100 relative=0x0000000000001320
Event: 76.901 Thread 0x00000241fe92c7d0 Uncommon trap: reason=profile_predicate action=maybe_recompile pc=0x0000024188116100 method=java.util.concurrent.locks.AbstractQueuedSynchronizer.acquire(Ljava/util/concurrent/locks/AbstractQueuedSynchronizer$Node;IZZZJ)I @ 20 c2
Event: 76.901 Thread 0x00000241fe92c7d0 DEOPT PACKING pc=0x0000024188116100 sp=0x000000d1e230cd80
Event: 76.901 Thread 0x00000241fe92c7d0 DEOPT UNPACKING pc=0x00000241874a46a2 sp=0x000000d1e230cd20 mode 2

Classes loaded (20 events):
Event: 16.560 Loading class java/util/zip/GZIPInputStream$1
Event: 16.560 Loading class java/util/zip/GZIPInputStream$1 done
Event: 17.582 Loading class java/util/zip/DataFormatException
Event: 17.582 Loading class java/util/zip/DataFormatException done
Event: 17.743 Loading class java/nio/file/TempFileHelper
Event: 17.743 Loading class java/nio/file/TempFileHelper done
Event: 21.764 Loading class java/util/concurrent/atomic/AtomicReferenceFieldUpdater
Event: 21.764 Loading class java/util/concurrent/atomic/AtomicReferenceFieldUpdater done
Event: 21.764 Loading class java/util/concurrent/atomic/AtomicReferenceFieldUpdater$AtomicReferenceFieldUpdaterImpl
Event: 21.764 Loading class java/util/concurrent/atomic/AtomicReferenceFieldUpdater$AtomicReferenceFieldUpdaterImpl done
Event: 21.764 Loading class java/util/concurrent/atomic/AtomicReferenceFieldUpdater$AtomicReferenceFieldUpdaterImpl$1
Event: 21.764 Loading class java/util/concurrent/atomic/AtomicReferenceFieldUpdater$AtomicReferenceFieldUpdaterImpl$1 done
Event: 21.764 Loading class sun/reflect/misc/ReflectUtil
Event: 21.764 Loading class sun/reflect/misc/ReflectUtil done
Event: 37.727 Loading class java/lang/Throwable$WrappedPrintStream
Event: 37.727 Loading class java/lang/Throwable$PrintStreamOrWriter
Event: 37.727 Loading class java/lang/Throwable$PrintStreamOrWriter done
Event: 37.727 Loading class java/lang/Throwable$WrappedPrintStream done
Event: 47.737 Loading class java/util/concurrent/CompletionException
Event: 47.737 Loading class java/util/concurrent/CompletionException done

Classes unloaded (0 events):
No events

Classes redefined (0 events):
No events

Internal exceptions (20 events):
Event: 76.861 Thread 0x00000241fe92c7d0 Exception <a 'java/lang/StackOverflowError'{0x00000007fefa4f48}> (0x00000007fefa4f48) 
thrown [s\open\src\hotspot\share\runtime\sharedRuntime.cpp, line 625]
Event: 76.865 Thread 0x00000241fe92c7d0 StackOverflowError at 0x0000024187f4dba0
Event: 76.866 Thread 0x00000241fe92c7d0 Exception <a 'java/lang/StackOverflowError'{0x0000000714c63390}> (0x0000000714c63390) 
thrown [s\open\src\hotspot\share\runtime\sharedRuntime.cpp, line 625]
Event: 76.870 Thread 0x00000241fe92c7d0 StackOverflowError at 0x0000024187f4dba0
Event: 76.870 Thread 0x00000241fe92c7d0 Exception <a 'java/lang/StackOverflowError'{0x0000000714d22a98}> (0x0000000714d22a98) 
thrown [s\open\src\hotspot\share\runtime\sharedRuntime.cpp, line 625]
Event: 76.875 Thread 0x00000241fe92c7d0 StackOverflowError at 0x0000024187f4dba0
Event: 76.875 Thread 0x00000241fe92c7d0 Exception <a 'java/lang/StackOverflowError'{0x0000000714de0998}> (0x0000000714de0998) 
thrown [s\open\src\hotspot\share\runtime\sharedRuntime.cpp, line 625]
Event: 76.884 Thread 0x00000241fe92c7d0 StackOverflowError at 0x0000024187f4dba0
Event: 76.884 Thread 0x00000241fe92c7d0 Exception <a 'java/lang/StackOverflowError'{0x00000007ffec2ee8}> (0x00000007ffec2ee8) 
thrown [s\open\src\hotspot\share\runtime\sharedRuntime.cpp, line 625]
Event: 76.889 Thread 0x00000241fe92c7d0 StackOverflowError at 0x0000024187f4dba0
Event: 76.889 Thread 0x00000241fe92c7d0 Exception <a 'java/lang/StackOverflowError'{0x00000007fff82540}> (0x00000007fff82540) 
thrown [s\open\src\hotspot\share\runtime\sharedRuntime.cpp, line 625]
Event: 76.933 Thread 0x00000241fe92c7d0 StackOverflowError at 0x0000024187f4dba0
Event: 76.933 Thread 0x00000241fe92c7d0 Exception <a 'java/lang/StackOverflowError'{0x00000007ffd7b1d8}> (0x00000007ffd7b1d8) 
thrown [s\open\src\hotspot\share\runtime\sharedRuntime.cpp, line 625]
Event: 76.947 Thread 0x00000241fe92c7d0 StackOverflowError at 0x0000024187f4dba0
Event: 76.947 Thread 0x00000241fe92c7d0 Exception <a 'java/lang/StackOverflowError'{0x00000007ffa4a600}> (0x00000007ffa4a600) 
thrown [s\open\src\hotspot\share\runtime\sharedRuntime.cpp, line 625]
Event: 76.952 Thread 0x00000241fe92c7d0 Exception <a 'java/lang/StackOverflowError'{0x00000007ffb0ba30}> (0x00000007ffb0ba30) 
thrown [s\open\src\hotspot\share\runtime\javaCalls.cpp, line 386]
Event: 76.952 Thread 0x00000241fe92c7d0 Exception <a 'java/lang/StackOverflowError'{0x00000007ffb11058}> (0x00000007ffb11058) 
thrown [s\open\src\hotspot\share\runtime\javaCalls.cpp, line 386]
Event: 76.952 Thread 0x00000241fe92c7d0 Exception <a 'java/lang/StackOverflowError'{0x00000007ffb166b0}> (0x00000007ffb166b0) 
thrown [s\open\src\hotspot\share\runtime\javaCalls.cpp, line 386]
Event: 76.952 Thread 0x00000241fe92c7d0 Exception <a 'java/lang/StackOverflowError'{0x00000007ffb166b0}> (0x00000007ffb166b0) 
thrown [s\open\src\hotspot\share\prims\jni.cpp, line 900]
Event: 76.952 Thread 0x00000241fe92c7d0 Exception <a 'java/lang/StackOverflowError'{0x00000007ffb1bcd8}> (0x00000007ffb1bcd8) 
thrown [s\open\src\hotspot\share\runtime\javaCalls.cpp, line 386]

ZGC Phase Switch (0 events):
No events

VM Operations (20 events):
Event: 70.724 Executing VM operation: G1CollectForAllocation (G1 Evacuation Pause)
Event: 70.728 Executing VM operation: G1CollectForAllocation (G1 Evacuation Pause) done
Event: 73.522 Executing VM operation: G1CollectForAllocation (G1 Evacuation Pause)
Event: 73.528 Executing VM operation: G1CollectForAllocation (G1 Evacuation Pause) done
Event: 73.585 Executing VM operation: G1PauseRemark
Event: 73.589 Executing VM operation: G1PauseRemark done
Event: 73.633 Executing VM operation: G1PauseCleanup
Event: 73.633 Executing VM operation: G1PauseCleanup done
Event: 75.599 Executing VM operation: G1CollectForAllocation (G1 Evacuation Pause)
Event: 75.604 Executing VM operation: G1CollectForAllocation (G1 Evacuation Pause) done
Event: 76.604 Executing VM operation: Cleanup
Event: 76.604 Executing VM operation: Cleanup done
Event: 76.635 Executing VM operation: G1CollectForAllocation (G1 Evacuation Pause)
Event: 76.639 Executing VM operation: G1CollectForAllocation (G1 Evacuation Pause) done
Event: 76.746 Executing VM operation: G1CollectForAllocation (G1 Evacuation Pause)
Event: 76.749 Executing VM operation: G1CollectForAllocation (G1 Evacuation Pause) done
Event: 76.876 Executing VM operation: G1CollectForAllocation (G1 Evacuation Pause)
Event: 76.879 Executing VM operation: G1CollectForAllocation (G1 Evacuation Pause) done
Event: 76.941 Executing VM operation: G1PauseRemark
Event: 76.945 Executing VM operation: G1PauseRemark done

Events (20 events):
Event: 76.387 Thread 0x0000024250d30400 Thread exited: 0x0000024250d30400
Event: 76.412 Thread 0x00000242515da6f0 Thread added: 0x00000242515da6f0
Event: 76.477 Thread 0x000002424e41e6c0 Thread exited: 0x000002424e41e6c0
Event: 76.500 Thread 0x00000242554e3580 Thread added: 0x00000242554e3580
Event: 76.500 Thread 0x00000242554e3580 Thread exited: 0x00000242554e3580
Event: 76.508 Thread 0x00000241dfb4dd60 Thread added: 0x00000241dfb4dd60
Event: 76.573 Thread 0x000002425456b850 Thread exited: 0x000002425456b850
Event: 76.577 Thread 0x000002424f226a10 Thread added: 0x000002424f226a10
Event: 76.652 Thread 0x00000241e9273230 Thread added: 0x00000241e9273230
Event: 76.657 Thread 0x0000024256676f50 Thread exited: 0x0000024256676f50
Event: 76.723 Thread 0x00000241fe488910 Thread added: 0x00000241fe488910
Event: 76.745 Thread 0x00000241e958b7c0 Thread exited: 0x00000241e958b7c0
Event: 76.798 Thread 0x00000242515dad80 Thread added: 0x00000242515dad80
Event: 76.829 Thread 0x00000242566775e0 Thread exited: 0x00000242566775e0
Event: 76.880 Thread 0x000002425567c2c0 Thread added: 0x000002425567c2c0
Event: 76.912 Thread 0x00000241e9589060 Thread exited: 0x00000241e9589060
Event: 76.945 Thread 0x00000241fd769900 flushing nmethod 0x0000024180918190
Event: 76.945 Thread 0x00000241fd769900 flushing nmethod 0x00000241809d1c10
Event: 76.945 Thread 0x00000241fd769900 flushing nmethod 0x000002418085f410
Event: 76.945 Thread 0x00000241fd769900 flushing nmethod 0x0000024180384a90


Dynamic libraries:
0x00007ff7c30b0000 - 0x00007ff7c30be000 	C:\Users\wassi\.jdks\openjdk-21.0.1\bin\java.exe
0x00007ffe1d800000 - 0x00007ffe1da63000 	C:\WINDOWS\SYSTEM32\ntdll.dll
0x00007ffe1c550000 - 0x00007ffe1c617000 	C:\WINDOWS\System32\KERNEL32.DLL
0x00007ffe1ae50000 - 0x00007ffe1b219000 	C:\WINDOWS\System32\KERNELBASE.dll
0x00007ffe1b220000 - 0x00007ffe1b36c000 	C:\WINDOWS\System32\ucrtbase.dll
0x00007ffe11970000 - 0x00007ffe11988000 	C:\Users\wassi\.jdks\openjdk-21.0.1\bin\jli.dll
0x00007ffe13900000 - 0x00007ffe1391b000 	C:\Users\wassi\.jdks\openjdk-21.0.1\bin\VCRUNTIME140.dll
0x00007ffe1d540000 - 0x00007ffe1d70a000 	C:\WINDOWS\System32\USER32.dll
0x00007ffdf8f10000 - 0x00007ffdf91a0000 	C:\WINDOWS\WinSxS\amd64_microsoft.windows.common-controls_6595b64144ccf1df_6.0.26100.3323_none_3e088096e3344490\COMCTL32.dll
0x00007ffe1aa00000 - 0x00007ffe1aa27000 	C:\WINDOWS\System32\win32u.dll
0x00007ffe1ca40000 - 0x00007ffe1cae9000 	C:\WINDOWS\System32\msvcrt.dll
0x00007ffe1cd00000 - 0x00007ffe1cd2a000 	C:\WINDOWS\System32\GDI32.dll
0x00007ffe1abb0000 - 0x00007ffe1ace1000 	C:\WINDOWS\System32\gdi32full.dll
0x00007ffe1b570000 - 0x00007ffe1b613000 	C:\WINDOWS\System32\msvcp_win.dll
0x00007ffe1cbd0000 - 0x00007ffe1cbff000 	C:\WINDOWS\System32\IMM32.DLL
0x00007ffe12410000 - 0x00007ffe1241c000 	C:\Users\wassi\.jdks\openjdk-21.0.1\bin\vcruntime140_1.dll
0x00007ffdf96a0000 - 0x00007ffdf972e000 	C:\Users\wassi\.jdks\openjdk-21.0.1\bin\msvcp140.dll
0x00007ffdcd320000 - 0x00007ffdce035000 	C:\Users\wassi\.jdks\openjdk-21.0.1\bin\server\jvm.dll
0x00007ffe1b620000 - 0x00007ffe1b6d2000 	C:\WINDOWS\System32\ADVAPI32.dll
0x00007ffe1d000000 - 0x00007ffe1d0a6000 	C:\WINDOWS\System32\sechost.dll
0x00007ffe1cee0000 - 0x00007ffe1cff6000 	C:\WINDOWS\System32\RPCRT4.dll
0x00007ffe1cc80000 - 0x00007ffe1ccf4000 	C:\WINDOWS\System32\WS2_32.dll
0x00007ffe196b0000 - 0x00007ffe196fe000 	C:\WINDOWS\SYSTEM32\POWRPROF.dll
0x00007ffe0e240000 - 0x00007ffe0e276000 	C:\WINDOWS\SYSTEM32\WINMM.dll
0x00007ffe10b50000 - 0x00007ffe10b5b000 	C:\WINDOWS\SYSTEM32\VERSION.dll
0x00007ffe19690000 - 0x00007ffe196a4000 	C:\WINDOWS\SYSTEM32\UMPDC.dll
0x00007ffe19890000 - 0x00007ffe198aa000 	C:\WINDOWS\SYSTEM32\kernel.appcore.dll
0x00007ffe11910000 - 0x00007ffe1191a000 	C:\Users\wassi\.jdks\openjdk-21.0.1\bin\jimage.dll
0x00007ffe18150000 - 0x00007ffe18391000 	C:\WINDOWS\SYSTEM32\DBGHELP.DLL
0x00007ffe1b700000 - 0x00007ffe1ba82000 	C:\WINDOWS\System32\combase.dll
0x00007ffe1caf0000 - 0x00007ffe1cbc6000 	C:\WINDOWS\System32\OLEAUT32.dll
0x00007ffdef700000 - 0x00007ffdef739000 	C:\WINDOWS\SYSTEM32\dbgcore.DLL
0x00007ffe1acf0000 - 0x00007ffe1ad89000 	C:\WINDOWS\System32\bcryptPrimitives.dll
0x00007ffe116c0000 - 0x00007ffe116cf000 	C:\Users\wassi\.jdks\openjdk-21.0.1\bin\instrument.dll
0x00007ffe116d0000 - 0x00007ffe116ef000 	C:\Users\wassi\.jdks\openjdk-21.0.1\bin\java.dll
0x00007ffe1bad0000 - 0x00007ffe1c1e5000 	C:\WINDOWS\System32\SHELL32.dll
0x00007ffe1b370000 - 0x00007ffe1b4d8000 	C:\WINDOWS\System32\wintypes.dll
0x00007ffe18720000 - 0x00007ffe18f65000 	C:\WINDOWS\SYSTEM32\windows.storage.dll
0x00007ffe1c370000 - 0x00007ffe1c45b000 	C:\WINDOWS\System32\SHCORE.dll
0x00007ffe1cc10000 - 0x00007ffe1cc6d000 	C:\WINDOWS\System32\shlwapi.dll
0x00007ffe1a910000 - 0x00007ffe1a93f000 	C:\WINDOWS\SYSTEM32\profapi.dll
0x00007ffdf1aa0000 - 0x00007ffdf1b77000 	C:\Users\wassi\.jdks\openjdk-21.0.1\bin\jsvml.dll
0x00007ffe116b0000 - 0x00007ffe116c0000 	C:\Users\wassi\.jdks\openjdk-21.0.1\bin\net.dll
0x00007ffe12840000 - 0x00007ffe1295e000 	C:\WINDOWS\SYSTEM32\WINHTTP.dll
0x00007ffe19e50000 - 0x00007ffe19eba000 	C:\WINDOWS\system32\mswsock.dll
0x00007ffe07750000 - 0x00007ffe07766000 	C:\Users\wassi\.jdks\openjdk-21.0.1\bin\nio.dll
0x00007ffe07730000 - 0x00007ffe07748000 	C:\Users\wassi\.jdks\openjdk-21.0.1\bin\zip.dll
0x00007ffe075b0000 - 0x00007ffe075ca000 	C:\Program Files\JetBrains\IntelliJ IDEA 2024.2.44\bin\breakgen64.dll
0x00000241ec4d0000 - 0x00000241ec4d3000 	C:\Users\wassi\.openjfx\cache\17.0.6\api-ms-win-core-console-l1-1-0.dll
0x00000241ec4e0000 - 0x00000241ec4e3000 	C:\Users\wassi\.openjfx\cache\17.0.6\api-ms-win-core-console-l1-2-0.dll
0x00000241ec4f0000 - 0x00000241ec4f3000 	C:\Users\wassi\.openjfx\cache\17.0.6\api-ms-win-core-datetime-l1-1-0.dll
0x00000241ec500000 - 0x00000241ec503000 	C:\Users\wassi\.openjfx\cache\17.0.6\api-ms-win-core-debug-l1-1-0.dll
0x00000241ec510000 - 0x00000241ec513000 	C:\Users\wassi\.openjfx\cache\17.0.6\api-ms-win-core-errorhandling-l1-1-0.dll
0x00000241ff590000 - 0x00000241ff594000 	C:\Users\wassi\.openjfx\cache\17.0.6\api-ms-win-core-file-l1-1-0.dll
0x00000241ff5a0000 - 0x00000241ff5a3000 	C:\Users\wassi\.openjfx\cache\17.0.6\api-ms-win-core-file-l1-2-0.dll
0x00000241ff5b0000 - 0x00000241ff5b3000 	C:\Users\wassi\.openjfx\cache\17.0.6\api-ms-win-core-file-l2-1-0.dll
0x00000241ff5c0000 - 0x00000241ff5c3000 	C:\Users\wassi\.openjfx\cache\17.0.6\api-ms-win-core-handle-l1-1-0.dll
0x00000241ff5d0000 - 0x00000241ff5d3000 	C:\Users\wassi\.openjfx\cache\17.0.6\api-ms-win-core-heap-l1-1-0.dll
0x00000241ff5e0000 - 0x00000241ff5e3000 	C:\Users\wassi\.openjfx\cache\17.0.6\api-ms-win-core-interlocked-l1-1-0.dll
0x00000241ff5f0000 - 0x00000241ff5f3000 	C:\Users\wassi\.openjfx\cache\17.0.6\api-ms-win-core-libraryloader-l1-1-0.dll
0x00000241ff600000 - 0x00000241ff603000 	C:\Users\wassi\.openjfx\cache\17.0.6\api-ms-win-core-localization-l1-2-0.dll
0x00000241ff610000 - 0x00000241ff613000 	C:\Users\wassi\.openjfx\cache\17.0.6\api-ms-win-core-memory-l1-1-0.dll
0x00000241ff620000 - 0x00000241ff623000 	C:\Users\wassi\.openjfx\cache\17.0.6\api-ms-win-core-namedpipe-l1-1-0.dll
0x00000241ff630000 - 0x00000241ff633000 	C:\Users\wassi\.openjfx\cache\17.0.6\api-ms-win-core-processenvironment-l1-1-0.dll
0x00000241ff640000 - 0x00000241ff643000 	C:\Users\wassi\.openjfx\cache\17.0.6\api-ms-win-core-processthreads-l1-1-0.dll
0x00000241ff650000 - 0x00000241ff653000 	C:\Users\wassi\.openjfx\cache\17.0.6\api-ms-win-core-processthreads-l1-1-1.dll
0x00000241ff660000 - 0x00000241ff663000 	C:\Users\wassi\.openjfx\cache\17.0.6\api-ms-win-core-profile-l1-1-0.dll
0x00000241ff670000 - 0x00000241ff673000 	C:\Users\wassi\.openjfx\cache\17.0.6\api-ms-win-core-rtlsupport-l1-1-0.dll
0x00000241ff680000 - 0x00000241ff683000 	C:\Users\wassi\.openjfx\cache\17.0.6\api-ms-win-core-string-l1-1-0.dll
0x00000241ff690000 - 0x00000241ff693000 	C:\Users\wassi\.openjfx\cache\17.0.6\api-ms-win-core-synch-l1-1-0.dll
0x00000241ff6a0000 - 0x00000241ff6a3000 	C:\Users\wassi\.openjfx\cache\17.0.6\api-ms-win-core-synch-l1-2-0.dll
0x00000241ff6b0000 - 0x00000241ff6b3000 	C:\Users\wassi\.openjfx\cache\17.0.6\api-ms-win-core-sysinfo-l1-1-0.dll
0x00000241ff6c0000 - 0x00000241ff6c3000 	C:\Users\wassi\.openjfx\cache\17.0.6\api-ms-win-core-timezone-l1-1-0.dll
0x00000241ff6d0000 - 0x00000241ff6d3000 	C:\Users\wassi\.openjfx\cache\17.0.6\api-ms-win-core-util-l1-1-0.dll
0x00000241ff6e0000 - 0x00000241ff6e3000 	C:\Users\wassi\.openjfx\cache\17.0.6\api-ms-win-crt-conio-l1-1-0.dll
0x00000241ff6f0000 - 0x00000241ff6f4000 	C:\Users\wassi\.openjfx\cache\17.0.6\api-ms-win-crt-convert-l1-1-0.dll
0x00000241ff700000 - 0x00000241ff703000 	C:\Users\wassi\.openjfx\cache\17.0.6\api-ms-win-crt-environment-l1-1-0.dll
0x00000241ff710000 - 0x00000241ff713000 	C:\Users\wassi\.openjfx\cache\17.0.6\api-ms-win-crt-filesystem-l1-1-0.dll
0x00000241ff720000 - 0x00000241ff723000 	C:\Users\wassi\.openjfx\cache\17.0.6\api-ms-win-crt-heap-l1-1-0.dll
0x00000241ff730000 - 0x00000241ff733000 	C:\Users\wassi\.openjfx\cache\17.0.6\api-ms-win-crt-locale-l1-1-0.dll
0x00000241ff740000 - 0x00000241ff745000 	C:\Users\wassi\.openjfx\cache\17.0.6\api-ms-win-crt-math-l1-1-0.dll
0x00000241ff750000 - 0x00000241ff755000 	C:\Users\wassi\.openjfx\cache\17.0.6\api-ms-win-crt-multibyte-l1-1-0.dll
0x00000241ff760000 - 0x00000241ff770000 	C:\Users\wassi\.openjfx\cache\17.0.6\api-ms-win-crt-private-l1-1-0.dll
0x00000241ff770000 - 0x00000241ff773000 	C:\Users\wassi\.openjfx\cache\17.0.6\api-ms-win-crt-process-l1-1-0.dll
0x00000241ff780000 - 0x00000241ff784000 	C:\Users\wassi\.openjfx\cache\17.0.6\api-ms-win-crt-runtime-l1-1-0.dll
0x00000241ff790000 - 0x00000241ff794000 	C:\Users\wassi\.openjfx\cache\17.0.6\api-ms-win-crt-stdio-l1-1-0.dll
0x00000241ff7a0000 - 0x00000241ff7a4000 	C:\Users\wassi\.openjfx\cache\17.0.6\api-ms-win-crt-string-l1-1-0.dll
0x00000241ff7b0000 - 0x00000241ff7b3000 	C:\Users\wassi\.openjfx\cache\17.0.6\api-ms-win-crt-time-l1-1-0.dll
0x00000241ff7c0000 - 0x00000241ff7c3000 	C:\Users\wassi\.openjfx\cache\17.0.6\api-ms-win-crt-utility-l1-1-0.dll
0x00007ffdd1190000 - 0x00007ffdd128c000 	C:\Users\wassi\.openjfx\cache\17.0.6\ucrtbase.dll
0x00007ffe07420000 - 0x00007ffe0743a000 	C:\Users\wassi\.openjfx\cache\17.0.6\vcruntime140.dll
0x00007ffe01790000 - 0x00007ffe0179c000 	C:\Users\wassi\.openjfx\cache\17.0.6\vcruntime140_1.dll
0x00007ffdd89d0000 - 0x00007ffdd8a5d000 	C:\Users\wassi\.openjfx\cache\17.0.6\msvcp140.dll
0x00007ffdfc7c0000 - 0x00007ffdfc7c9000 	C:\Users\wassi\.openjfx\cache\17.0.6\msvcp140_1.dll
0x00007ffdf9d30000 - 0x00007ffdf9d5f000 	C:\Users\wassi\.openjfx\cache\17.0.6\msvcp140_2.dll
0x00007ffdefc80000 - 0x00007ffdefcaa000 	C:\Users\wassi\.openjfx\cache\17.0.6\prism_d3d.dll
0x00007ffdf29d0000 - 0x00007ffdf2b7c000 	C:\WINDOWS\system32\d3d9.dll
0x00007ffe17820000 - 0x00007ffe17855000 	C:\WINDOWS\SYSTEM32\dwmapi.dll
0x00007ffe17b90000 - 0x00007ffe17bd7000 	C:\WINDOWS\SYSTEM32\dxcore.dll
0x00007ffe14ee0000 - 0x00007ffe14f8e000 	C:\WINDOWS\system32\uxtheme.dll
0x00007ffdc59a0000 - 0x00007ffdc5a65000 	C:\WINDOWS\SYSTEM32\d3d9on12.dll
0x00007ffe10e60000 - 0x00007ffe10e83000 	C:\WINDOWS\SYSTEM32\d3d12.dll
0x00007ffe15030000 - 0x00007ffe1515e000 	C:\WINDOWS\SYSTEM32\dxgi.dll
0x00007ffe17780000 - 0x00007ffe177dd000 	C:\WINDOWS\SYSTEM32\directxdatabasehelper.dll
0x00007ffe1a690000 - 0x00007ffe1a6ef000 	C:\WINDOWS\SYSTEM32\cfgmgr32.dll
0x00007ffdc30c0000 - 0x00007ffdc3333000 	C:\WINDOWS\SYSTEM32\D3D12Core.dll
0x00007ffde0850000 - 0x00007ffde0876000 	C:\WINDOWS\System32\DriverStore\FileRepository\iigd_dch.inf_amd64_e6d4fb7ac6a64af6\igd12umd64.dll
0x00007ffdad390000 - 0x00007ffdaf4b4000 	C:\WINDOWS\System32\DriverStore\FileRepository\iigd_dch.inf_amd64_e6d4fb7ac6a64af6\igd12um64xel.dll
0x00007ffe1aa30000 - 0x00007ffe1aba7000 	C:\WINDOWS\System32\CRYPT32.dll
0x00007ffe1c620000 - 0x00007ffe1c7b5000 	C:\WINDOWS\System32\ole32.dll
0x00007ffe1a330000 - 0x00007ffe1a356000 	C:\WINDOWS\SYSTEM32\bcrypt.dll
0x00007ffe0dff0000 - 0x00007ffe0e16b000 	C:\WINDOWS\SYSTEM32\drvstore.dll
0x00007ffde0820000 - 0x00007ffde0847000 	C:\WINDOWS\System32\DriverStore\FileRepository\iigd_dch.inf_amd64_e6d4fb7ac6a64af6\igdext64.dll
0x00007ffe0def0000 - 0x00007ffe0df8c000 	C:\WINDOWS\System32\DriverStore\FileRepository\iigd_dch.inf_amd64_e6d4fb7ac6a64af6\IntelControlLib.dll
0x00007ffe0d650000 - 0x00007ffe0da8f000 	C:\WINDOWS\System32\DriverStore\FileRepository\iigd_dch.inf_amd64_e6d4fb7ac6a64af6\igdgmm64.dll
0x00007ffe0dd20000 - 0x00007ffe0dd44000 	C:\WINDOWS\System32\DriverStore\FileRepository\iigd_dch.inf_amd64_e6d4fb7ac6a64af6\igc64.dll
0x00007ffe08de0000 - 0x00007ffe0d54b000 	C:\WINDOWS\System32\DriverStore\FileRepository\iigd_dch.inf_amd64_e6d4fb7ac6a64af6\igc1464.dll
0x00007ffddf950000 - 0x00007ffddf97e000 	C:\WINDOWS\SYSTEM32\D3DSCache.dll
0x00007ffe19ef0000 - 0x00007ffe19f1b000 	C:\WINDOWS\SYSTEM32\USERENV.dll
0x00007ffdb80e0000 - 0x00007ffdb8400000 	C:\WINDOWS\System32\DriverStore\FileRepository\iigd_dch.inf_amd64_e6d4fb7ac6a64af6\igd12dxva64.dll
0x00007ffe1d0b0000 - 0x00007ffe1d536000 	C:\WINDOWS\System32\SETUPAPI.dll
0x00007ffdf5830000 - 0x00007ffdf6bb3000 	C:\WINDOWS\System32\DriverStore\FileRepository\iigd_dch.inf_amd64_e6d4fb7ac6a64af6\igddxvacommon64.dll
0x00007ffdf3590000 - 0x00007ffdf52bb000 	C:\WINDOWS\System32\DriverStore\FileRepository\iigd_dch.inf_amd64_e6d4fb7ac6a64af6\media_bin_64.dll
0x00007ffdf33e0000 - 0x00007ffdf3407000 	C:\WINDOWS\System32\DriverStore\FileRepository\iigd_dch.inf_amd64_e6d4fb7ac6a64af6\igdinfo64.dll
0x00007ffe06fc0000 - 0x00007ffe071fb000 	C:\WINDOWS\SYSTEM32\twinapi.appcore.dll
0x00007ffddfda0000 - 0x00007ffddfde2000 	C:\Users\wassi\.openjfx\cache\17.0.6\glass.dll
0x00007ffe1c1f0000 - 0x00007ffe1c2e1000 	C:\WINDOWS\System32\COMDLG32.dll
0x00007ffe1cd30000 - 0x00007ffe1ce8b000 	C:\WINDOWS\System32\MSCTF.dll

dbghelp: loaded successfully - version: 4.0.5 - missing functions: none
symbol engine: initialized successfully - sym options: 0x614 - pdb path: .;C:\Users\wassi\.jdks\openjdk-21.0.1\bin;C:\WINDOWS\SYSTEM32;C:\WINDOWS\WinSxS\amd64_microsoft.windows.common-controls_6595b64144ccf1df_6.0.26100.3323_none_3e088096e3344490;C:\Users\wassi\.jdks\openjdk-21.0.1\bin\server;C:\Program Files\JetBrains\IntelliJ IDEA 2024.2.44\bin;C:\Users\wassi\.openjfx\cache\17.0.6;C:\WINDOWS\System32\DriverStore\FileRepository\iigd_dch.inf_amd64_e6d4fb7ac6a64af6;C:\Program Files\Common Files\Microsoft Shared\Ink;C:\Users\wassi\Downloads\opencv\build\java\x64;C:\WINDOWS\System32\DriverStore\FileRepository\nvhm.inf_amd64_869e04ea7de16f26

VM Arguments:
jvm_args: -Djava.library.path=C:\Users\wassi\Downloads\opencv\build\java\x64 -javaagent:C:\Program Files\JetBrains\IntelliJ IDEA 2024.2.44\lib\idea_rt.jar=57607:C:\Program Files\JetBrains\IntelliJ IDEA 2024.2.44\bin -Dfile.encoding=UTF-8 -Dsun.stdout.encoding=UTF-8 -Dsun.stderr.encoding=UTF-8 --module-path=C:\Users\wassi\.m2\repository\org\openpnp\opencv\4.5.1-2\opencv-4.5.1-2.jar;C:\Users\wassi\Downloads\opencv\build\java\opencv-451.jar;C:\Users\wassi\.m2\repository\org\openjfx\javafx-graphics\17.0.6\javafx-graphics-17.0.6-win.jar;C:\Users\wassi\.m2\repository\org\openjfx\javafx-controls\17.0.6\javafx-controls-17.0.6-win.jar;C:\Users\wassi\.m2\repository\org\kordamp\ikonli\ikonli-javafx\12.3.1\ikonli-javafx-12.3.1.jar;C:\Users\wassi\.m2\repository\org\openjfx\javafx-swing\17.0.2\javafx-swing-17.0.2-win.jar;C:\Users\wassi\.m2\repository\org\openjfx\javafx-base\17.0.6\javafx-base-17.0.6-win.jar;C:\Users\wassi\.m2\repository\org\openjfx\javafx-web\17.0.2\javafx-web-17.0.2-win.jar;C:\Users\wassi\.m2\repository\com\sun\mail\javax.mail\1.6.2\javax.mail-1.6.2.jar;C:\Users\wassi\.m2\repository\org\openjfx\javafx-media\17.0.2\javafx-media-17.0.2-win.jar;C:\Users\wassi\.m2\repository\org\json\json\20231013\json-20231013.jar;C:\Users\wassi\.m2\repository\org\kordamp\ikonli\ikonli-materialdesign-pack\12.3.1\ikonli-materialdesign-pack-12.3.1.jar;C:\Users\wassi\OneDrive\Bureau\GitJAVAFXproject\JavaFXproject\target\classes;C:\Users\wassi\.m2\repository\org\kordamp\ikonli\ikonli-core\12.3.1\ikonli-core-12.3.1.jar;C:\Users\wassi\.m2\repository\com\mysql\mysql-connector-j\8.0.33\mysql-connector-j-8.0.33.jar;C:\Users\wassi\.m2\repository\com\google\errorprone\error_prone_annotations\2.27.0\error_prone_annotations-2.27.0.jar;C:\Users\wassi\.m2\repository\org\openjfx\javafx-fxml\17.0.6\javafx-fxml-17.0.6-win.jar;C:\Users\wassi\.m2\repository\com\google\code\gson\gson\2.11.0\gson-2.11.0.jar;C:\Users\wassi\.m2\repository\org\kordamp\ikonli\ikonli-fontawesome5-pack\12.3.1\ikonli-fontawesome5-pack-12.3.1.jar;C:\Users\wassi\.m2\repository\org\mindrot\jbcrypt\0.4\jbcrypt-0.4.jar;C:\Users\wassi\.m2\repository\com\stripe\stripe-java\24.9.0\stripe-java-24.9.0.jar -Djdk.module.main=com.example.livecycle 
java_command: com.example.livecycle/com.example.livecycle.Main
java_class_path (initial): C:\Users\wassi\.m2\repository\org\openjfx\javafx-controls\17.0.6\javafx-controls-17.0.6.jar;C:\Users\wassi\.m2\repository\org\openjfx\javafx-fxml\17.0.6\javafx-fxml-17.0.6.jar;C:\Users\wassi\.m2\repository\mysql\mysql-connector-java\8.0.30\mysql-connector-java-8.0.30.jar;C:\Users\wassi\.m2\repository\com\google\protobuf\protobuf-java\3.19.4\protobuf-java-3.19.4.jar;C:\Users\wassi\.m2\repository\org\openjfx\javafx-web\17.0.2\javafx-web-17.0.2.jar;C:\Users\wassi\.m2\repository\org\openjfx\javafx-media\17.0.2\javafx-media-17.0.2.jar;C:\Users\wassi\.m2\repository\org\openjfx\javafx-graphics\17.0.6\javafx-graphics-17.0.6.jar;C:\Users\wassi\.m2\repository\org\openjfx\javafx-base\17.0.6\javafx-base-17.0.6.jar;C:\Users\wassi\.m2\repository\de\jensd\fontawesomefx\8.9\fontawesomefx-8.9.jar;C:\Users\wassi\.m2\repository\com\sun\net\httpserver\http\20070405\http-20070405.jar;C:\Users\wassi\.m2\repository\javax\activation\activation\1.1\activation-1.1.jar;C:\Users\wassi\.m2\repository\org\openjfx\javafx-swing\17.0.2\javafx-swing-17.0.2.jar
Launcher Type: SUN_STANDARD

[Global flags]
     intx CICompilerCount                          = 12                                        {product} {ergonomic}
     uint ConcGCThreads                            = 3                                         {product} {ergonomic}
     uint G1ConcRefinementThreads                  = 13                                        {product} {ergonomic}
   size_t G1HeapRegionSize                         = 2097152                                   {product} {ergonomic}
    uintx GCDrainStackTargetSize                   = 64                                        {product} {ergonomic}
   size_t InitialHeapSize                          = 264241152                                 {product} {ergonomic}
   size_t MarkStackSize                            = 4194304                                   {product} {ergonomic}
   size_t MaxHeapSize                              = 4208984064                                {product} {ergonomic}
   size_t MaxNewSize                               = 2524971008                                {product} {ergonomic}
   size_t MinHeapDeltaBytes                        = 2097152                                   {product} {ergonomic}
   size_t MinHeapSize                              = 8388608                                   {product} {ergonomic}
    uintx NonNMethodCodeHeapSize                   = 7602480                                {pd product} {ergonomic}
    uintx NonProfiledCodeHeapSize                  = 122027880                              {pd product} {ergonomic}
    uintx ProfiledCodeHeapSize                     = 122027880                              {pd product} {ergonomic}
    uintx ReservedCodeCacheSize                    = 251658240                              {pd product} {ergonomic}
     bool SegmentedCodeCache                       = true                                      {product} {ergonomic}
   size_t SoftMaxHeapSize                          = 4208984064                             {manageable} {ergonomic}
     bool UseCompressedOops                        = true                           {product lp64_product} {ergonomic}
     bool UseG1GC                                  = true                                      {product} {ergonomic}
     bool UseLargePagesIndividualAllocation        = false                                  {pd product} {ergonomic}

Logging:
Log output configuration:
 #0: stdout all=warning uptime,level,tags foldmultilines=false
 #1: stderr all=off uptime,level,tags foldmultilines=false

Environment Variables:
JAVA_HOME=C:\Program Files\Java\jdk-21
PATH=C:\oraclexe\app\oracle\product\11.2.0\server\bin;C:\Program Files (x86)\VMware\VMware Workstation\bin\;C:\Python312\Scripts\;C:\Python312\;C:\Program Files\Common Files\Oracle\Java\javapath;C:\Program Files (x86)\Common Files\Oracle\Java\javapath;C:\windows\system32;C:\windows;C:\windows\System32\Wbem;C:\windows\System32\WindowsPowerShell\v1.0\;C:\windows\System32\OpenSSH\;C:\Program Files\MySQL\MySQL Server 8.0\bin;C:\xampp\mysql\bin;C:\Program Files (x86)\Java\jre-1.8\bin;C:\Program Files\Java\jdk1.7.0_80\bin;C:\Program Files\Java\jdk-21\bin;C:\Program Files\Java\jdk1.8.0_281\bin;C:\hadoop\bin;C:\Program Files\MongoDB\Server\6.0\bin;C:\mongosh-2.1.1-win32-x64\bin;C:\mongodb-database-tools-windows-x86_64-100.9.3\bin;C:\scrcpy;C:\ProgramData\chocolatey\bin;C:\Program Files\HP\HP One Agent;C:\Program Files\Java\jre-1.8;C:\Program Files\OpenSSL-Win64\bin;C:\Program Files\nodejs\;C:\Program Files (x86)\NVIDIA Corporation\PhysX\Common;C:\xampp\php;C:\ProgramData\ComposerSetup\bin;C:\Program Files\Git\cmd;C:\Users\wassi\.jdks\jbr-17.0.12;C:\Program Files\NVIDIA Corporation\NVIDIA app\NvDLISR;C:\WINDOWS\system32;C:\WINDOWS;C:\WINDOWS\System32\Wbem;C:\WINDOWS\System32\WindowsPowerShell\v1.0\;C:\WINDOWS\System32\OpenSSH\;C:\xampp\php;C:\xampp\mysql\bin;C:\Users\wassi\anaconda3;C:\Users\wassi\anaconda3\Library\mingw-w64\bin;C:\Users\wassi\anaconda3\Library\usr\bin;C:\Users\wassi\anaconda3\Library\bin;C:\Users\wassi\anaconda3\Scripts;C:\Users\wassi\scoop\shims;C:\Users\wassi\AppData\Local\Programs\Python\Python311\Scripts\;C:\Users\wassi\AppData\Local\Programs\Python\Python311\;C:\Users\wassi\AppData\Local\Microsoft\WindowsApps;C:\Users\wassi\AppData\Local\Programs\Microsoft VS Code\bin;C:\Program Files (x86)\Java\jre-1.8\bin;C:\Program Files\Java\jdk1.7.0_80\bin;C:\Program Files\Java\jdk-21\bin;C:\Program Files\Java\jdk-20\bin;C:\Program Files\Java\jdk1.8.0_281\bin;C:\hadoop\bin;C:\Program Files\MongoDB\Server\6.0\bin;C:\Users\wassi\AppData\Local\GitHubDesktop\bin;C:\Users\wassi\AppData\Roaming\npm;C:\Users\wassi\AppData\Roaming\Composer\vendor\bin;C:\Program Files\JetBrains\IntelliJ IDEA 2024.2.44\bin;;C:\Users\wassi\AppData\Local\Microsoft\WindowsApps;C:\xampp\php;C:\xampp\mysql\bin;;C:\Program Files\JetBrains\PhpStorm 2025.1\bin;
USERNAME=wassi
OS=Windows_NT
PROCESSOR_IDENTIFIER=Intel64 Family 6 Model 154 Stepping 3, GenuineIntel
TMP=C:\Users\wassi\AppData\Local\Temp
TEMP=C:\Users\wassi\AppData\Local\Temp




Periodic native trim disabled

---------------  S Y S T E M  ---------------

OS:
 Windows 11 , 64 bit Build 26100 (10.0.26100.3323)
OS uptime: 1 days 16:10 hours

CPU: total 16 (initial active 16) (8 cores per cpu, 2 threads per core) family 6 model 154 stepping 3 microcode 0x434, cx8, cmov, fxsr, ht, mmx, 3dnowpref, sse, sse2, sse3, ssse3, sse4.1, sse4.2, popcnt, lzcnt, tsc, tscinvbit, avx, avx2, aes, erms, clmul, bmi1, bmi2, adx, sha, fma, vzeroupper, clflush, clflushopt, clwb, serialize, rdtscp, rdpid, fsrm, f16c, pku, cet_ibt, cet_ss
Processor Information for all 16 processors :
  Max Mhz: 2500, Current Mhz: 2500, Mhz Limit: 2500

Memory: 4k page, system-wide physical 16051M (2885M free)
TotalPageFile size 24755M (AvailPageFile size 5596M)
current process WorkingSet (physical memory assigned to process): 1080M, peak: 1080M
current process commit charge ("private bytes"): 1126M, peak: 1127M

vm_info: OpenJDK 64-Bit Server VM (21.0.1+12-29) for windows-amd64 JRE (21.0.1+12-29), built on 2023-10-05T13:27:09Z by "mach5one" with MS VC++ 17.1 (VS2022)

END.
